State,Latitude,Longitude,4/13/20,4/14/20,4/15/20,4/16/20,4/17/20,4/18/20,4/19/20,4/20/20,4/21/20,4/22/20,4/23/20,4/24/20,4/25/20,4/26/20,4/27/20,4/28/20,4/29/20,4/30/20,5/1/20,5/2/20,5/3/20,5/4/20,5/5/20,5/6/20,5/7/20,5/8/20,5/9/20,5/10/20,5/11/20,5/12/20,5/13/20,5/14/20,5/15/20,5/16/20,5/17/20,5/18/20,5/19/20,5/20/20,5/21/20,5/22/20,5/23/20,5/24/20,5/25/20,5/26/20,5/27/20,5/28/20,5/29/20,5/30/20,5/31/20,6/1/20,6/2/20,6/3/20,6/4/20,6/5/20,6/6/20,6/7/20,6/8/20,6/9/20,6/10/20,6/11/20,6/12/20,6/13/20,6/14/20,6/15/20,6/16/20,6/17/20,6/18/20,6/19/20,6/20/20,6/21/20,6/22/20,6/23/20,6/24/20,6/25/20,6/26/20,6/27/20,6/28/20,6/29/20,6/30/20,7/1/20,7/2/20,7/3/20,7/4/20,7/5/20,7/6/20,7/7/20,7/8/20,7/9/20,7/10/20,7/11/20,7/12/20,7/13/20,7/14/20,7/15/20,7/16/20,7/17/20,7/18/20,7/19/20,7/20/20,7/21/20,7/22/20,7/23/20,7/24/20,7/25/20,7/26/20,7/27/20,7/28/20,7/29/20,7/30/20,7/31/20,8/1/20,8/2/20,8/3/20,8/4/20,8/5/20,8/6/20,8/7/20,8/8/20,8/9/20,8/10/20,8/11/20,8/12/20,8/13/20,8/14/20,8/15/20,8/16/20,8/17/20,8/18/20,8/19/20,8/20/20,8/21/20,08/22/20,08/23/20,08/24/20,08/25/20,08/26/20,08/27/20,08/28/20,08/29/20,08/30/20,08/31/20,09/01/20,09/02/20,09/03/20,09/04/20,09/05/20,09/06/20,09/07/20,09/08/20,09/09/20,09/10/20,09/11/20,09/12/20,09/13/20,09/14/20,09/15/20,09/16/20,09/17/20,09/18/20,09/19/20,09/20/20,09/21/20,09/22/20,09/23/20,09/24/20,09/25/20,09/26/20,09/27/20,09/28/20,09/29/20,09/30/20,10/01/20,10/02/20,10/03/20,10/04/20,10/05/20,10/06/20,10/07/20,10/08/20,10/09/20,10/10/20,10/11/20,10/12/20,10/13/20,10/14/20,10/15/20,10/16/20,10/17/20,10/18/20,10/19/20,10/20/20,10/21/20,10/22/20,10/23/20,10/24/20,10/25/20,10/26/20,10/27/20,10/28/20,10/29/20,10/30/20,10/31/20,11/01/20,11/02/20,11/03/20,11/04/20,11/05/20,11/06/20,11/07/20,11/08/20,11/09/20,11/10/20,11/11/20,11/12/20,11/13/20,11/14/20,11/15/20,11/16/20,11/17/20,11/18/20,11/19/20,11/20/20,11/21/20,11/22/20,11/23/20,11/24/20,11/25/20,11/26/20,11/27/20,11/28/20,11/29/20,11/30/20,12/01/20,12/02/20,12/03/20,12/04/20,12/05/20,12/06/20,12/07/20,12/08/20,12/09/20,12/10/20,12/11/20,12/12/20,12/13/20,12/14/20,12/15/20,12/16/20,12/17/20,12/18/20,12/19/20,12/20/20,12/21/20,12/22/20,12/23/20,12/24/20,12/25/20,12/26/20,12/27/20,12/28/20,12/29/20,12/30/20,12/31/20,01/01/21,01/02/21,01/03/21,01/04/21,01/05/21,01/06/21,01/07/21,01/08/21,01/09/21,01/10/21,01/11/21,01/12/21,01/13/21,01/14/21,01/15/21,01/16/21,01/17/21,01/18/21,01/19/21,01/20/21,01/21/21,01/22/21,01/23/21,01/24/21,01/25/21,01/26/21,01/27/21,01/28/21,01/29/21,01/30/21,01/31/21,02/01/21,02/02/21,02/03/21,02/04/21,02/05/21,02/06/21,02/07/21,02/08/21,02/09/21,02/10/21
Alabama,32.3182,-86.9023,171,219,122,270,226,141,176,191,238,276,239,194,0,395,118,211,162,176,206,317,277,224,325,254,355,339,283,221,275,300,236,401,272,301,97,315,290,676,236,382,447,361,508,664,382,498,501,328,593,678,136,85,221,315,656,457,425,497,567,856,865,891,1014,657,640,400,894,796,547,472,433,643,967,1142,977,900,358,1734,870,917,1149,1754,997,1091,925,907,1177,2212,1334,1439,1640,1958,1710,1812,2021,2003,2143,1777,1880,1467,1455,2399,1793,2125,1164,1821,1251,1416,1980,1961,1626,2095,1217,1041,952,1938,1709,1872,1161,1686,831,935,771,752,1271,853,571,1357,1117,971,1183,900,528,1650,532,2012,1769,1162,1704,1346,823,1558,623,1046,1108,1410,511,659,633,811,1148,1138,943,1109,704,701,927,670,1106,1301,798,818,804,569,1053,2452,933,730,662,571,1147,1043,954,1682,789,544,764,941,557,1490,1061,816,734,1117,784,1185,1212,1288,964,859,1043,1146,1390,3852,2360,1079,967,1115,1269,1443,1347,1789,1700,907,1037,1848,1381,1556,1768,1205,1170,1710,2070,2000,2980,2226,1979,1410,1616,2638,2424,2463,2335,1798,1574,2785,2453,2639,917,2119,2236,2295,3376,3928,3531,3840,3390,2288,2352,4436,3522,4735,3853,4066,2790,2264,3638,4107,4695,5348,4221,2548,2380,4979,4758,4232,3625,1032,2170,2269,3907,5016,4406,4521,3711,2476,2161,5498,4591,5046,5057,4863,2750,2100,3848,3147,3588,2945,3153,1917,1430,2515,3112,2881,3551,3355,1728,1839,2900,3177,3648,2848,0,4057,1221,2078,2118,2767,1496,1992,1112,925,1318,1401
Alaska,61.3707,-152.4044,5,8,8,7,9,5,5,2,8,6,2,2,0,1,5,6,4,0,9,1,3,2,1,1,2,3,1,1,0,4,0,0,5,0,0,0,12,1,0,2,4,0,1,2,1,13,5,4,26,7,20,18,8,11,12,8,19,10,20,17,15,29,7,3,12,20,12,13,21,11,6,2,29,24,20,18,29,21,36,38,39,46,47,27,28,18,42,46,55,62,94,60,40,52,62,41,62,79,75,92,89,62,56,90,186,98,107,68,81,111,146,144,61,53,54,35,53,77,98,63,45,60,84,110,83,103,50,62,67,82,68,89,64,69,33,52,79,118,90,44,37,34,65,102,120,93,83,33,35,63,121,92,103,61,75,41,48,105,107,85,93,70,44,68,128,122,113,114,116,125,102,124,125,144,188,208,139,126,127,177,249,255,191,151,142,153,226,211,220,202,209,211,233,278,372,523,348,1442,357,367,386,447,350,352,391,412,314,525,607,520,474,532,499,481,593,748,661,585,642,547,493,463,680,549,500,590,680,559,674,668,621,511,539,687,761,762,946,765,503,577,591,638,630,522,646,430,285,615,383,496,336,183,152,440,365,276,0,375,302,128,183,391,503,0,815,297,265,197,339,329,411,319,260,176,128,294,341,309,187,285,155,129,171,212,296,249,165,84,88,183,207,185,154,135,108,135,226,185,254,0,0,509,125,204
American Samoa,-14.271,-170.132,0,0,0,0,0,0,0,0,0,0,0,0,0,0,0,0,0,0,0,0,0,0,0,0,0,0,0,0,0,0,0,0,0,0,0,0,0,0,0,0,0,0,0,0,0,0,0,0,0,0,0,0,0,0,0,0,0,0,0,0,0,0,0,0,0,0,0,0,0,0,0,0,0,0,0,0,0,0,0,0,0,0,0,0,0,0,0,0,0,0,0,0,0,0,0,0,0,0,0,0,0,0,0,0,0,0,0,0,0,0,0,0,0,0,0,0,0,0,0,0,0,0,0,0,0,0,0,0,0,0,0,0,0,0,0,0,0,0,0,0,0,0,0,0,0,0,0,0,0,0,0,0,0,0,0,0,0,0,0,0,0,0,0,0,0,0,0,0,0,0,0,0,0,0,0,0,0,0,0,0,0,0,0,0,0,0,0,0,0,0,0,0,0,0,0,0,0,0,0,0,0,0,0,0,0,0,0,0,0,0,0,0,0,0,0,0,0,0,0,0,0,0,0,0,0,0,0,0,0,0,0,0,0,0,0,0,0,0,0,0,0,0,0,0,0,0,0,0,0,0,0,0,0,0,0,0,0,0,0,0,0,0,0,0,0,0,0,0,0,0,0,0,0,0,0,0,0,0,0,0,0,0,0,0,0,0,0,0,0,0,0,0,0,0,0,0,0,0,0,0,0,0,0,0
Arizona,33.7298,-111.4312,163,104,155,273,274,213,209,135,188,217,299,273,241,248,191,230,254,446,314,395,276,284,381,402,238,581,434,159,264,353,480,458,495,497,279,263,368,330,442,276,429,324,198,289,454,559,595,786,678,193,1135,1092,530,1553,1012,1538,689,618,1556,1415,1772,1621,1046,1138,2341,1752,2508,3465,3217,2464,2008,3779,1812,3091,3378,3465,3796,625,4683,4877,3340,4427,2695,3536,3352,3639,3520,4057,4221,3038,2537,1357,4273,3257,3259,3910,2742,2359,1559,3500,1926,2335,3357,3740,1973,1813,2107,2339,2525,3212,2992,1465,1030,1008,1698,1453,1397,1054,816,600,1214,706,1351,927,933,883,468,915,637,723,619,996,208,311,859,186,680,519,629,374,174,507,519,1092,728,836,250,197,81,496,461,521,605,384,213,484,698,1753,1282,609,470,230,595,438,568,515,459,411,273,674,323,705,551,636,355,316,864,604,863,683,894,597,475,684,901,1113,738,973,690,748,1040,975,994,976,890,1391,801,1158,1043,1315,1565,1901,1527,666,1679,815,2135,1996,2620,1880,435,3434,2030,1399,3015,3476,2383,1476,2984,3206,4123,4471,3638,4331,2659,4544,3982,3474,4314,4136,3221,822,10322,3840,5442,5680,6799,5376,1567,12314,4444,4928,6983,8077,5853,11806,4134,4837,5817,7635,5560,5366,7748,5870,6058,7046,6616,6106,1296,10086,2799,5267,7718,10060,8883,17234,5158,5932,7206,9913,11658,11094,11201,8995,8559,5629,7311,9146,8715,6981,5400,6417,4845,9398,8099,7316,7217,5321,4748,5918,4671,5028,5119,5025,3741,2938,2296,4417,3826,3471,1544,2250,4381,1977
Arkansas,34.9697,-92.3731,130,88,71,51,75,49,37,192,17,286,323,211,101,90,68,58,66,88,56,35,65,54,34,86,92,44,0,265,31,121,72,130,97,115,181,54,110,80,455,154,163,147,107,151,97,261,239,236,240,190,375,249,358,226,450,325,314,340,288,448,731,548,406,416,274,415,322,703,511,419,522,595,697,687,678,570,508,439,520,420,878,547,587,605,439,259,734,806,751,1061,503,572,873,485,817,648,771,695,699,728,591,1013,990,732,642,824,734,787,791,752,662,637,787,784,912,735,1011,772,572,645,383,685,670,626,-400,673,412,410,729,549,887,547,375,320,480,649,722,838,795,478,368,273,615,969,1094,515,687,350,294,385,398,1107,1799,509,408,870,722,992,871,1078,563,641,617,982,1086,897,809,487,807,706,942,1124,958,746,488,417,641,809,1265,1167,908,613,654,680,1079,1278,1015,883,644,531,844,1155,1202,1337,1183,797,612,952,961,1072,1162,1316,867,584,878,1293,1548,1870,1598,1038,945,1424,1962,1809,2312,1848,874,1308,1554,1715,2238,2061,1905,1352,1017,2122,1965,2348,1052,1349,1221,1112,1950,2212,2789,2827,2245,1542,1118,2283,2327,2202,2770,2628,1450,1355,2141,2306,3039,2878,2693,1536,1457,1941,2893,3204,2122,702,908,1651,2718,3184,2708,4304,2000,2033,1306,4107,3705,3323,2944,2886,3330,1268,3209,2467,2491,3124,2543,976,1109,1331,2520,3106,2162,1613,1071,636,2485,1777,1892,1707,1824,881,1226,1510,2426,2469,1824,1341,672,637,1475,1092
California,36.1162,-119.6816,1136,1425,1330,991,1480,1334,940,2255,1779,1879,2217,1794,1013,1190,1408,1198,2583,1383,1896,1321,1556,981,2572,2160,1532,1631,2779,1042,1729,1649,1820,2073,1822,2032,1441,1291,2295,2245,2034,2221,2287,1481,2380,2987,1663,2763,2809,3273,2056,2782,2482,2133,2820,3570,2855,2022,3201,2825,3074,3662,3282,3359,2282,3426,3235,3837,4288,3776,4351,3333,6219,6712,4448,5187,5732,3740,4712,8350,7586,7449,7869,3964,2381,11786,6354,12977,8548,9924,8401,7876,5782,8814,12854,8674,9821,8553,7486,6161,10964,11435,11981,9487,9412,6267,5836,5833,12641,14151,8021,7622,6057,5562,4676,9834,3921,10733,5475,7574,5358,14485,4715,12430,6608,15117,4893,5879,5542,8725,9134,4993,6633,5535,4845,6281,5471,5972,4817,5564,4653,3913,6524,3142,5664,4737,4644,4652,3542,2109,3379,2946,3671,3944,4028,2795,3406,3070,3117,3716,4454,3822,2855,3928,2969,3371,3080,4144,3791,2439,2821,2943,3461,3090,3808,3508,3192,2794,2695,3726,3342,3806,3334,2780,2723,3397,3894,2944,3105,2361,2078,3953,4101,3193,6425,5435,4885,2912,3842,4450,4388,4372,4380,4115,3735,4533,4990,5519,5934,6357,6151,3351,8584,8135,6143,8541,9450,9501,9028,9595,10595,11755,13134,12576,15685,9089,13695,16990,15731,10862,13774,15048,14831,14809,15778,19140,21368,23757,27634,28732,24155,24568,33591,33564,33664,32961,36202,26115,33249,63817,45415,48221,40362,41476,39854,34621,43986,37694,20609,59813,35779,36295,35648,32703,29972,45194,52356,38373,31170,37714,35043,45498,43474,55433,42600,40159,46642,38399,40637,38991,37173,31868,28027,35810,19244,47893,24502,20821,19447,25747,21823,15604,23256,19626,17418,13315,18383,13134,12500,14651,16813,8496,9741,14106,10584,8504
Colorado,39.0598,-105.3111,384,259,6,330,405,356,683,0,743,418,387,978,712,473,438,437,442,526,509,432,410,283,449,465,538,457,548,328,176,278,318,363,394,401,305,264,280,315,394,296,477,210,82,296,202,353,491,486,280,199,211,272,300,255,233,153,182,164,151,148,175,195,113,169,143,229,230,286,161,191,165,188,262,324,317,226,284,204,204,314,323,260,254,199,192,407,452,408,666,400,322,323,450,469,571,618,444,354,424,493,639,615,667,809,547,229,749,482,408,605,458,460,241,426,594,448,457,431,336,378,402,315,463,319,300,338,194,261,270,329,0,653,259,198,459,193,350,430,267,183,201,351,244,268,0,699,285,213,187,240,264,307,414,417,374,412,587,459,605,606,501,542,654,616,547,709,584,569,411,535,511,682,679,657,521,461,654,730,862,834,1023,819,576,1048,692,1142,1312,1139,933,1072,1208,1267,1373,1350,1828,1689,2211,1433,1475,1806,2412,2947,2560,2237,2562,2928,3369,3463,3498,3017,3553,3890,3975,5197,6439,5196,4183,4296,4331,4650,6107,5765,6113,3921,3689,4150,4191,6053,4270,4330,3489,4133,4405,3862,6037,5013,5125,3234,4037,3971,3757,4649,4678,3961,2559,2911,2278,3334,3698,3693,2491,2292,2146,2516,2948,3030,2659,1430,1399,1650,1740,2451,3238,3064,2011,2078,2185,3458,2557,3473,3187,2837,2201,1677,1511,2438,2403,2281,2025,1498,1190,1685,1371,1983,1798,1958,1319,1215,1120,1676,1441,1722,1560,1166,916,936,1230,1584,1903,1502,1074,946,934,751
Connecticut,41.5978,-72.7554,1346,608,766,1129,925,741,412,1853,545,2109,631,836,647,686,728,315,455,933,1064,523,0,686,648,374,789,627,573,570,211,568,522,609,621,618,716,697,314,587,191,432,382,446,405,430,-15,271,203,260,179,539,239,112,148,221,358,150,124,87,168,114,228,305,94,147,114,80,11,117,158,40,27,117,14,81,65,147,97,59,152,58,74,71,0,0,259,57,75,101,78,0,0,223,20,106,114,143,0,0,162,41,127,9,544,0,0,207,94,463,130,140,0,0,252,48,115,20,75,0,0,247,117,22,76,115,0,0,370,-12,59,118,87,0,0,492,29,180,130,145,0,0,384,127,102,101,156,0,0,0,417,89,222,233,0,0,569,136,135,220,141,0,0,497,136,155,157,115,0,0,560,182,221,192,555,0,0,823,121,123,384,290,0,0,1339,320,164,167,802,0,0,1191,434,416,502,679,0,0,2047,538,490,1319,761,0,0,2651,985,530,1687,1065,0,0,3307,1521,1788,1158,2746,0,0,4639,1702,2042,2353,2088,0,0,5271,540,1872,0,3429,0,0,4714,1459,2672,4751,1538,0,0,8129,2414,2290,2431,3782,0,0,7231,1470,2319,2321,2680,0,0,4595,1583,1745,2038,0,0,0,8457,767,1696,2045,0,4412,0,4516,2332,2486,3304,3236,0,0,7364,3689,3529,968,1878,0,0,6703,2094,1915,1662,2019,0,0,5817,1267,2440,1426,1258,0,0,3931,2568,482,937,1431,0,0,4367,869,888
Delaware,39.3185,-75.5071,133,168,88,56,247,221,0,207,186,269,108,134,134,458,128,413,80,79,184,120,170,80,83,407,161,172,166,0,288,176,211,271,150,174,123,199,168,157,192,143,0,280,156,101,30,75,65,186,76,107,80,27,34,27,72,97,30,48,36,50,67,56,35,76,63,41,55,112,70,94,45,27,42,91,37,74,135,150,98,36,221,192,73,132,165,121,48,69,121,91,61,75,90,81,64,223,92,90,105,122,46,132,278,-27,115,116,70,126,87,99,89,72,106,82,159,69,80,57,73,59,65,66,202,373,56,55,85,57,50,75,52,58,67,47,20,24,-10,107,266,-6,86,106,14,104,99,140,151,206,59,0,158,93,167,123,88,200,97,84,48,83,117,101,94,69,117,138,71,104,129,142,82,174,150,188,118,120,103,84,132,145,171,132,159,105,71,95,164,218,151,103,129,50,153,159,160,114,207,81,143,161,198,200,175,185,115,108,219,282,223,345,305,204,230,204,470,379,408,397,352,203,398,663,505,487,403,453,331,584,591,500,581,403,689,355,758,942,698,816,799,753,929,643,782,1058,584,997,685,787,839,341,1027,480,440,567,612,780,638,820,584,431,701,407,860,608,809,611,849,767,629,1220,554,972,798,554,619,727,892,662,645,922,616,401,464,748,710,682,660,616,299,342,663,440,616,520,424,201,286,243,321,286,762,337,279,251
Diamond Princess,35.424459,139.678854,0,0,0,0,0,0,0,0,0,0,0,0,0,0,0,0,0,0,0,0,0,0,0,0,0,0,0,0,0,0,0,0,0,0,0,0,0,0,0,0,0,0,0,0,0,0,0,0,0,0,0,0,0,0,0,0,0,0,0,0,0,0,0,0,0,0,0,0,0,0,0,0,0,0,0,0,0,0,0,0,0,0,0,0,0,0,0,0,0,0,0,0,0,0,0,0,0,0,0,0,0,0,0,0,0,0,0,0,0,0,0,0,0,0,0,0,0,0,0,0,0,0,0,0,0,0,0,0,0,0,0,0,0,0,0,0,0,0,0,0,0,0,0,0,0,0,0,0,0,0,0,0,0,0,0,0,0,0,0,0,0,0,0,0,0,0,0,0,0,0,0,0,0,0,0,0,0,0,0,0,0,0,0,0,0,0,0,0,0,0,0,0,0,0,0,0,0,0,0,0,0,0,0,0,0,0,0,0,0,0,0,0,0,0,0,0,0,0,0,0,0,0,0,0,0,0,0,0,0,0,0,0,0,0,0,0,0,0,0,0,0,0,0,0,0,0,0,0,0,0,0,0,0,0,0,0,0,0,0,0,0,0,0,0,0,0,0,0,0,0,0,0,0,0,0,0,0,0,0,0,0,0,0,0,0,0,0,0,0,0,0,0,0,0,0,0,0,0,0,0,0,0,0,0
District of Columbia,38.8974,-77.0268,80,103,139,153,126,190,127,134,171,108,155,167,171,142,51,102,112,217,335,139,219,154,152,139,193,245,203,170,117,96,99,152,135,171,81,147,164,117,237,105,73,144,115,109,72,86,46,179,84,56,29,130,104,79,70,63,57,85,63,52,65,55,58,32,19,29,56,49,32,36,38,36,34,31,26,31,32,44,35,38,25,45,12,35,33,54,73,37,64,58,46,59,40,80,50,39,79,67,78,88,102,42,78,68,63,78,87,54,58,0,0,0,256,85,45,75,71,64,100,54,89,63,65,94,41,61,53,52,29,55,60,65,0,105,45,0,110,57,74,34,33,57,28,58,51,52,41,36,47,25,25,81,0,99,30,65,56,47,62,50,53,23,43,29,56,57,52,35,14,36,26,32,65,50,46,28,105,0,113,78,75,66,38,46,64,34,89,79,36,25,50,53,39,72,97,61,45,94,67,101,70,122,103,69,86,77,81,110,99,110,86,86,206,128,159,148,163,87,245,156,213,130,153,190,139,119,107,220,201,371,140,104,133,157,322,316,392,264,183,270,265,244,259,286,231,164,301,263,228,274,238,259,139,160,326,210,0,274,492,140,193,223,225,269,257,255,140,262,316,268,357,350,334,202,430,177,220,320,397,314,182,226,144,209,293,172,224,204,195,165,267,282,248,210,136,0,191,166,269,243,158,101,145,67
Florida,27.7663,-81.6868,1124,609,883,832,1416,733,822,745,810,440,1339,885,306,693,606,710,345,497,1038,735,615,819,542,563,826,371,802,595,386,941,479,808,928,673,777,854,502,527,1204,776,676,740,879,509,379,651,1212,927,739,667,617,1317,1419,1305,1270,1180,966,1096,1371,1698,1902,2581,2016,1758,2783,2610,3207,3822,4049,3494,2926,3286,5511,5004,8942,9585,8530,5266,6093,6563,10109,9488,11458,10059,6336,7347,9989,8935,11433,10360,15300,12624,9194,10181,13965,11466,10328,12478,10347,9440,9785,10249,12444,12199,9344,8892,9230,9446,9956,9007,9642,7104,4752,5446,5409,7650,7686,8502,6229,4155,5831,8109,6236,6148,6352,3779,2678,3838,4115,4555,4684,4311,2974,2258,2673,3220,3269,3815,3197,2583,1885,7569,2402,3571,3198,3656,2564,1838,1823,2167,2472,3650,3190,2423,1736,3116,2355,3255,3204,3573,2521,1685,2470,2590,2541,2847,2795,1882,738,3266,1948,2628,2660,2787,1868,1415,2251,2582,3306,2908,0,5570,1533,2725,2883,3356,3449,4044,2539,1707,3662,2144,5558,3689,4471,2385,3377,4298,4115,4198,5592,2331,4865,4651,4637,4423,6257,5245,4452,6820,3924,4353,5838,5607,6933,4544,10105,4663,7459,7925,9085,9085,8409,6587,6331,8555,8376,0,17344,6277,7363,6659,8847,9994,10870,10177,10431,8436,7711,7985,9592,11335,11699,10577,8958,8452,9411,11541,13148,13000,11682,8401,11015,10434,11384,13147,0,17042,7391,8198,12075,13871,17192,0,31518,10603,11256,15431,17783,19816,19530,15445,12313,11576,14896,13990,13720,16875,12119,11093,8002,9816,11914,12873,13719,12311,9535,8720,9594,8408,11423,10976,15019,7788,5730,10533,6979,7711,11543,7486,6624,5737,7023,7537
Georgia,33.0406,-83.6431,863,1263,409,682,1525,475,632,1106,474,1333,669,608,731,264,816,620,853,489,1225,842,334,786,547,745,875,563,407,992,422,922,503,550,795,440,367,704,572,946,862,819,760,660,498,583,655,628,615,450,732,839,305,687,965,762,738,539,599,752,731,993,810,1021,877,733,664,952,882,1097,1800,892,1227,1882,1571,1714,1900,1990,2225,2207,1874,2951,3467,2784,2826,2197,1548,3406,3420,2837,4490,3184,2534,3637,3391,3875,3449,3905,4688,3249,2453,3406,3314,4305,4813,3768,2765,2890,4209,3271,3963,4066,3660,3165,2258,2513,3765,3182,4109,4423,3169,2429,3563,3565,2515,3227,3273,1862,1831,2816,2305,2759,2889,2592,1727,2304,2101,2236,2484,2298,2386,1215,1498,2226,1916,2675,2066,2194,1651,608,1543,1950,1823,1658,2124,1409,1023,1657,2062,1847,1951,2167,1134,1184,955,1867,1537,816,1359,812,596,1025,1720,1333,1275,1535,756,789,936,1492,1265,1625,1237,1140,902,993,1297,1640,1609,1534,1174,752,1128,1312,1785,2224,1846,1318,958,1491,1653,1823,1377,2565,1192,939,1668,1863,49242,0,2610,1024,1272,4319,2242,2982,2994,3035,2084,1247,4335,3161,3424,3435,6213,2328,1924,3676,3177,3608,3009,3038,1952,2047,4842,5734,5839,6376,5017,2034,5285,5577,5512,7623,6191,6447,4798,3720,7437,6624,7777,8141,5763,5618,3520,9079,7773,10286,6054,4158,3511,3941,9450,9053,11709,11137,7533,5778,5163,10091,7686,9790,13296,11926,8193,7454,9193,8596,9036,9806,8533,6332,4957,7629,8068,8150,8374,8985,4753,3917,8393,6384,7352,6558,6343,3587,3034,4961,4924,5706,4842,4490,3589,2704,3721,3490
Grand Princess,37.805761,-122.339794,0,0,0,0,0,0,0,0,0,0,0,0,0,0,0,0,0,0,0,0,0,0,0,0,0,0,0,0,0,0,0,0,0,0,0,0,0,0,0,0,0,0,0,0,0,0,0,0,0,0,0,0,0,0,0,0,0,0,0,0,0,0,0,0,0,0,0,0,0,0,0,0,0,0,0,0,0,0,0,0,0,0,0,0,0,0,0,0,0,0,0,0,0,0,0,0,0,0,0,0,0,0,0,0,0,0,0,0,0,0,0,0,0,0,0,0,0,0,0,0,0,0,0,0,0,0,0,0,0,0,0,0,0,0,0,0,0,0,0,0,0,0,0,0,0,0,0,0,0,0,0,0,0,0,0,0,0,0,0,0,0,0,0,0,0,0,0,0,0,0,0,0,0,0,0,0,0,0,0,0,0,0,0,0,0,0,0,0,0,0,0,0,0,0,0,0,0,0,0,0,0,0,0,0,0,0,0,0,0,0,0,0,0,0,0,0,0,0,0,0,0,0,0,0,0,0,0,0,0,0,0,0,0,0,0,0,0,0,0,0,0,0,0,0,0,0,0,0,0,0,0,0,0,0,0,0,0,0,0,0,0,0,0,0,0,0,0,0,0,0,0,0,0,0,0,0,0,0,0,0,0,0,0,0,0,0,0,0,0,0,0,0,0,0,0,0,0,0,0,0,0,0,0,0
Guam,13.4443,144.7937,0,0,2,0,1,0,0,0,0,0,3,2,0,0,0,0,0,4,0,0,0,0,0,4,0,2,0,0,0,1,0,0,2,0,0,0,0,0,11,0,0,1,0,1,3,1,1,0,0,3,0,2,2,0,0,0,0,1,0,3,0,0,0,2,1,2,4,8,22,0,0,3,1,5,16,0,0,6,4,10,13,0,0,0,21,2,4,2,1,0,0,2,0,1,1,0,0,0,5,0,11,7,0,0,0,12,2,3,2,0,0,12,7,14,8,14,0,0,7,0,31,0,28,25,0,0,75,22,0,105,63,0,0,140,77,136,112,55,0,0,108,52,47,66,59,0,0,0,94,45,88,17,0,0,64,39,47,32,29,0,0,73,43,45,28,23,0,0,0,157,45,0,0,129,0,136,65,50,66,55,0,0,181,96,75,86,111,0,0,218,130,82,88,85,0,0,195,82,48,83,79,0,0,0,184,91,101,73,0,0,396,181,0,196,74,0,0,0,0,0,0,528,0,0,0,0,253,0,63,0,0,84,37,31,22,17,0,0,60,0,20,13,27,0,0,58,12,19,15,10,0,0,18,27,19,9,2,0,-2,15,12,15,0,18,0,0,18,13,21,8,13,0,0,24,6,15,13,17,0,0,0,41,6,0,26,0,0,7,12,2,4,7,0,0,29,2,8,4,14,0,0,28,9,0
Hawaii,21.0943,-157.4983,5,7,13,6,11,33,6,4,2,6,4,5,4,1,1,2,4,5,1,1,0,1,4,1,3,0,2,1,2,1,3,-1,1,1,1,0,1,2,4,-5,1,0,0,0,1,3,2,2,1,0,1,0,2,9,9,2,1,6,3,7,14,17,5,8,0,8,18,27,0,25,2,3,16,16,15,6,27,1,17,9,20,29,24,24,7,41,23,36,28,42,20,23,21,28,19,23,20,27,12,25,17,55,59,71,63,28,46,108,124,122,86,45,206,143,172,151,201,231,152,140,118,202,354,231,282,217,173,134,260,235,228,284,244,169,215,276,306,264,309,200,133,181,338,211,271,220,162,104,66,98,169,167,129,112,79,65,102,159,112,109,77,56,63,167,90,112,127,98,87,87,120,105,86,133,70,50,83,108,101,154,71,101,42,61,99,90,89,96,82,37,88,77,102,129,89,119,37,64,61,77,92,68,83,77,87,155,99,119,128,128,63,310,117,97,118,107,0,94,52,69,107,118,162,122,113,60,108,117,125,76,56,85,43,76,142,121,133,104,81,53,80,123,136,196,77,187,52,104,136,156,152,202,132,64,95,125,154,109,94,45,71,104,175,277,159,122,75,107,125,287,283,228,178,162,108,93,164,205,156,121,115,59,68,112,160,127,143,116,63,94,94,139,109,78,84,62,68,101,120,104,73,30,28,51
Idaho,44.2405,-114.4788,19,38,9,114,22,46,13,4,64,30,70,34,17,10,0,55,0,32,31,46,0,45,21,31,20,0,27,25,30,33,0,58,0,68,0,36,0,51,0,89,0,31,0,0,73,71,0,33,36,0,94,0,57,121,28,0,50,32,39,0,93,0,46,0,63,170,111,128,133,2,250,-2,148,463,0,457,0,430,365,253,223,401,376,363,319,487,430,460,500,577,397,501,316,729,685,619,550,571,394,555,499,415,528,0,913,514,528,454,568,474,394,0,560,566,472,693,524,572,178,429,494,536,495,542,304,181,281,384,359,430,254,295,186,212,408,306,342,263,292,190,223,272,311,263,266,281,190,74,240,1375,-736,333,217,112,253,278,283,396,470,288,244,410,446,396,491,523,539,205,422,511,614,513,677,464,262,458,660,671,673,662,613,365,597,584,645,718,1094,878,510,698,873,987,950,1073,1021,650,697,882,862,961,1064,798,480,757,1179,1290,1265,1330,1403,649,1266,1201,1693,1158,1519,1519,928,1099,1781,1310,1543,1786,1070,819,1437,1640,1773,0,1997,1160,824,1214,1607,1429,1721,1911,1339,805,1383,2012,2298,1825,1582,1022,547,1038,1802,1433,1426,1340,851,891,917,1717,1391,1248,0,554,428,795,1514,1340,1213,0,1122,308,798,1538,1263,1067,1085,977,432,572,1034,1091,994,1112,806,278,0,1224,810,612,598,527,181,527,559,620,508,635,328,0,482,491,507,402,404,240,0,449,437,458
Illinois,40.3495,-88.9861,1173,1223,1345,1141,1844,1582,1197,1156,1546,2048,1830,2721,2119,2126,1980,2219,2256,2560,3137,2450,2994,2278,2112,2343,2639,2889,2325,1656,1266,4014,1673,3243,2432,2088,1734,2294,1545,2388,2270,2756,2352,2508,1713,1178,1111,1527,1622,1462,1343,974,1614,982,929,1156,975,867,658,797,625,766,595,673,672,473,623,546,593,692,634,658,462,601,715,894,857,786,646,738,724,828,0,1737,862,639,614,1709,980,1018,1327,1195,954,883,707,1187,1257,1427,1276,965,1172,942,1611,1621,1600,1426,1541,1231,1074,1395,1772,1980,1639,1470,1298,1471,1759,1953,2103,2190,1382,1319,1549,1645,1834,2296,1828,1561,1773,1739,2296,1832,2293,2356,1893,1612,1681,2156,1707,2436,1880,1992,1666,1492,2128,1360,5594,2804,1413,1369,1392,1337,1953,2313,2120,1460,1372,1464,1943,2056,2223,2524,1402,1477,1533,1850,2256,2773,2441,1600,1709,1366,2272,2164,2456,2442,1453,1853,1617,2630,3094,3117,2905,2727,2740,2853,2866,4014,5106,3629,4245,3113,3713,4342,4941,5000,6161,4057,4729,4000,6110,6362,8489,7899,6980,6222,6516,7538,9935,11802,12438,10009,10573,12623,12657,12702,15415,11028,10631,11632,12601,8922,14612,13012,11891,10012,8322,9469,11378,12022,7574,7873,7178,6190,12542,9757,10959,10526,9887,7598,8691,7910,8256,11101,9420,8737,7216,7214,7359,7123,8828,7377,7562,6003,4699,6239,6762,7037,5742,3293,3767,4453,5644,7374,8009,0,11963,4469,5059,6839,7569,8757,9277,6717,4711,4776,6642,5862,6652,6642,5343,4162,3385,4318,4822,4979,7042,5152,3292,2944,3667,3751,4191,4156,3345,2428,2312,2304,3314,3328,3660,3062,2065,1742,2082,2825
Indiana,39.8494,-86.2583,431,168,433,582,612,487,570,477,409,341,601,642,718,613,949,627,594,653,795,665,638,574,526,837,633,643,586,394,501,500,346,580,603,624,498,477,450,569,662,473,492,475,339,363,359,631,490,653,363,256,407,475,384,482,419,400,226,410,304,411,398,397,366,521,356,227,425,308,315,362,210,238,269,515,485,435,355,298,366,358,435,528,517,769,323,102,437,512,725,779,533,425,648,685,710,733,841,917,635,710,757,929,996,922,852,535,771,621,954,901,968,735,576,822,720,1040,1239,1033,1041,664,870,660,1043,1067,1044,739,591,841,489,941,1040,1000,615,1660,829,938,1145,809,1121,879,883,695,859,1104,1030,1077,843,590,386,705,758,1262,1056,1243,736,689,580,837,1037,1076,746,522,599,711,899,1171,1142,901,872,744,953,1157,1464,1419,1087,830,970,1281,1450,1816,1918,1570,1574,1549,1165,1943,2283,2482,1605,1584,1498,1732,2850,2467,2741,2153,1974,1983,2548,3618,3163,3465,2750,3077,2881,3698,4412,4647,4899,4652,4135,4829,5036,6591,5600,8322,6710,5147,5463,6015,7281,6808,6872,6174,5556,5625,5983,6373,5643,4471,4304,5665,5396,6597,8460,7899,7690,6598,5661,5385,5754,6518,7200,7401,5898,4967,4241,6208,6340,5949,4732,6483,3865,3657,4662,6196,5446,3841,1820,2465,3976,4735,6468,6288,5317,2981,3617,3395,6146,7270,6095,5966,5093,3685,3139,3642,4375,4666,3889,3162,2498,2727,2877,3624,3489,3093,2520,2189,1718,2230,2819,2630,2334,1723,1709,1512,1428,2336,1504,2816,1724,1033,1130,1431
Iowa,42.0115,-93.2105,123,189,96,146,191,181,389,257,482,107,176,521,647,384,392,508,467,302,739,759,532,528,408,293,655,398,214,288,414,539,377,386,374,279,323,304,341,324,550,322,406,353,306,146,666,217,371,287,308,147,320,281,506,348,324,234,295,230,389,347,377,367,209,156,97,281,401,413,222,467,183,323,132,772,344,356,447,325,229,440,745,204,598,456,241,395,471,630,918,486,752,221,235,670,814,553,410,500,530,378,487,588,638,452,471,339,232,695,662,468,540,430,182,326,605,723,481,495,384,246,356,452,400,874,818,382,382,372,322,1010,798,665,450,463,697,1201,2681,1340,784,987,540,708,616,1228,1053,946,525,322,482,576,863,941,806,471,388,657,931,552,1635,965,606,597,611,1253,1120,1040,877,716,633,978,1012,1181,1054,819,443,516,545,1288,1564,1224,1161,901,510,969,1482,1152,1690,952,636,726,1142,1048,1483,1643,1460,1402,960,1365,2072,2315,2772,2788,2464,1542,1810,2888,5277,3375,4388,4524,5132,3917,4626,4951,5484,4667,2759,3283,3601,4320,4054,4345,3286,2461,3128,2992,3502,2037,1733,2123,1511,1941,2431,3097,2565,2807,1854,1306,1293,1970,2326,2273,1059,1397,1240,1062,942,2521,1436,2497,2252,370,1407,1558,1818,1549,605,527,506,1350,1661,1754,1648,1268,915,820,1641,1942,2478,2413,1573,1409,511,1092,1481,1906,1399,1366,822,403,932,1219,1485,1653,1255,927,515,772,1093,1112,1010,1195,791,298,779,1087,1034,908,581,509,284,629,931,911
Kansas,38.5266,-96.7265,46,51,63,111,115,91,84,143,116,167,390,238,176,142,196,179,187,574,221,251,271,227,265,345,339,335,162,122,208,81,278,187,181,53,14,350,50,154,118,284,37,58,121,74,92,80,291,28,10,220,45,127,75,139,55,45,138,65,141,73,150,47,81,218,92,233,109,268,76,39,292,109,393,177,355,155,230,362,161,460,172,657,252,170,557,222,472,453,518,384,294,664,242,462,468,571,305,303,660,273,552,475,598,455,281,514,254,533,294,479,228,279,561,350,474,361,520,326,199,521,285,629,387,546,855,0,729,260,545,488,988,493,270,888,315,1019,480,690,545,166,838,363,885,547,971,291,174,507,675,412,378,568,288,108,894,329,731,444,961,361,214,927,373,846,446,1133,228,221,1089,387,690,474,954,257,255,851,484,626,560,1213,325,264,1096,461,945,705,1040,473,245,1289,622,1306,583,1113,357,278,1163,908,1361,888,1885,762,415,2082,1010,2073,10403,786,220,13886,0,372,5314,322,6265,18,41,7123,607,5422,465,5680,205,19,7707,337,5163,355,4764,89,0,4415,318,4622,301,5990,217,1,5507,441,5269,264,5473,142,0,4550,278,4374,269,5654,64,5,4130,282,4786,137,0,0,0,6055,391,5999,6,4863,11,0,3983,0,5235,0,5277,0,0,6064,91,4301,306,3944,0,0,3471,178,3519,187,3199,0,0,2595,75,3168,77,2133,0,0,2052,147,2167,41,2563,0,0,1412,3,1872
Kentucky,37.6681,-84.6701,55,30,162,225,87,185,253,90,154,174,101,300,136,170,71,219,162,171,174,-3,251,115,577,112,195,159,152,0,237,176,0,372,219,244,0,247,134,98,119,140,145,0,0,380,126,108,279,240,0,342,139,225,295,272,310,0,189,231,176,62,221,279,0,202,0,348,202,257,176,120,89,302,222,254,242,308,65,115,277,218,237,297,0,0,776,367,400,326,427,449,268,264,570,454,406,522,579,977,253,646,480,607,785,832,318,504,525,616,659,765,572,462,323,689,544,513,542,782,404,272,539,1152,741,612,632,0,761,608,627,700,639,801,0,832,670,662,748,779,820,454,365,789,806,894,792,787,310,290,255,658,795,932,711,530,337,718,764,606,758,978,436,375,814,784,643,908,970,455,448,917,984,888,999,1274,616,541,1036,2393,868,1001,989,847,638,761,1322,1182,1311,1291,810,640,1297,1452,1303,1449,1732,1462,924,1771,1857,1811,1937,1977,1423,1028,1709,1630,2268,2228,2156,1177,1729,2079,2698,2336,3164,3293,1449,1511,2911,2745,3637,3816,3702,2192,2132,2606,3301,0,5616,2427,2743,2116,4123,3601,3835,3592,3872,2567,1960,3076,3468,4314,3670,3540,2444,1786,2928,2875,3328,3169,3374,1757,1976,3047,2936,0,0,5283,1500,1454,2975,3770,0,0,8709,2855,2317,1693,5705,4889,4737,4231,3227,2082,3022,4553,4063,3925,3055,2350,1993,2239,3414,3713,2745,3789,1571,1689,2692,2415,2934,2601,2646,1766,1617,2431,2581,2493,2256,1994,1537,1003,2328,1911
Louisiana,31.1695,-91.8678,421,502,433,581,586,462,348,595,331,404,481,401,372,261,295,218,374,341,710,429,200,333,323,403,253,203,562,183,215,235,612,827,348,280,315,277,329,278,1188,421,0,244,640,245,443,305,0,775,339,425,405,387,429,427,497,330,234,562,418,442,523,1288,336,553,534,928,0,-119,870,393,461,1356,882,938,1354,0,1467,845,1014,2083,1383,1728,0,1937,1101,1936,1888,1843,2642,2167,1319,1705,2215,2089,2280,2179,0,3116,3186,1691,2771,2296,2084,0,3840,2343,1121,1735,1708,1799,0,3467,1099,3615,1482,1303,1500,0,2653,562,1164,1179,1135,1298,0,1181,567,640,778,918,899,0,1223,623,550,844,677,606,0,1624,326,689,956,813,822,0,1395,309,256,1522,464,755,0,1281,492,371,508,478,979,0,936,243,752,431,577,706,0,923,240,533,409,551,817,0,893,218,532,1053,524,257,0,1181,60,682,320,743,774,0,1143,201,699,718,772,699,0,972,227,922,452,394,433,0,1071,275,1153,375,681,870,0,1266,391,6350,0,3829,3450,0,0,3076,2628,2229,2052,4743,0,3483,968,3243,1235,0,4964,0,1643,169,5326,3595,2743,3099,0,3946,1013,2426,4352,2415,2862,0,4422,1030,2633,3269,3776,3113,0,3711,1116,3699,2974,2565,0,0,3223,817,3946,6744,4046,0,0,5783,1123,4467,6876,4530,3377,0,5398,1405,4705,2896,5313,3705,0,4127,971,2138,2493,3736,1937,0,3607,2080,2620,3854,2493,2367,0,3350,965,2603,2041,2760,866,0,1951,1177,1365,333
Maine,44.6939,-69.3819,65,37,35,26,31,20,20,8,13,19,30,28,0,50,8,17,16,39,28,30,32,20,21,28,76,44,34,28,26,15,38,50,38,45,39,26,28,78,58,71,65,42,19,35,28,52,37,56,43,24,28,41,28,36,42,46,18,18,31,30,54,36,36,17,9,17,42,35,25,19,14,25,21,53,32,52,37,28,34,41,34,45,24,18,8,17,20,26,13,21,19,19,8,12,20,38,9,42,24,12,-1,15,20,33,24,18,6,28,22,24,25,21,12,7,17,5,17,12,16,7,1,18,19,27,28,24,29,16,22,18,33,32,18,21,12,20,25,22,56,22,15,20,19,50,15,0,50,18,13,-1,-80,159,42,29,41,14,23,21,40,32,43,29,40,24,44,20,24,29,13,37,52,39,38,18,35,25,21,38,35,27,30,25,32,28,36,18,29,49,25,24,26,37,39,31,42,63,52,58,77,80,100,96,49,87,127,146,189,184,156,93,195,172,142,193,244,152,153,173,246,156,215,224,165,236,185,255,228,238,0,23,220,249,224,227,346,290,283,221,427,274,405,407,345,414,303,426,411,551,590,436,401,208,339,458,748,735,321,0,333,439,590,590,702,701,343,347,375,598,525,535,782,612,279,313,715,824,808,823,438,340,317,386,701,675,636,324,0,448,664,460,284,359,355,156,219,417,273,301,265,266,154,200,217,253
Maryland,39.0639,-76.8021,711,536,560,752,788,754,521,837,509,582,962,879,1150,815,906,626,736,893,1730,1001,989,946,709,1046,1211,1111,1049,1053,786,688,751,1091,1083,982,836,958,1784,777,1208,893,1071,818,839,535,736,1286,1279,1027,763,549,848,807,876,912,712,491,431,500,561,732,416,692,396,331,377,560,260,319,408,350,297,404,330,440,338,335,327,477,305,359,505,538,380,291,272,492,465,586,463,557,642,418,733,756,648,707,835,925,554,860,627,664,930,1288,694,1128,648,761,892,1169,1019,909,870,710,572,579,801,775,922,755,585,541,776,715,818,519,503,520,414,580,670,624,579,567,377,440,577,601,630,497,458,614,456,693,819,776,512,764,356,336,503,646,809,577,536,599,643,631,543,682,412,412,344,385,503,559,613,431,477,431,414,785,712,597,471,501,413,460,761,734,636,562,504,482,575,630,781,798,530,497,590,492,743,712,796,792,565,897,684,962,927,967,864,850,771,1000,1198,1541,1410,1081,1375,1338,1714,1477,1869,2321,1840,1726,2149,2018,2910,2353,2885,2168,1658,1667,2697,2319,2378,1590,1999,1923,2765,2220,2044,3792,3193,2643,2302,2632,2692,3202,2616,3538,2638,2314,2401,2405,2217,2569,2201,2054,2265,2324,2465,2866,2432,2280,1758,1985,1878,2628,2973,3557,2952,2148,2483,1956,3146,2970,3732,3758,3310,3012,2665,2516,2948,2924,3292,2414,1769,1972,2167,2166,2396,2392,2145,1686,1482,1939,2190,1880,2097,1747,1163,905,942,1554,1547,1500,1566,903,976,1137
Massachusetts,42.2302,-71.5301,1392,1297,1754,2263,2221,1970,1705,0,3122,1745,3079,4946,2379,1590,1524,1840,1963,1940,2106,1952,1824,1000,1184,1754,1696,1612,1410,1050,669,870,1165,1685,1239,1512,1077,1042,873,1045,1114,805,773,1013,596,422,527,675,617,789,664,3840,358,429,471,494,575,304,190,263,267,511,392,336,208,87,195,266,271,228,286,125,149,229,172,226,233,373,224,101,114,0,456,290,210,136,163,201,264,295,213,288,199,230,303,217,234,298,359,296,255,244,287,327,338,283,369,289,256,502,414,514,428,418,199,546,440,231,417,420,329,275,392,293,423,305,471,394,248,222,352,313,488,144,0,662,398,336,368,460,446,199,304,355,294,0,212,438,366,229,171,181,403,440,554,286,254,313,306,429,454,599,359,256,173,543,481,488,569,592,430,512,532,754,761,672,644,515,495,535,444,765,639,563,760,749,580,587,767,584,730,828,976,702,1049,1070,1203,1077,1212,1260,1181,1346,1582,1430,1131,842,1036,1714,1862,2113,2302,1823,1328,2154,2660,2648,2906,3047,2133,2164,2525,2904,2682,2399,3206,2695,1773,2576,3395,0,4658,3217,2495,1168,3073,5027,6675,5491,5619,4827,2481,4122,5965,5369,5655,5289,4853,3653,3929,5952,5135,5679,4344,4261,3843,3800,4814,5937,0,7677,3134,4198,4145,6839,7260,0,9003,3481,4906,4634,6851,7548,8120,7414,5656,4251,5487,5918,5955,5525,5799,4414,3301,3085,4514,5140,5272,4641,3944,3651,2495,3320,4631,3118,4108,2665,2398,2239,2455,2804,3287,3619,3107,1369,1593,2050
Michigan,43.3266,-84.5361,1391,1366,1058,750,1214,768,633,576,667,1299,1330,1345,433,704,432,1052,1137,980,977,851,594,189,461,728,566,641,429,367,370,469,370,1191,497,459,604,773,435,659,501,403,452,314,202,223,504,406,607,348,428,135,199,304,206,5536,452,419,296,54,184,267,223,164,218,31,184,228,301,299,448,166,246,240,358,434,340,350,267,277,505,361,589,497,406,360,326,633,651,512,622,685,406,422,666,1049,926,754,745,530,527,664,671,701,641,550,1039,512,785,1016,807,793,758,426,616,801,718,763,814,721,535,580,907,476,1167,868,1058,477,490,653,689,527,0,1426,764,878,951,843,863,793,0,1390,499,795,648,774,1053,896,0,1212,499,970,974,1405,807,0,1229,689,766,980,778,587,0,1575,695,902,1078,1040,996,0,1329,1118,1194,998,984,1275,0,1455,1151,1215,1401,1323,1637,0,1943,1466,1593,2458,2206,1986,0,3018,1871,1878,2204,2046,3490,0,4057,2675,3590,4109,3345,4018,0,6920,3437,4397,6103,4246,6564,0,9235,6944,6620,7311,9179,7430,0,13162,7886,6218,7983,10140,7840,0,11943,6782,4687,0,17368,8351,0,10790,6511,7433,7957,9425,6308,0,9824,6676,5342,6302,5626,4813,0,7621,5391,4644,4541,4519,4181,0,5059,3514,3820,0,0,7877,0,3550,3963,4782,0,0,9500,0,5490,3031,4856,4249,3908,2898,0,5129,2468,3128,3295,3001,2211,0,3343,1545,3196,2513,2538,1826,0,3347,2075,2065,2255,2139,1511,0,2572,1433,1717,1885,1754,1186,0,2128,918,1239
Minnesota,45.6945,-93.9002,0,74,114,0,261,139,147,114,97,155,220,243,261,156,209,370,463,492,594,502,431,571,617,728,786,723,702,481,528,695,423,518,805,729,699,704,657,641,530,805,840,728,742,645,504,483,584,659,660,358,300,362,403,707,521,385,338,299,346,447,479,377,299,222,189,414,379,356,436,453,307,242,294,360,493,417,516,312,442,413,494,414,0,512,433,564,456,574,604,804,710,491,398,572,605,666,457,734,903,350,504,760,767,803,862,650,478,666,745,771,725,759,613,602,617,861,545,916,797,618,323,464,690,730,690,739,564,376,526,690,825,734,717,714,409,529,1154,850,1017,932,675,491,730,1038,843,914,707,638,383,260,381,467,872,723,638,402,462,909,1085,914,1296,925,480,678,912,1177,1470,1075,904,809,687,1066,1166,1421,1039,973,941,911,1271,1390,1516,1440,1171,1135,1369,1163,2290,1694,1722,1627,1092,1060,1561,1711,2259,1680,1570,2164,1908,2867,3154,3007,2200,2948,3476,3827,3942,5442,4647,5908,3926,4893,4889,7225,5544,8689,7553,7437,5931,5094,7863,6794,6252,7205,6343,6416,6387,0,5698,9022,8946,5794,3549,5165,6149,5347,6308,5581,5290,3051,4516,3499,3750,4430,3425,3018,2323,2248,2759,2718,2746,2684,1992,1700,1508,1884,0,2142,2516,1077,972,1997,2195,0,2530,2712,3144,1573,2326,1983,2374,2469,2159,980,1315,1487,1581,1627,1485,1333,969,919,1224,1270,1506,1540,1181,794,707,827,1316,1114,1072,988,721,604,634,1410,1048,993,901,564,572,651
Mississippi,32.7416,-89.6787,161,145,273,264,169,181,300,238,204,178,259,281,284,193,183,248,227,246,397,229,109,327,330,217,262,404,288,123,173,234,182,393,318,322,173,136,272,263,255,403,380,255,198,273,313,328,421,436,294,229,289,281,238,209,270,231,498,355,360,0,608,257,168,283,353,489,0,0,0,0,1688,569,526,1092,550,465,361,675,680,653,870,914,990,226,357,957,674,703,1031,797,868,393,862,1025,1230,1032,1017,792,1251,1635,1547,982,1532,1396,1173,627,1304,1719,1775,1168,1134,672,572,1074,1245,956,1036,1210,527,476,644,1081,612,944,825,381,276,795,1348,894,874,945,626,511,801,904,585,599,735,647,274,634,781,751,823,539,410,242,249,426,517,853,445,254,144,505,711,701,497,655,277,192,465,552,737,722,645,182,190,589,552,696,672,609,321,215,975,563,578,862,957,294,296,713,876,1322,1116,751,0,586,730,801,958,795,1212,0,675,854,1000,970,749,824,340,365,644,766,1612,967,1031,804,516,933,1256,1271,1305,1370,969,589,905,1593,1395,1638,1972,779,699,665,1092,1746,1005,1553,1845,1485,1141,2457,2168,2480,1942,1473,1263,1732,2746,2283,2327,2665,1500,1648,2205,2343,2261,2507,1700,2222,1167,2191,2634,2326,1527,845,1365,1701,1943,3023,2756,2575,1891,1784,1616,1767,2791,0,5430,3203,2214,1227,1648,1942,1948,2342,2680,1606,1457,1193,1702,2290,2050,1856,1196,927,1452,2074,1804,2186,1528,811,705,825,791,1210,1210,1036,900,635,656,784
Missouri,38.4561,-92.2884,246,231,45,383,197,208,164,147,176,211,229,282,147,185,185,145,210,158,249,289,262,328,175,202,258,152,178,157,89,112,135,190,172,193,149,134,151,135,161,147,130,183,327,103,237,165,103,214,140,286,291,174,249,134,379,72,135,194,160,187,298,235,30,349,246,212,302,296,389,403,133,413,118,514,579,356,117,136,176,34,1601,524,423,233,395,707,672,820,659,537,274,409,951,817,816,865,966,817,581,1092,1303,1563,1575,1399,1126,1329,1692,1761,2197,1477,1016,552,1030,1208,1192,1159,1064,184,1362,976,1081,1516,1473,1364,1211,1192,1029,830,1230,1068,1270,1329,831,814,793,1353,1471,1458,1496,1306,1161,1103,1478,1423,1589,1943,1321,914,775,1323,1234,1530,2022,1707,1281,1359,1216,1704,1833,1474,1306,1367,1075,1593,1356,1895,2050,1520,1239,266,184,191,4075,1649,1449,1295,953,1093,1567,2016,4679,256,216,205,4435,1868,2261,2185,1847,1482,1412,1426,1935,1983,2636,1967,1718,1616,2189,388,5422,2863,2333,2898,2218,2812,3789,4362,4537,3928,3275,4576,3944,5048,4404,9646,779,4174,5436,4627,4365,4771,4907,4291,3533,3967,4390,4494,3169,2430,3314,3797,2963,2877,4189,4237,5116,3832,2807,3329,2780,4082,994,6976,2790,2929,2915,2866,3790,3563,3300,2271,3136,2205,3108,3424,1745,2036,1480,1583,2941,3031,3904,4072,2828,2533,1375,2673,2282,4740,4098,3937,2768,1750,2202,2186,2756,2222,2114,1438,1315,1292,1791,2112,1903,4016,2048,830,1298,1547,2036,2061,1314,1035,790,1253,1208,1522,1336,1097,746,517,653,1068
Montana,46.9219,-110.4544,7,5,5,11,7,4,7,0,4,2,3,2,1,3,1,2,0,2,0,2,0,2,-1,0,0,2,0,0,1,2,1,0,4,2,0,2,1,7,1,0,0,0,0,0,2,4,8,12,10,4,4,2,14,2,-1,5,3,6,7,2,10,15,13,8,5,16,25,11,32,19,17,9,23,37,26,23,11,56,48,49,67,45,39,45,37,78,44,95,127,84,81,85,109,144,135,135,105,62,87,91,101,97,129,221,82,39,94,202,138,151,116,112,40,81,115,173,155,132,63,65,87,164,139,134,118,91,42,54,110,116,144,160,53,60,135,161,144,134,188,89,81,88,182,180,148,145,100,52,65,87,195,122,140,96,86,137,187,216,224,292,136,130,271,212,330,322,343,200,306,311,347,429,355,501,279,212,500,716,614,722,718,585,423,486,599,723,662,630,596,569,703,619,928,863,639,738,621,845,620,887,1063,885,694,757,907,796,1013,979,1001,731,374,1098,919,961,1213,1642,1272,869,1371,1184,1236,1475,1249,1138,701,1123,1061,1117,114,1049,956,397,1007,1135,782,1314,633,806,716,755,787,759,978,774,659,0,737,604,839,509,627,551,154,623,575,407,0,504,347,219,427,874,255,0,389,437,283,714,682,690,818,534,222,329,424,576,457,525,421,337,183,288,391,394,400,361,242,164,344,371,403,312,516,187,121,314,426,301,347,259,73,124,374,307
Nebraska,41.1254,-98.2681,23,83,4,51,114,183,225,174,37,128,389,222,295,309,330,159,334,430,727,309,344,376,336,316,645,484,275,78,236,125,380,348,350,610,-43,448,229,268,305,235,301,171,228,257,365,265,399,257,196,244,271,269,254,267,166,92,122,132,140,257,207,118,90,121,187,193,183,174,119,105,151,136,122,125,178,251,124,143,135,133,142,208,167,102,117,155,224,198,154,221,174,227,318,262,155,227,120,102,264,343,296,332,356,221,223,281,258,265,344,445,180,311,254,222,311,332,283,141,187,264,334,214,416,328,253,131,191,262,215,308,278,154,109,158,301,379,374,335,317,293,241,287,421,474,192,144,81,89,494,448,456,478,269,68,454,328,449,502,466,410,286,305,397,493,453,431,434,467,515,466,520,621,792,426,404,452,498,639,663,0,1828,495,457,704,924,961,1286,618,736,749,592,899,977,1225,705,582,702,877,1169,1605,1495,1087,934,954,1440,1828,2124,2681,1702,1574,1582,2182,2209,2611,2369,1912,1327,3440,2204,2812,2663,2381,1368,1032,1860,0,1761,5270,1114,1257,1143,1941,1787,2336,2180,1615,2243,1266,1293,1468,1329,1850,1103,811,1173,483,1517,1242,1297,1345,670,967,721,1221,1338,695,805,175,637,875,932,1516,1501,918,546,738,585,1448,1436,1122,1023,1006,406,644,1000,1529,932,779,0,1068,198,0,2306,864,909,599,293,646,329,662,813,0,973,143,237,487,605,507,520,352,301,104,344,462
Nevada,38.3135,-117.0554,154,144,77,3,310,102,102,102,107,144,127,190,141,195,-34,121,113,119,195,141,83,158,30,81,114,65,251,-51,32,161,163,28,229,80,136,112,35,292,12,125,1,355,75,101,93,98,128,141,111,74,156,93,178,180,182,178,147,229,173,255,231,293,204,114,368,171,315,355,452,264,288,0,0,1331,381,1099,821,734,562,645,632,985,857,843,491,876,516,603,1004,930,845,832,1104,849,1447,1380,1182,1288,948,815,1129,1262,966,931,1027,988,1105,870,1018,1264,986,1131,994,980,649,729,976,886,811,742,548,528,602,1099,859,697,662,672,389,556,849,636,532,409,403,253,554,632,609,447,320,405,239,351,489,390,508,357,137,154,288,260,414,317,277,226,208,347,501,323,385,232,262,509,390,556,602,373,463,404,385,430,772,526,392,337,479,431,480,766,806,380,569,487,479,655,716,967,609,582,656,565,789,812,1147,891,475,730,571,1073,1232,977,716,637,911,1068,1267,1562,1824,1276,960,1322,1107,1469,1857,2269,1177,1916,1696,1664,2417,1838,2019,2155,2339,2871,3142,2541,1536,2912,1298,1644,2671,2155,2535,2902,3194,2512,2447,2697,3050,2193,2783,2639,2884,2580,2319,2366,2281,2878,2601,2087,1939,1090,2988,2249,1853,1589,1856,868,1747,2471,2136,2315,1825,2743,1418,2423,1938,3403,2865,2648,2260,1680,2593,1143,2187,1878,2040,1483,1221,1178,1171,1200,1869,1501,1194,990,956,1020,1078,1328,1070,959,838,811,750,889,897,898,651,548,546,659
New Hampshire,43.4525,-71.5639,56,-63,217,0,148,55,48,57,43,98,82,50,77,67,74,72,48,88,164,119,89,70,48,105,102,104,64,60,89,79,60,83,71,103,40,56,69,147,67,79,75,60,48,34,55,103,103,0,159,34,64,46,81,77,66,24,36,0,99,31,42,48,19,27,19,72,14,36,32,26,14,13,27,40,33,46,30,13,22,20,20,35,15,25,17,18,20,21,18,33,30,14,23,22,26,26,23,15,46,13,33,23,57,40,21,5,59,13,31,39,31,20,26,33,26,23,37,39,17,5,21,26,34,43,16,8,16,13,19,14,21,23,13,33,16,0,38,22,30,8,21,22,12,38,21,56,23,29,18,0,79,47,32,44,18,36,31,0,80,59,27,5,38,17,37,41,36,51,36,25,33,51,217,63,48,0,86,0,147,92,122,51,65,71,70,77,88,111,0,121,82,89,77,118,126,90,69,133,111,127,116,200,130,106,128,115,245,204,229,247,211,220,233,323,462,384,361,358,279,447,529,527,493,322,445,362,402,0,477,702,491,514,772,566,625,697,448,633,1045,807,969,681,1187,784,712,919,670,888,831,696,649,933,846,620,504,390,0,1031,876,861,1027,545,786,0,1178,1244,878,664,846,423,891,719,729,707,842,976,653,772,395,919,0,1845,728,857,657,625,761,431,404,391,695,580,524,333,363,0,663,396,478,466,318,120,419,329
New Jersey,40.2989,-74.521,2734,4240,2206,4287,3150,2953,3881,3421,3665,3527,4111,2171,3302,3540,2150,2668,2509,2287,2538,2527,3027,1525,2324,1297,2101,1849,1557,1357,1452,711,643,1144,1280,1105,1415,1736,1116,1420,810,993,561,1014,938,672,864,557,1659,764,837,473,627,523,462,806,557,271,333,299,550,470,348,441,276,222,323,277,404,389,338,308,273,319,158,304,388,289,309,90,395,261,428,386,291,369,209,267,161,231,358,331,339,224,393,363,223,50,263,-31,180,293,389,242,458,513,505,449,483,305,370,690,369,321,264,356,357,374,360,368,344,258,444,463,656,570,278,13,312,331,329,100,290,529,148,225,302,285,307,358,349,291,349,330,305,378,449,325,311,332,277,327,420,474,449,297,334,436,388,569,487,461,453,392,426,408,228,884,750,698,559,456,712,614,740,947,626,511,629,508,1298,865,864,751,469,988,938,971,810,934,909,1558,988,1030,1162,1045,1909,1129,1216,1647,1666,1550,1976,1363,1743,1368,1828,2432,1962,2161,3202,2013,2058,3777,3065,3491,3397,4353,4538,2219,4026,4043,4182,3626,4669,3968,3581,4275,4042,4473,4095,3080,4561,3190,4606,4296,4793,5663,5324,6030,3563,5476,4431,5120,3650,6240,4154,4798,3966,5661,4255,3896,4191,5175,3171,4603,4772,4704,5060,3999,2320,2744,3657,4642,5096,5501,5511,3670,1060,6534,60421,6704,5931,6558,5578,5334,4587,7880,7092,6311,6057,5132,3853,4628,5438,5049,4200,7147,5272,4143,4830,4756,4746,5986,5274,4286,3517,3150,2311,3289,4228,4511,4332,2561,3576,4370
New Mexico,34.8405,-106.2485,17,83,139,0,113,201,47,126,0,239,169,142,139,66,99,149,239,198,102,219,118,181,107,153,202,180,105,85,206,143,152,139,159,185,91,158,96,125,155,153,0,318,83,104,122,112,129,131,65,111,224,116,213,319,128,140,122,43,145,117,159,95,102,122,88,132,88,107,170,135,129,144,152,202,216,211,190,173,165,129,244,256,287,193,251,220,290,234,298,224,255,263,223,327,297,318,280,235,244,302,311,335,312,313,254,460,289,345,252,212,196,220,114,210,226,207,192,150,200,129,199,173,171,173,142,106,92,79,170,202,144,207,94,146,64,126,188,122,136,105,69,108,152,200,90,146,59,37,37,87,161,134,98,100,81,81,118,158,151,162,67,104,107,197,237,263,205,152,141,172,278,226,339,296,181,155,315,425,384,485,481,261,379,351,577,668,812,573,445,514,594,819,662,791,872,823,723,583,657,1078,1005,581,742,872,1136,1011,859,1284,1277,1210,1408,1258,1487,1742,1230,1165,1030,1253,2105,2892,3665,2982,2342,2456,2252,2099,1855,1694,2056,2130,1435,1678,2324,1544,1899,2073,1921,1232,1859,0,3003,1781,1834,1793,1442,1499,1258,1800,1688,1455,1430,1063,815,1267,1167,1924,1456,604,742,691,1216,1311,1678,1278,1237,1015,921,1184,1485,1835,1637,1498,1203,930,887,1145,1424,1262,1088,744,626,691,881,988,908,848,626,491,600,751,672,1079,741,525,486,432,670,559,582,421,342,311,413,510
New York,42.1657,-74.9481,6716,7271,11434,9237,6906,11115,6103,5245,5301,4931,168,8130,10553,5902,3951,3110,4585,4681,3942,4663,3438,2538,2239,2786,3491,2938,2715,2273,1660,1430,2176,2390,2762,2419,1889,1250,1474,1525,2088,1696,1772,1589,1249,1072,1129,1768,1551,1376,1110,941,1329,1045,1048,1075,1108,781,702,683,674,736,822,916,694,620,631,567,618,796,716,664,552,597,581,749,805,703,616,864,51,625,875,918,726,533,518,588,692,584,786,730,677,557,912,831,769,776,754,502,519,855,705,811,753,750,536,608,534,715,777,644,753,531,545,746,636,703,714,703,515,476,667,700,737,727,734,607,408,655,631,601,709,653,572,408,629,566,791,636,635,698,656,754,708,889,864,801,729,520,557,576,757,880,849,725,583,766,652,896,790,986,862,573,754,665,955,908,1005,866,834,1189,1000,1382,1598,1731,1222,933,1393,1360,1836,1592,1447,1143,1029,1393,1232,1460,1707,1784,1390,998,1201,2026,1628,1637,2061,1632,1191,1991,2031,2499,2255,2112,2192,1633,2321,2126,2997,3209,3587,3428,3144,3965,4820,4797,5401,5388,3649,3490,5088,5294,5310,5468,5973,5391,5906,4881,6265,6933,8176,6063,6723,6819,7285,8973,9855,11271,10761,9702,7302,9335,10600,10178,10595,10942,9988,9370,10420,9998,10914,12697,9919,9957,9007,9716,11937,12568,21615,11129,8008,8268,10183,12917,15393,17033,15849,12232,11242,13142,16016,17588,19560,17839,16308,14179,14791,14704,14187,19469,15945,13694,13410,12721,11119,13908,15684,13909,12383,11972,11040,10365,13783,12951,12892,11209,8932,7949,7154,6970,7897,11492,9923,8972,8279,6584
North Carolina,35.6301,-79.8064,316,227,227,299,406,283,273,294,239,361,325,470,478,229,324,434,425,574,316,518,182,201,539,543,487,466,472,460,336,348,730,616,526,636,543,534,32,1023,250,1598,754,501,692,398,461,884,1085,909,991,807,431,1253,799,1220,1423,907,892,710,1246,1111,1833,1428,1419,850,793,1027,1233,1618,1605,1411,1163,675,1888,945,1686,1654,1436,1488,1591,1424,1465,2046,1408,1322,1783,1515,1397,1969,2376,1874,1865,1898,2331,1837,1871,1862,2522,1711,1428,1985,2060,1849,2603,1693,1516,1979,1784,1687,2145,1766,1708,1324,2300,1085,1018,2069,1535,1611,1398,1216,1181,996,1085,1346,1534,1248,564,1263,1146,1979,2006,1730,1473,1283,1345,1244,2091,1415,2585,1051,1182,2115,1129,1648,2052,1562,1086,1018,716,901,1218,1532,1452,1198,844,1107,1137,1552,1397,1274,1300,808,1193,952,1687,6143,1730,1289,877,910,1496,2266,1786,2202,610,2258,1504,1711,2428,2034,2321,1719,1276,1734,1926,2532,2684,2102,2303,1144,1578,1842,2400,2716,2584,1807,1643,2141,2253,2885,2809,2805,2057,1336,2349,2425,2859,2908,2676,2094,1521,2582,3119,2893,1779,3885,3117,1972,3288,3367,4296,3688,3415,4514,2419,3100,4212,0,8008,3444,3820,2734,2883,4199,5637,5303,6018,6438,4372,4670,6495,5556,7540,6153,6819,4770,5236,5273,5786,8444,6164,6900,4479,5255,5609,0,0,19419,2898,3888,3563,8551,6715,0,18892,6487,5187,5285,6952,10398,10028,11581,8833,5936,6851,5098,9853,8914,7986,6811,0,9860,6415,7187,7436,7181,6096,4633,3978,5587,6490,6959,6168,4899,3776,2926,12079,5495,5547,4172,4674,3084,2786,3833
North Dakota,47.5289,-99.784,23,10,24,28,0,135,57,42,17,35,30,39,55,64,75,49,42,34,40,46,38,34,41,57,48,54,39,27,27,53,76,65,49,87,52,31,63,101,134,88,48,53,39,-35,17,42,39,34,23,48,21,33,27,39,71,45,19,21,40,39,36,42,22,21,23,42,27,33,25,37,25,7,42,31,28,37,37,44,37,39,42,65,57,37,33,49,73,100,84,88,91,108,51,72,103,124,115,112,107,81,160,126,121,122,140,110,155,86,74,168,133,58,125,148,124,120,150,181,88,117,172,85,201,151,122,143,60,135,186,274,232,262,140,124,229,238,333,310,374,218,114,184,267,362,344,361,297,170,71,238,333,241,467,426,254,233,269,390,507,377,351,286,264,473,470,434,495,344,259,418,445,372,476,440,416,312,502,493,527,655,588,637,472,508,703,706,864,744,717,659,1029,499,887,887,935,845,522,889,777,1223,1353,1433,1127,972,1172,1114,1536,1765,1602,1101,1153,894,1021,1800,1429,2270,924,1089,1082,1263,1382,1404,1524,1143,714,1004,1077,964,790,703,723,594,403,480,970,844,555,477,361,0,2807,558,507,376,281,196,326,293,377,491,230,251,81,336,270,225,274,133,110,93,271,375,292,275,121,150,199,254,338,324,282,120,158,114,138,167,243,221,115,150,70,137,151,147,196,155,97,57,132,154,144,153,104,68,51,117,139,98,61,11,49,29,-9,39
Northern Mariana Islands,15.0979,145.6739,0,0,2,0,0,1,0,0,0,0,0,0,0,0,0,0,0,0,0,0,0,0,0,1,0,0,1,0,3,0,0,0,0,2,0,0,0,0,1,0,0,0,0,0,0,0,0,0,0,0,1,1,2,0,0,1,1,2,0,0,0,0,0,0,0,0,0,0,0,0,0,0,0,0,0,0,0,0,0,0,1,0,0,0,0,0,0,0,0,2,0,0,3,0,1,0,0,0,1,0,0,0,0,2,0,0,0,2,0,0,2,1,1,0,0,1,0,1,0,1,0,0,0,1,0,0,4,0,0,0,0,0,0,0,0,0,0,0,2,0,0,1,0,0,0,1,0,1,0,0,0,0,1,0,1,0,0,1,0,6,0,1,0,0,0,0,1,0,0,0,0,3,0,0,0,2,0,0,0,0,2,0,0,0,0,3,0,6,0,0,2,0,0,0,0,0,4,0,0,0,0,0,4,0,0,0,2,0,0,2,0,0,0,0,0,0,2,1,0,0,0,0,0,1,0,0,0,0,0,0,1,1,0,0,0,0,0,3,2,2,0,0,0,0,0,0,0,0,2,0,0,1,0,0,2,0,4,0,0,0,0,0,0,0,0,0,0,0,3,0,0,0,0,3,0,0,0,0,0,0,1,0,0,0,0,0,0,3,0,0,0,0,0,0,1,0,0,0,0,0,0,0,0,0
Ohio,40.3888,-82.7649,371,310,509,620,693,1115,1380,1317,806,392,577,475,418,385,353,444,534,724,716,592,579,560,495,607,555,885,681,384,696,473,471,636,597,520,449,531,498,484,731,627,614,503,566,529,433,476,651,467,480,471,366,442,490,476,353,365,361,325,413,429,420,427,297,428,434,412,700,609,530,547,729,590,632,892,987,817,854,737,743,1076,0,2392,926,967,806,948,1277,1150,1525,1358,1378,1261,1142,1316,1290,1679,1541,1111,1236,1047,1527,1444,1560,1438,889,1104,1320,1396,1733,1533,928,944,932,1143,1199,1166,1204,1294,879,883,1095,1422,1178,1131,1117,613,775,848,971,1122,1043,1119,637,849,844,1089,1244,1296,1196,940,895,1451,1161,1345,1332,1341,773,778,656,973,1121,1240,1242,837,1079,1001,1033,1067,1011,951,762,856,685,903,991,1150,1115,800,993,1105,1080,1327,1495,1157,941,1057,1335,1424,1539,1840,1356,1291,1430,1447,2039,2178,2148,2234,1562,1837,2015,2366,2425,2518,2858,2309,2116,2509,2607,3590,3845,2915,3303,2909,4229,4071,4961,5008,5549,4541,4706,6508,5874,7101,8071,7715,7853,7268,7079,6385,7787,8808,7863,8133,11885,8536,10903,0,17065,6895,7729,6631,9030,7835,8921,10114,10469,7592,9273,25721,10094,11738,10359,11252,9266,7875,8755,5409,11412,9684,8567,8377,6548,7678,7790,8828,0,11018,5857,4519,7526,8178,9632,0,14293,6808,5942,7580,7814,10251,9535,8374,6088,7892,7981,6701,7654,7149,7065,5247,4312,4983,6384,7271,4278,5859,4481,4334,4262,5366,5432,4874,4191,3011,3287,3657,3991,4120,3683,3549,2138,1926,3207,3281
Oklahoma,35.5653,-96.9289,99,115,79,94,108,0,102,113,127,87,123,104,73,60,27,129,63,145,130,103,121,72,83,75,128,94,66,99,24,119,126,105,124,150,73,88,91,43,148,169,111,77,53,48,91,44,65,80,0,155,119,113,102,100,52,91,55,158,120,143,223,224,158,186,228,259,451,352,331,478,218,297,479,438,399,299,301,228,582,362,412,538,579,283,431,858,674,603,595,687,456,511,994,1074,626,700,917,209,170,890,972,671,1147,965,1204,1400,1090,848,1117,747,1244,494,377,861,1101,837,854,825,486,397,765,670,705,794,901,544,369,601,611,746,1077,853,566,357,650,666,712,710,1093,766,614,665,720,909,1013,1147,420,613,833,876,771,942,1017,695,869,1091,970,1034,1249,1237,1003,1101,1164,1089,1083,1276,990,823,861,1025,980,1170,1190,1189,0,1234,1364,1006,1212,1524,1533,766,797,1309,1122,1221,1472,1160,831,774,1475,1307,1628,1373,1829,1051,663,1010,743,1041,1302,1267,1349,1084,1331,1246,2101,1878,0,4507,2197,1702,2177,2357,2667,2847,3923,2729,1551,3017,2915,2921,3663,3406,3544,2736,3732,0,3225,6257,1721,2200,1737,2859,1707,4827,4370,3241,1903,2297,2307,2460,3900,3983,4332,2099,2224,3238,2975,3556,4108,4970,2596,2186,3656,3277,0,3955,2631,3448,1194,3249,3906,0,5119,8017,2699,1497,3305,3781,5232,4289,6487,3885,2210,3907,3142,3538,3621,3314,1837,1558,1986,2686,2946,4157,2941,1763,1571,2686,2320,2787,2373,2882,1396,1296,2119,2782,2662,2053,2174,1040,1070,1660
Oregon,44.572,-122.0709,57,49,30,73,49,59,66,47,47,55,68,50,76,58,43,31,61,64,69,56,45,79,80,77,73,79,92,68,58,72,58,63,62,71,11,64,39,75,16,47,24,39,22,18,71,48,45,54,58,59,33,64,75,96,0,92,260,66,72,177,140,0,0,443,278,120,148,206,0,0,511,191,170,124,250,276,247,144,171,275,363,342,294,300,165,210,212,371,266,397,319,268,367,276,428,293,347,430,268,292,254,320,391,0,654,330,320,313,410,361,325,280,269,333,279,246,411,375,262,216,286,248,278,313,405,244,189,225,194,295,256,289,227,218,236,180,190,293,239,261,159,233,129,261,265,255,188,146,166,115,0,394,291,181,0,325,188,210,282,257,202,194,318,190,362,449,267,239,174,297,218,353,301,348,259,279,290,295,482,410,398,331,212,313,380,365,410,380,217,262,342,307,0,905,391,362,335,372,420,565,595,533,508,549,482,589,790,769,979,861,707,754,861,1109,1058,1081,862,766,924,1099,1204,1302,1493,1502,1163,1000,1170,0,2329,1674,1613,1312,1223,1506,1133,2144,1806,1253,1292,1294,1205,1551,1582,1419,1014,1157,1082,1530,1314,1372,1506,1116,825,1318,897,851,0,1505,1399,820,682,1033,1649,0,2439,1397,708,1035,735,862,1762,1629,1207,924,1173,1329,1137,1012,1154,793,646,617,674,831,866,761,568,419,768,708,720,946,687,0,957,605,627,715,817,604,381,297,513,543
Pennsylvania,40.5908,-77.2098,1354,1173,1288,1505,1630,1764,1250,1012,1335,833,2297,1829,945,1463,942,1579,1190,1644,1608,915,731,1591,1048,936,1156,1415,1189,1379,520,851,791,1004,1031,1049,515,969,642,815,1126,959,798,554,362,853,779,663,764,713,432,517,579,555,555,480,690,403,431,531,446,532,633,463,259,386,389,311,394,516,391,345,641,632,477,456,719,586,417,604,672,636,837,780,530,481,697,798,827,817,940,734,578,536,936,1003,806,1004,701,604,1021,1055,727,850,1255,823,630,1250,1088,856,868,980,681,565,861,830,722,801,781,637,647,909,795,902,987,827,799,539,577,600,658,787,725,743,519,525,556,519,633,869,795,558,661,753,984,1038,925,785,544,716,616,873,667,1007,932,0,1365,1044,806,925,747,714,631,826,784,859,845,833,919,811,850,1586,919,945,1194,0,1888,975,1123,1303,1421,1381,1468,984,1038,1832,1284,1551,1679,1503,1086,1627,1589,1363,2068,2254,1715,1343,2535,2272,2332,2235,2499,2205,1625,2827,2831,2809,2815,3648,3147,2521,4710,4322,3969,6140,5833,4234,4474,6539,5722,6468,6869,7010,5684,6370,6800,6355,6952,7177,8596,6707,4999,5891,5695,8421,11483,12087,11114,7465,9107,10104,8613,12030,13295,9081,9769,10075,9575,10191,10008,9168,8779,6361,9843,7688,9687,9334,6132,6827,4505,5630,8624,8535,9329,6701,8489,4333,5126,8959,9400,9607,10216,9056,6588,6908,7221,8008,7162,6079,6246,5496,3581,7381,5637,5554,5300,5147,3517,4996,4663,5821,6050,9384,4459,3571,3920,4231,3135,3389,4727,3774,3924,3019,4673,3090
Puerto Rico,18.2208,-66.5901,6,20,51,69,25,50,95,39,46,-46,164,-140,31,64,18,11,33,106,36,182,51,35,81,44,63,125,17,25,58,43,30,98,115,47,57,64,95,61,47,117,70,89,71,64,73,89,161,71,58,97,62,88,485,112,295,70,61,139,144,23,184,154,121,79,61,52,108,84,268,62,39,121,135,57,45,144,123,61,215,72,71,75,104,129,669,129,31,117,275,229,288,356,113,256,195,546,333,610,398,479,98,435,494,573,603,288,409,221,511,209,1091,539,380,533,327,283,752,738,697,700,582,671,372,682,567,311,754,953,221,209,703,731,319,722,102,24,639,605,562,298,351,222,582,195,43,251,41,842,129,3,772,302,511,288,370,422,112,583,817,1309,845,638,120,64,1182,1063,508,891,1118,1045,288,312,680,628,300,630,432,31,526,598,472,307,563,306,976,569,327,238,643,657,693,187,207,1947,296,1223,632,362,90,1211,945,385,533,1511,771,77,396,1103,1013,634,0,275,264,1332,667,653,707,537,569,325,521,904,1099,1025,741,348,177,501,1452,903,121,843,775,388,397,492,935,1139,951,694,646,496,1544,721,708,554,434,267,1065,1381,1079,1222,416,1063,576,320,616,1019,784,431,2132,98,403,763,878,237,636,514,293,286,2169,563,489,349,959,212,177,1138,569,858,558,434,140,215,554,791,955,568,473,175,297,427,438,218,614,288,136,322,80,291,484,322,241,92
Rhode Island,41.6809,-71.5118,0,586,0,278,648,314,215,384,410,341,415,443,430,310,269,219,320,374,341,327,188,175,281,272,325,249,210,285,176,164,221,181,203,215,240,121,156,405,215,165,216,113,0,145,143,141,141,184,109,63,121,107,106,116,0,0,201,49,65,106,85,0,0,146,71,49,56,68,0,0,122,74,73,34,21,0,0,103,49,40,88,50,0,0,0,163,50,39,69,0,0,175,101,52,71,82,0,0,111,82,76,86,76,0,0,291,210,75,150,72,0,0,224,144,91,130,127,0,0,196,119,76,111,95,0,0,237,120,103,76,151,0,0,280,70,82,135,94,0,0,266,53,76,65,100,0,0,0,349,84,106,123,0,0,225,120,108,130,132,0,0,312,112,133,134,-130,0,0,243,132,192,166,162,0,0,343,177,180,269,249,0,0,0,666,204,274,253,0,0,656,302,474,471,524,0,0,906,421,499,368,562,0,0,1246,423,579,628,630,0,0,1629,789,978,988,765,0,0,2394,605,1383,1040,1050,0,0,2572,851,893,0,1637,0,0,2769,1183,1099,1717,1415,0,0,3681,1249,1232,948,1571,0,0,3253,1166,972,1081,522,0,0,2419,956,879,0,0,0,0,3536,1187,1160,0,0,0,0,4759,1144,1611,1128,1023,0,0,2993,786,1092,901,1057,0,0,0,2623,810,910,949,0,0,2019,642,613,745,684,0,0,1518,235,513,587,600,0,0,1213,330,459
South Carolina,33.8569,-80.945,71,162,103,275,168,149,129,69,-7,322,156,153,183,245,115,122,147,213,163,231,137,131,84,95,206,225,164,122,139,135,103,159,218,254,155,126,114,119,206,257,257,201,82,238,207,165,343,263,467,287,267,0,0,1038,0,833,514,428,531,682,729,785,840,583,612,566,977,1075,1148,905,1005,906,1325,1125,1313,1604,1381,1324,1755,1520,1782,1831,1854,1461,1533,972,1557,1782,1728,2280,1949,1520,2221,1856,1838,1977,1552,2374,1459,1892,1705,1564,2001,1401,1191,1218,1692,1737,1726,1444,1583,1189,1163,1239,1282,1325,1422,1241,975,724,971,844,935,932,1041,615,456,719,739,909,1058,917,693,563,937,605,505,1353,1298,1075,668,854,657,1193,1629,964,663,655,301,305,379,2454,932,1886,816,790,652,1324,872,922,468,416,2665,897,1021,1195,1371,614,568,1179,308,381,862,1706,691,577,811,735,1050,921,945,785,649,828,926,1297,1147,961,776,619,884,864,1128,1064,792,1337,823,1078,912,1100,1003,1018,1411,894,1035,918,769,1233,1870,946,703,1347,1257,1495,1611,1913,1493,1110,1283,1547,1713,2001,1857,1277,1257,1678,1675,0,2215,1791,1218,1358,1425,1923,2228,2950,3222,2864,2553,2302,2490,2242,3540,3572,3408,2570,2544,2799,2655,4302,3461,2869,2327,2322,4175,2798,0,3864,7287,1871,2552,2873,4032,0,5211,8951,3803,2601,5162,4877,6064,5908,4441,3129,1703,6021,5802,4787,6455,5762,3280,2854,5525,4649,4696,4601,4536,3092,2250,3564,3938,4464,4152,3601,2530,1988,2890,3084,6096,3007,3392,2030,1908,2829
South Dakota,44.2998,-99.4388,138,120,180,143,100,131,93,50,70,103,98,84,107,65,32,69,60,76,76,63,43,37,53,59,126,239,248,124,97,49,69,60,95,72,28,40,58,92,0,179,108,99,23,67,57,83,73,94,33,41,33,95,85,30,90,71,33,52,81,61,77,91,65,30,38,84,59,49,67,72,29,27,66,60,56,91,55,35,48,62,67,85,50,35,42,58,79,94,65,53,45,25,48,80,42,95,73,44,37,76,58,66,57,105,90,49,48,149,44,79,103,88,65,59,89,105,98,106,128,58,50,102,82,127,94,156,86,81,125,125,193,251,141,149,80,66,623,323,425,380,187,240,254,334,259,293,220,191,103,168,263,283,320,201,163,193,297,395,389,369,252,173,320,445,463,457,579,408,197,259,392,747,386,464,432,180,278,1030,535,774,732,617,361,414,876,797,793,806,658,567,621,587,973,1185,939,1062,538,989,1270,1000,1559,1433,1332,526,1004,937,1360,1488,1337,1428,907,1023,1362,2020,1611,1855,1199,897,1006,1387,1071,1328,1144,851,783,1011,1283,0,2138,819,801,564,448,1291,1145,1050,906,687,509,538,985,704,945,735,631,316,345,904,594,575,564,391,347,435,531,506,0,417,427,267,501,562,444,0,665,703,111,433,608,448,448,321,417,181,244,452,317,425,341,266,115,127,277,337,316,247,185,32,200,228,187,160,115,180,65,116,208,174,131,188,97,54,122,175
Tennessee,35.7478,-86.6923,102,217,0,548,-112,326,481,168,156,0,872,462,461,478,251,134,314,369,1156,770,516,394,119,248,158,345,327,217,559,567,259,329,261,303,96,652,401,0,549,433,391,326,424,360,390,394,384,503,0,0,1776,491,357,474,513,316,512,570,355,410,778,431,794,661,747,363,656,1247,429,656,451,750,932,799,1410,728,0,2125,1212,1806,1575,1822,1428,1176,723,1475,2472,1605,1955,1460,954,3314,1514,2273,2479,2279,2517,1779,1639,2190,2473,2570,2091,1718,3140,2553,2555,1778,2049,3088,2225,1443,1009,1805,1657,2252,2432,1803,2127,1202,1001,1478,2118,1947,1289,1961,1036,1026,2030,1375,1669,1239,1854,667,813,1936,1826,1636,1465,835,1818,1396,1502,1715,1051,1765,1764,983,645,852,1631,1622,1032,933,2450,957,1856,1053,2357,942,2075,895,739,1650,892,1764,1437,2104,737,879,1528,1293,971,1192,1615,2489,1676,2080,1992,1556,1646,2068,2965,1147,1709,2289,666,2646,2605,3317,1508,2292,2046,3606,2574,3500,2279,1908,2446,2660,2608,1184,754,3161,1770,3445,1969,1373,5071,3636,5919,1979,3632,3344,3733,4662,5817,7951,1841,4472,2887,3444,4355,4589,4074,1366,2056,4404,4340,6750,3052,7975,5693,4099,3967,4356,4914,3072,8136,6019,8213,6011,7289,6691,11352,10319,8251,11410,8945,10421,0,16036,9891,4441,7221,5257,0,14395,3188,3712,4797,8220,5993,0,17330,4165,3953,5399,7731,8857,6369,5844,7419,3527,3478,4625,4983,5557,4808,4474,2430,2314,4226,3492,4064,4029,2841,1710,1979,3400,1777,4908,2251,3119,1326,2173,1856,3154,2661,3182,2387,1226,1636,2947
Texas,31.0545,-97.5635,598,731,901,969,973,855,556,491,823,747,1329,992,511,814,354,1036,900,1470,965,1225,1081,785,1129,1016,1108,1210,1148,864,1297,877,1588,1460,1241,1731,944,781,1375,1121,1380,486,1237,1085,548,821,1312,1853,506,1774,1977,941,1717,1567,1678,1993,1922,938,1055,1745,2569,1881,2269,1988,1608,1688,3358,4130,3560,4135,4187,3363,4846,5142,5200,6426,5615,5721,4258,6554,6354,9308,6769,6454,6562,2779,10710,10384,8903,11612,8215,9659,8347,7016,9799,10260,16017,11914,9338,8151,8526,7288,12544,9422,7327,9922,3798,6252,8157,10502,9234,10064,6445,3407,8479,9408,10967,6921,7384,6328,5696,6253,8119,6277,6880,8816,6879,8842,5716,7702,5821,5259,5740,3717,4824,4277,5878,6320,3901,4805,7397,2819,3169,4982,4134,3567,5928,4465,2387,839,3386,5073,2092,5442,2682,4169,3863,7005,4054,4543,3213,3377,5067,21771,6885,1250,4453,3702,3243,4445,2442,6066,5755,3717,5570,5119,2769,4125,4250,5121,4064,4437,3724,2511,2684,5706,5920,4830,5921,4955,5564,2942,5329,6704,2472,7114,9795,3644,6296,6467,7066,6886,5726,7814,4555,5487,7999,9509,9679,7732,7839,5869,7097,12337,11972,9027,11753,9113,7524,7165,11957,27294,13573,12854,11828,9105,8523,19481,15178,6093,4439,6334,11541,13634,12182,18012,17423,13100,12174,11095,8981,14924,13308,83402,16062,13438,9046,10043,20589,21919,17299,17283,15175,9264,11520,21623,21955,10840,3315,5414,22848,9563,29535,20166,16057,13288,13858,16867,20826,33027,20626,25292,22463,19361,16274,22015,24441,26106,27886,26284,17741,14449,11079,19269,28095,23317,18918,14684,7948,19003,21197,18599,21052,17916,15078,13078,36283,19060,17848,13889,14579,8502,8356,9717,13755,12727
Utah,40.15,-111.8624,60,54,131,135,110,124,152,144,84,148,167,170,166,175,113,109,152,175,156,157,190,142,132,146,129,195,184,148,111,70,188,129,164,155,170,146,134,192,164,183,203,132,129,99,86,215,343,269,264,202,203,295,316,439,546,268,256,237,305,388,325,404,332,295,329,407,495,586,643,394,444,394,484,590,676,578,472,564,553,499,554,596,676,410,517,564,722,601,867,632,629,546,448,413,954,727,760,785,409,486,566,521,863,661,350,436,446,339,502,500,506,473,354,378,421,587,460,376,376,263,362,338,334,552,345,331,242,263,364,461,463,369,301,249,403,407,383,391,458,448,253,296,419,504,513,433,388,373,326,314,346,656,572,628,563,562,747,911,1117,1077,920,622,650,877,1198,1411,1017,1068,827,694,906,1008,1107,1068,1393,1105,716,1007,1501,1343,1354,1200,988,987,1144,1498,1496,1340,1097,1168,1081,1363,1543,1960,1608,1765,1201,1145,1575,1837,2292,1724,1854,1196,1669,2110,2807,2987,2956,2386,2247,2517,2335,3919,2150,5352,2667,1971,3178,3071,3968,4588,3395,3197,2244,2701,1781,0,6142,2043,1722,1897,2510,4004,3945,3005,3674,2563,2231,2333,2574,3401,2183,3692,2083,1968,1915,2928,3203,2644,2408,1994,1819,2302,2612,2892,0,3489,796,1716,2736,2614,4672,0,5042,1819,2160,3318,3769,4597,3793,2613,2276,1484,2146,5188,2742,2543,2150,1585,1082,1302,2159,2089,2649,1771,1516,859,1411,2009,1761,1517,1468,1194,584,1201,1591,1273,1216,1211,908,514,918,1299
Vermont,44.0459,-72.7107,21,4,7,15,5,24,10,3,2,5,2,2,16,8,4,7,0,4,13,7,11,5,5,1,8,3,2,6,-1,1,2,3,1,1,6,0,4,0,6,2,2,2,6,5,4,3,1,2,4,2,5,2,36,1,19,17,12,9,11,15,9,6,2,1,3,-1,5,9,3,12,4,1,20,7,7,2,2,6,0,2,17,9,2,11,2,3,2,16,5,6,13,5,4,13,7,9,4,12,10,6,0,11,8,11,4,2,3,1,1,7,7,5,1,4,5,9,3,6,5,3,10,6,6,17,8,6,12,3,3,4,4,12,4,9,6,5,9,3,16,11,8,11,2,0,5,5,1,3,3,2,5,7,9,7,12,6,0,3,1,4,5,4,2,1,2,7,8,3,3,4,3,3,13,10,7,32,4,6,11,8,11,11,8,10,3,14,12,11,11,9,10,15,16,29,27,30,10,30,7,21,14,24,17,23,18,30,36,23,21,45,23,47,73,116,92,100,46,119,96,57,149,149,87,83,85,48,65,0,178,28,67,72,67,222,181,121,131,121,65,100,105,128,128,85,127,104,66,86,140,94,100,100,91,74,72,101,0,185,63,91,82,74,136,0,277,104,80,165,120,245,216,171,177,111,169,121,205,161,181,142,163,101,150,109,179,149,125,132,120,94,144,135,173,134,118,113,133,174,109,154,134,146,59,17
Virgin Islands,18.3358,-64.8963,0,0,0,0,0,2,0,0,0,1,0,0,1,2,0,0,0,9,0,0,0,0,0,0,0,2,0,1,0,0,0,0,0,0,0,0,0,0,0,0,0,0,0,0,0,0,0,0,0,1,0,0,1,0,0,0,0,0,1,0,0,0,0,0,0,1,0,0,0,3,0,0,0,4,1,0,0,0,0,9,2,6,13,0,1,4,6,22,9,14,14,25,0,37,6,14,20,0,21,0,16,16,16,0,0,12,11,10,0,21,15,0,18,24,18,20,21,6,0,19,29,63,43,22,30,7,19,36,32,41,63,0,0,52,14,32,22,23,43,11,5,9,1,6,0,17,14,9,1,6,4,0,10,9,1,11,0,6,19,0,12,0,9,12,0,6,21,0,1,0,0,8,0,1,0,-5,-1,1,2,0,1,0,0,3,0,1,0,6,0,0,2,0,6,3,0,0,2,3,2,0,9,14,0,0,9,3,0,2,0,15,0,8,0,0,13,8,0,0,16,13,6,13,9,13,3,14,0,0,0,17,6,0,6,39,0,24,20,0,16,31,18,35,58,0,0,16,21,0,50,22,10,11,0,13,16,17,12,0,0,0,0,31,21,5,5,1,13,28,0,47,13,0,0,0,23,0,0,0,0,94,0,23,22,0,16,20,0,9,23,0,11,14,0,0,23,5,4,10,9,0,17,0,19,0
Virginia,37.7693,-78.17,473,435,318,389,602,562,489,448,640,636,732,596,772,604,568,801,623,885,1055,836,934,821,764,0,1313,772,854,885,989,730,946,1067,859,1011,705,752,1005,763,1229,813,799,495,1483,1615,907,1152,1132,1078,996,791,841,666,951,676,865,1284,570,487,439,470,564,658,637,380,445,444,463,555,650,551,471,529,520,432,624,677,489,453,598,416,532,658,716,639,354,638,635,613,943,851,888,972,801,1084,904,1002,940,1057,945,996,1022,844,1127,1245,958,1505,922,999,911,984,913,981,1324,1145,798,818,2015,1307,897,663,996,776,1101,1216,912,937,734,861,737,860,978,1211,892,663,1003,822,1121,1009,1216,935,846,1018,925,1119,1101,943,1196,639,834,879,1231,1111,1297,874,751,935,841,1098,1238,941,849,627,862,575,898,937,973,734,443,901,747,444,954,1093,1059,680,623,506,1819,1102,1237,800,839,1199,789,1302,1172,1085,881,684,910,990,1306,1164,1061,983,1501,1134,1345,1429,1456,1551,1202,1026,1261,1157,1366,1568,2103,1302,1302,1435,1594,1521,1235,1537,1161,2677,2125,2071,1954,2544,2348,2117,3242,2544,2718,2600,1544,3173,2325,1893,2228,2417,2023,2877,3793,3880,3817,3860,4398,3915,3395,4177,3294,3240,3160,3931,3853,3295,3584,3876,4042,3591,4652,4782,4078,1584,3999,2599,4122,4048,5239,5182,3989,5010,3771,4377,5387,5379,5238,5798,5141,4530,4561,4598,5294,4795,6757,9914,7245,4526,4515,4013,4147,4904,3792,6172,4707,5227,5121,4238,4309,2558,2861,2740,2959,3059,5069,4709,2949,1700,3291,3203
Washington,47.4009,-121.4905,26,164,143,115,460,259,479,-141,278,204,157,224,342,202,165,156,228,257,310,366,182,277,132,311,326,157,286,217,231,208,182,261,178,337,145,178,200,160,146,148,0,563,237,116,225,358,307,278,353,275,180,327,245,264,449,287,312,313,0,425,392,367,296,324,373,253,408,409,624,455,190,516,483,498,488,549,348,501,571,611,716,627,469,651,1087,435,521,640,637,0,1438,1101,547,742,1267,754,959,920,797,832,672,762,815,1025,786,686,884,780,818,0,1738,632,542,664,705,833,670,936,549,575,504,551,637,800,746,576,260,542,426,700,390,816,417,359,334,456,542,598,578,441,315,304,438,479,479,501,399,310,0,464,458,544,465,350,312,327,347,386,404,597,349,182,463,509,536,988,604,439,369,404,480,594,694,609,455,402,387,545,710,642,475,0,0,1740,734,676,709,777,530,460,489,724,651,820,919,649,587,527,716,814,1016,928,814,1039,657,1469,1070,1691,1770,1320,1239,1441,0,3345,2142,2233,2309,1492,2589,1303,1987,2132,1717,0,6277,3482,2887,0,4261,2467,2066,2319,2197,3126,2095,1853,1503,1654,6957,2923,2536,2550,3141,4181,2328,10521,1681,0,2940,3063,2332,0,4035,1252,2315,2891,0,3626,0,1953,2174,1484,4422,0,0,8644,1039,2332,1985,3260,4595,2988,0,5091,1858,2658,2575,2193,0,3969,0,2050,2028,2070,2162,1949,0,1943,1341,1807,2520,1992,1796,0,1738,1357,1602,1584,1493,775,0,3068,811,681
West Virginia,38.4912,-80.9545,18,29,62,26,47,10,105,12,6,31,42,29,0,45,8,32,15,15,27,33,10,29,22,-4,45,36,0,37,6,12,20,29,20,23,22,10,0,65,26,112,0,54,15,0,125,36,16,38,21,18,28,21,25,17,17,8,17,8,25,23,32,25,16,32,19,35,42,50,32,33,19,41,38,63,36,52,50,38,35,74,74,73,79,57,180,63,202,119,157,163,98,69,94,150,100,126,111,96,94,88,40,240,201,122,114,110,121,157,98,204,159,120,120,81,103,116,174,111,132,62,122,139,145,114,185,105,74,97,69,180,90,108,88,42,84,145,89,193,144,139,140,264,145,197,187,251,125,157,87,152,0,363,351,177,125,156,216,232,251,204,173,119,213,121,204,243,205,184,165,177,157,176,281,174,154,114,193,208,183,374,220,205,149,276,266,261,502,219,276,212,227,215,322,336,323,191,317,486,357,399,526,468,423,355,358,392,559,540,522,795,821,91,885,696,742,1153,867,801,864,942,1133,1081,1118,880,636,969,967,1130,866,799,1152,845,976,1087,1120,1147,1400,1425,1131,932,1402,1233,942,1514,1066,1177,1314,1141,1636,1266,1464,1127,995,1400,1199,1303,1597,1341,533,726,1337,1452,1109,2486,1507,1731,828,1276,1516,1324,1896,1880,1434,1070,921,1189,827,1430,1475,697,988,1011,857,940,998,1137,555,532,1139,797,787,905,873,661,424,510,535,574,597,549,518,398,416,429
Wisconsin,44.2685,-89.6165,87,127,166,154,178,146,147,153,126,220,207,304,331,225,169,208,231,334,460,346,304,272,330,335,314,375,349,280,199,193,291,373,410,502,356,144,198,528,472,511,481,400,307,279,599,512,733,523,173,140,374,483,492,357,322,264,203,270,285,333,320,272,240,174,266,258,420,278,385,280,249,263,432,464,520,539,457,315,601,540,539,579,738,522,484,495,598,754,845,926,769,494,964,821,900,880,978,830,703,1117,712,1052,1018,953,957,590,762,870,1059,832,1062,922,404,728,884,839,989,1165,621,507,724,478,943,1021,829,685,455,0,1297,740,826,950,453,392,638,768,878,843,819,537,266,981,545,727,1498,946,893,567,717,857,1547,1369,1353,1582,771,1106,1097,1660,3460,2283,1665,1271,1672,1762,2392,2504,2817,2217,1726,2367,2319,2887,2745,2892,1865,1696,2020,2319,3132,2988,2742,2676,1956,3279,3107,3747,3861,0,0,7705,4591,4205,3413,4378,4062,3626,2883,5262,3815,4869,5096,5278,3493,3433,5771,5936,19569,6411,7521,4407,4470,7432,7537,8223,8451,5581,6320,4638,7593,8510,7448,7077,7029,4019,3455,6748,5997,5666,1422,5473,4055,2676,4635,4565,5604,5673,5711,3149,2322,4620,4171,4709,4478,4624,2965,2329,4055,2822,4281,3921,4315,2045,1629,3027,3063,3263,1639,677,2558,1557,2919,3170,4212,2085,1129,2593,1626,4019,4109,4509,4110,3516,2126,1682,3307,2771,3140,2706,2409,1891,1169,1933,1851,2569,2303,2012,1374,1100,1564,1559,1980,1804,1613,1143,781,1296,1539,1719,1427,1114,766,609,865,999
Wyoming,42.756,-107.3025,5,7,5,9,9,4,4,4,126,4,6,20,18,11,18,16,9,14,7,13,7,10,8,27,4,9,9,9,7,6,13,13,15,25,13,12,10,11,14,2,10,25,5,7,10,16,15,7,5,7,2,3,6,12,6,8,13,10,10,29,18,23,10,19,10,25,30,29,6,18,33,24,28,44,42,24,25,33,37,27,36,32,24,28,41,34,31,29,21,49,23,41,47,35,41,43,39,18,61,51,50,59,58,41,29,45,69,39,58,40,43,39,40,36,39,30,47,15,35,-8,31,13,33,64,44,59,45,29,71,26,67,19,35,25,29,48,53,70,-8,34,21,24,37,30,49,0,42,0,73,47,47,65,33,49,48,46,126,86,95,34,91,72,72,153,136,115,45,168,121,67,127,135,131,151,139,125,141,129,193,243,120,156,191,162,213,198,290,151,209,286,215,322,271,426,260,236,436,329,340,361,521,270,425,444,454,423,365,996,192,713,700,1232,132,1105,862,540,613,699,1260,822,894,960,281,759,1262,528,802,0,1012,155,561,816,500,686,555,631,189,451,668,490,410,338,562,122,453,415,289,246,283,766,129,174,456,261,285,0,0,482,54,504,219,210,276,0,164,302,382,312,321,278,479,72,113,563,677,217,412,208,159,295,345,214,202,300,159,0,315,164,90,216,62,260,14,208,145,71,160,180,108,42,9,157,46,44
