County,Latitude,Longitude,3/2/20,3/3/20,3/4/20,3/5/20,3/6/20,3/7/20,3/8/20,3/9/20,3/10/20,3/11/20,3/12/20,3/13/20,3/14/20,3/15/20,3/16/20,3/17/20,3/18/20,3/19/20,3/20/20,3/21/20,3/22/20,3/23/20,3/24/20,3/25/20,3/26/20,3/27/20,3/28/20,3/29/20,3/30/20,3/31/20,4/1/20,4/2/20,4/3/20,4/4/20,4/5/20,4/6/20,4/7/20,4/8/20,4/9/20,4/10/20,4/11/20,4/12/20,4/13/20,4/14/20,4/15/20,4/16/20,4/17/20,4/18/20,4/19/20,4/20/20,4/21/20,4/22/20,4/23/20,4/24/20,4/25/20,4/26/20,4/27/20,4/28/20,4/29/20,4/30/20,5/1/20,5/2/20,5/3/20,5/4/20,5/5/20,5/6/20,5/7/20,5/8/20,5/9/20,5/10/20,5/11/20,5/12/20,5/13/20,5/14/20,5/15/20,5/16/20,5/17/20,5/18/20,5/19/20,5/20/20,5/21/20,5/22/20,5/23/20,5/24/20,5/25/20,5/26/20,5/27/20,5/28/20,5/29/20,5/30/20,5/31/20,6/1/20,6/2/20,6/3/20,6/4/20,6/5/20,6/6/20,6/7/20,6/8/20,6/9/20,6/10/20,6/11/20,6/12/20,6/13/20,6/14/20,6/15/20,6/16/20,6/17/20,6/18/20,6/19/20,6/20/20,6/21/20,6/22/20,6/23/20,6/24/20,6/25/20,6/26/20,6/27/20,6/28/20,6/29/20,6/30/20,7/1/20,7/2/20,7/3/20,7/4/20,7/5/20,7/6/20,7/7/20,7/8/20,7/9/20,7/10/20,7/11/20,7/12/20,7/13/20,7/14/20,7/15/20,7/16/20,7/17/20,7/18/20,7/19/20,7/20/20,7/21/20,7/22/20,7/23/20,7/24/20,7/25/20,7/26/20,7/27/20,7/28/20,7/29/20,7/30/20,7/31/20,8/1/20,8/2/20,8/3/20,8/4/20,8/5/20,8/6/20,8/7/20,8/8/20,8/9/20,8/10/20,8/11/20,8/12/20,8/13/20,8/14/20,8/15/20,8/16/20,8/17/20,8/18/20,8/19/20,8/20/20,8/21/20,8/22/20,8/23/20,8/24/20,8/25/20,8/26/20,8/27/20,8/28/20,8/29/20,8/30/20,8/31/20,9/1/20,9/2/20,9/3/20,9/4/20,9/5/20,9/6/20,9/7/20,9/8/20,9/9/20,9/10/20,9/11/20,9/12/20,9/13/20,9/14/20,9/15/20,9/16/20,9/17/20,9/18/20,9/19/20,9/20/20,9/21/20,9/22/20,9/23/20,9/24/20,9/25/20,9/26/20,9/27/20,9/28/20,9/29/20,9/30/20,10/1/20,10/2/20,10/3/20,10/4/20,10/5/20,10/6/20,10/7/20,10/8/20,10/9/20,10/10/20,10/11/20,10/12/20,10/13/20,10/14/20,10/15/20,10/16/20,10/17/20,10/18/20,10/19/20,10/20/20,10/21/20,10/22/20,10/23/20,10/24/20,10/25/20,10/26/20,10/27/20,10/28/20,10/29/20,10/30/20,10/31/20,11/1/20,11/2/20,11/3/20,11/4/20,11/5/20,11/6/20,11/7/20,11/8/20,11/9/20,11/10/20,11/11/20,11/12/20,11/13/20,11/14/20,11/15/20,11/16/20,11/17/20,11/18/20,11/19/20,11/20/20,11/21/20,11/22/20,11/23/20,11/24/20,11/25/20,11/26/20,11/27/20,11/28/20,11/29/20,11/30/20,12/1/20,12/2/20,12/3/20,12/4/20,12/5/20,12/6/20,12/7/20,12/8/20,12/9/20,12/10/20,12/11/20,12/12/20,12/13/20,12/14/20,12/15/20,12/16/20,12/17/20,12/18/20,12/19/20,12/20/20,12/21/20,12/22/20,12/23/20,12/24/20,12/25/20,12/26/20,12/27/20,12/28/20,12/29/20,12/30/20,12/31/20,1/1/21,1/2/21,1/3/21,1/4/21,1/5/21,1/6/21,1/7/21,1/8/21,1/9/21,1/10/21,1/11/21,1/12/21,1/13/21,1/14/21,1/15/21,1/16/21,1/17/21,1/18/21,1/19/21,1/20/21,1/21/21,1/22/21,1/23/21,1/24/21,1/25/21,1/26/21,1/27/21,1/28/21,1/29/21,1/30/21,1/31/21,2/1/21,2/2/21,2/3/21,2/4/21,2/5/21,2/6/21,2/7/21,2/8/21,2/9/21,2/10/21,2/11/21,2/12/21,2/13/21,2/14/21,2/15/21,2/16/21,2/17/21,2/18/21,2/19/21,2/20/21,2/21/21,2/22/21,2/23/21,2/24/21,2/25/21,2/26/21,2/27/21,2/28/21,3/1/21,3/2/21,3/3/21,3/4/21,3/5/21,3/6/21,3/7/21,3/8/21,3/9/21,3/10/21,3/11/21,3/12/21,3/13/21,3/14/21,3/15/21,3/16/21,3/17/21,3/18/21,3/19/21,3/20/21,3/21/21,3/22/21,3/23/21,3/24/21,3/25/21,3/26/21,3/27/21,3/28/21,3/29/21,3/30/21,3/31/21,4/1/21,4/2/21,4/3/21,4/4/21,4/5/21,4/6/21,4/7/21,4/8/21,4/9/21,4/10/21,4/11/21,4/12/21,4/13/21,4/14/21,4/15/21,4/16/21,4/17/21,4/18/21,4/19/21,4/20/21,4/21/21,4/22/21,4/23/21,4/24/21,4/25/21,4/26/21,4/27/21,4/28/21,4/29/21,4/30/21,5/1/21,5/2/21,5/3/21,5/4/21,5/5/21,5/6/21,5/7/21,5/8/21,5/9/21,5/10/21,5/11/21,5/12/21,5/13/21,5/14/21,5/15/21,5/16/21,5/17/21,5/18/21,5/19/21,5/20/21,5/21/21,5/22/21,5/23/21,5/24/21,5/25/21,5/26/21,5/27/21,5/28/21,5/29/21,5/30/21,5/31/21,6/1/21,6/2/21,6/3/21,6/4/21,6/5/21,6/6/21,6/7/21,6/8/21,6/9/21,6/10/21,6/11/21,6/12/21,6/13/21,6/14/21,6/15/21,6/16/21,6/17/21,6/18/21,6/19/21,6/20/21,6/21/21,6/22/21,6/23/21,6/24/21,6/25/21,6/26/21,6/27/21,6/28/21,6/29/21,6/30/21,7/1/21,7/2/21,7/3/21,7/4/21,7/5/21,7/6/21,7/7/21,7/8/21,7/9/21,7/10/21,7/11/21,7/12/21,7/13/21,7/14/21,7/15/21,7/16/21,7/17/21,7/18/21,7/19/21,7/20/21,7/21/21,7/22/21,7/23/21,7/24/21,7/25/21,7/26/21,7/27/21,7/28/21,7/29/21,7/30/21,7/31/21,8/1/21,8/2/21,8/3/21,8/4/21,8/5/21,8/6/21,8/7/21,8/8/21,8/9/21,8/10/21,8/11/21,8/12/21,8/13/21,8/14/21,8/15/21,8/16/21,8/17/21,8/18/21,8/19/21,8/20/21,8/21/21,8/22/21,8/23/21,8/24/21,8/25/21,8/26/21,8/27/21,8/28/21,8/29/21,8/30/21,8/31/21,9/1/21,9/2/21,9/3/21,9/4/21,9/5/21,9/6/21,9/7/21,9/8/21,9/9/21,9/10/21,9/11/21,9/12/21,9/13/21,9/14/21,9/15/21,9/16/21,9/17/21,9/18/21,9/19/21,9/20/21,9/21/21,9/22/21,9/23/21,9/24/21,9/25/21,9/26/21,9/27/21,9/28/21,9/29/21,9/30/21,10/1/21,10/2/21,10/3/21,10/4/21,10/5/21,10/6/21,10/7/21,10/8/21,10/9/21,10/10/21,10/11/21,10/12/21,10/13/21,10/14/21,10/15/21,10/16/21,10/17/21,10/18/21,10/19/21,10/20/21,10/21/21,10/22/21,10/23/21,10/24/21,10/25/21,10/26/21,10/27/21,10/28/21,10/29/21,10/30/21,10/31/21,11/1/21,11/2/21,11/3/21,11/4/21,11/5/21,11/6/21,11/7/21,11/8/21,11/9/21,11/10/21,11/11/21,11/12/21,11/13/21,11/14/21,11/15/21,11/16/21,11/17/21,11/18/21,11/19/21,11/20/21,11/21/21,11/22/21,11/23/21,11/24/21,11/25/21,11/26/21,11/27/21,11/28/21,11/29/21,11/30/21,12/1/21,12/2/21,12/3/21,12/4/21,12/5/21,12/6/21,12/7/21,12/8/21,12/9/21,12/10/21,12/11/21,12/12/21,12/13/21,12/14/21,12/15/21,12/16/21,12/17/21,12/18/21,12/19/21,12/20/21,12/21/21,12/22/21,12/23/21,12/24/21,12/25/21,12/26/21,12/27/21,12/28/21,12/29/21,12/30/21,12/31/21,1/1/22,1/2/22,1/3/22
Alameda,37.64629437,-121.8929271,0,0,0,0,0,0,0,0,0,0,0,0,0,0,0,0,0,0,0,0,1,0,1,1,1,0,8,-6,1,0,1,2,1,1,0,1,1,1,2,4,2,0,0,7,8,1,1,0,1,1,4,0,0,4,2,0,1,2,5,0,3,0,1,1,2,0,1,2,1,0,0,3,4,2,3,0,0,1,4,1,0,2,0,1,0,0,2,0,2,0,2,0,1,0,0,3,0,0,1,0,4,1,1,3,0,0,1,4,1,1,0,2,0,0,2,7,2,3,0,0,2,0,2,2,0,0,0,0,1,4,1,1,0,0,3,2,0,7,2,0,0,4,3,2,5,0,0,0,4,0,5,2,1,0,1,3,1,7,4,0,-1,0,1,11,3,3,0,0,0,2,3,3,3,-1,0,0,1,1,1,3,13,-2,0,0,12,15,1,3,2,0,7,1,3,6,9,-1,0,21,6,6,2,2,0,0,12,6,3,3,3,0,0,4,6,3,-1,4,-3,0,2,10,0,4,-1,-6,-3,0,9,-8,7,1,-6,0,-1,1,1,0,5,0,0,2,0,1,0,15,3,0,-1,0,2,0,4,0,0,0,5,3,2,1,1,0,3,1,1,3,0,0,0,0,3,0,3,6,1,0,3,3,2,0,0,0,1,3,1,7,5,4,0,1,5,5,11,7,1,0,2,16,3,4,1,9,0,0,1,21,6,0,2,-1,3,19,14,16,14,3,1,2,25,13,-4,-14,1,3,4,0,22,37,12,29,0,0,9,26,18,8,9,7,1,11,11,19,17,6,2,0,12,8,16,14,21,0,1,1,5,10,35,8,6,1,8,12,11,13,2,-3,0,11,11,9,5,2,2,-3,9,9,4,0,4,0,-1,10,8,4,-2,-9,9,2,1,9,7,2,3,1,-1,0,4,1,1,1,1,0,4,1,8,5,1,0,0,1,8,-1,-1,2,0,0,1,1,4,3,1,-1,0,4,0,3,5,2,2,0,5,1,0,2,4,0,0,6,-29,-11,-1,3,1,0,1,6,4,-1,0,0,0,0,3,8,-13,-8,0,0,0,1,3,6,5,-1,0,0,4,4,3,-7,-7,0,-2,3,-3,1,0,0,-1,1,3,2,3,-12,0,0,-2,-1,-3,0,0,0,0,0,0,-1,0,0,2,0,1,0,0,0,0,1,0,0,0,3,0,0,0,0,-3,6,3,0,0,5,0,0,4,1,0,1,0,0,5,0,3,0,3,0,0,3,4,0,0,0,0,0,2,0,0,0,0,0,0,1,2,2,0,0,0,0,0,4,1,0,3,0,0,7,1,1,2,0,0,0,1,1,2,0,0,2,1,6,6,4,0,0,6,-2,3,3,3,0,0,2,0,-1,3,5,0,0,11,0,8,7,9,0,0,0,15,3,9,5,0,-13,0,13,0,9,-1,12,1,4,3,-13,19,1,0,0,0,12,2,5,1,2,0,0,0,2,3,5,1,4,0,0,0,3,4,1,0,0,1,1,-1,0,3,2,0,0,5,1,4,-16,19,0,1,3,0,3,2,0,0,0,0,0,2,2,0,0,2
Alpine,38.59678594,-119.82235940000001,0,0,0,0,0,0,0,0,0,0,0,0,0,0,0,0,0,0,0,0,0,0,0,0,0,0,0,0,0,0,0,0,0,0,0,0,0,0,0,0,0,0,0,0,0,0,0,0,0,0,0,0,0,0,0,0,0,0,0,0,0,0,0,0,0,0,0,0,0,0,0,0,0,0,0,0,0,0,0,0,0,0,0,0,0,0,0,0,0,0,0,0,0,0,0,0,0,0,0,0,0,0,0,0,0,0,0,0,0,0,0,0,0,0,0,0,0,0,0,0,0,0,0,0,0,0,0,0,0,0,0,0,0,0,0,0,0,0,0,0,0,0,0,0,0,0,0,0,0,0,0,0,0,0,0,0,0,0,0,0,0,0,0,0,0,0,0,0,0,0,0,0,0,0,0,0,0,0,0,0,0,0,0,0,0,0,0,0,0,0,0,0,0,0,0,0,0,0,0,0,0,0,0,0,0,0,0,0,0,0,0,0,0,0,0,0,0,0,0,0,0,0,0,0,0,0,0,0,0,0,0,0,0,0,0,0,0,0,0,0,0,0,0,0,0,0,0,0,0,0,0,0,0,0,0,0,0,0,0,0,0,0,0,0,0,0,0,0,0,0,0,0,0,0,0,0,0,0,0,0,0,0,0,0,0,0,0,0,0,0,0,0,0,0,0,0,0,0,0,0,0,0,0,0,0,0,0,0,0,0,0,0,0,0,0,0,0,0,0,0,0,0,0,0,0,0,0,0,0,0,0,0,0,0,0,0,0,0,0,0,0,0,0,0,0,0,0,0,0,0,0,0,0,0,0,0,0,0,0,0,0,0,0,0,0,0,0,0,0,0,0,0,0,0,0,0,0,0,0,0,0,0,0,0,0,0,0,0,0,0,0,0,0,0,0,0,0,0,0,0,0,0,0,0,0,0,0,0,0,0,0,0,0,0,0,0,0,0,0,0,0,0,0,0,0,0,0,0,0,0,0,0,0,0,0,0,0,0,0,0,0,0,0,0,0,0,0,0,0,0,0,0,0,0,0,0,0,0,0,0,0,0,0,0,0,0,0,0,0,0,0,0,0,0,0,0,0,0,0,0,0,0,0,0,0,0,0,0,0,0,0,0,0,0,0,0,0,0,0,0,0,0,0,0,0,0,0,0,0,0,0,0,0,0,0,0,0,0,0,0,0,0,0,0,0,0,0,0,0,0,0,0,0,0,0,0,0,0,0,0,0,0,0,0,0,0,0,0,0,0,0,0,0,0,0,0,0,0,0,0,0,0,0,0,0,0,0,0,0,0,0,0,0,0,0,0,0,0,0,0,0,0,0,0,0,0,0,0,0,0,0,0,0,0,0,0,0,0,0,0,0,0,0,0,0,0,0,0,0,0,0,0,0,0,0,0,0,0,0,0,0,0,0,0,0,0,0,0,0,0,0,0,0,0,0,0,0,0,0,0,0,0,0,0,0,0,0,0,0,0,0,0,0,0,0,0,0,0,0,0,0,0,0,0,0,0,0,0,0,0,0,0,0
Amador,38.44583082,-120.65696000000001,0,0,0,0,0,0,0,0,0,0,0,0,0,0,0,0,0,0,0,0,0,0,0,0,0,0,0,0,0,0,0,0,0,0,0,0,0,0,0,0,0,0,0,0,0,0,0,0,0,0,0,0,0,0,0,0,0,0,0,0,0,0,0,0,0,0,0,0,0,0,0,0,0,0,0,0,0,0,0,0,0,0,0,0,0,0,0,0,0,0,0,0,0,0,0,0,0,0,0,0,0,0,0,0,0,0,0,0,0,0,0,0,0,0,0,0,0,0,0,0,0,0,0,0,0,0,0,0,0,0,0,0,0,0,0,0,0,0,0,0,0,0,0,0,0,0,0,0,0,0,0,0,0,0,0,0,0,0,2,0,0,0,1,5,0,1,0,0,0,0,0,2,0,2,0,0,0,0,0,0,0,0,0,0,1,2,0,0,0,0,0,0,0,0,0,0,0,0,0,0,0,0,0,0,0,0,0,0,0,0,0,0,0,0,0,0,0,0,0,0,0,0,0,0,0,0,0,0,0,0,0,0,0,0,0,0,0,0,0,0,0,0,0,0,0,0,0,0,0,0,0,0,0,0,0,0,0,0,0,0,0,0,0,0,0,0,0,0,0,0,0,0,0,0,0,0,0,0,1,0,0,0,2,-1,1,0,0,0,0,0,0,1,3,0,0,0,0,0,0,0,0,0,0,1,0,0,0,0,0,0,0,0,0,0,0,0,2,0,2,0,0,0,0,0,1,0,1,0,0,0,1,0,0,1,0,0,0,1,0,0,0,0,0,0,2,0,0,3,0,1,0,0,-1,0,1,0,0,0,2,0,0,1,0,0,0,0,0,0,0,0,0,0,0,0,0,2,0,0,0,0,0,0,0,0,0,0,1,0,0,0,0,0,0,0,0,0,0,0,0,0,0,1,0,0,0,0,0,0,0,0,0,0,0,0,0,0,0,0,0,0,0,0,0,0,0,0,0,0,0,0,0,0,0,0,0,0,0,0,0,0,0,0,0,0,0,0,0,0,0,0,0,0,0,0,0,0,0,0,0,0,0,0,0,0,0,0,0,0,0,0,0,0,0,0,0,0,0,0,0,0,0,0,0,0,0,0,0,0,0,0,1,0,0,0,0,0,0,0,1,0,0,0,0,0,0,0,0,0,0,0,0,0,0,0,0,0,0,0,0,0,0,0,0,0,0,0,1,0,0,0,0,0,1,0,0,0,0,0,0,0,0,3,0,0,0,0,0,0,0,0,0,0,0,0,0,3,0,0,0,0,0,1,1,0,0,1,0,0,0,0,0,0,0,0,0,2,0,0,0,0,0,0,0,1,0,0,0,0,0,1,0,1,0,0,0,0,0,0,0,0,0,0,0,0,0,0,0,0,0,0,0,2,0,0,0,0,0,0,0,0,0,0,0,0,0,0,0,0,0,0,0,0,0,0,0,0,0,0,0,0,1,0,0,0,0,0,2,0,0,0,0,0,0,0,0,0,0,0,1,0,0,0,0,0,0,0,0,0,0,0,0,0,0
Butte,39.66727762,-121.6005252,0,0,0,0,0,0,0,0,0,0,0,0,0,0,0,0,0,0,0,0,0,0,0,0,0,0,0,0,0,0,0,0,0,0,0,0,0,0,0,0,0,0,0,0,0,0,0,0,0,0,0,0,0,0,0,0,0,0,0,0,0,0,0,0,0,0,0,0,0,0,0,0,0,0,0,0,0,0,0,0,0,0,0,0,0,0,0,0,0,0,0,1,0,0,0,0,0,0,0,0,0,0,0,0,0,0,0,0,0,0,0,0,0,0,0,0,1,0,0,0,0,0,0,0,0,0,0,1,0,1,0,0,0,0,0,0,0,0,0,0,0,1,0,0,0,0,0,2,0,0,0,0,2,0,0,1,3,0,0,2,0,0,0,0,0,0,0,0,0,1,0,2,1,3,1,0,1,1,0,0,1,0,0,0,1,0,1,2,0,0,6,1,0,0,0,0,0,1,0,0,-1,1,1,2,2,0,0,0,1,0,0,0,0,1,1,0,0,0,1,0,4,0,3,0,0,0,0,0,0,1,0,0,1,-1,0,0,1,0,0,0,0,1,0,0,0,0,0,0,0,0,0,0,0,1,0,0,0,0,0,0,1,0,1,0,1,0,0,2,1,1,0,0,0,0,0,0,0,0,1,1,0,3,0,2,1,0,2,0,0,1,2,3,0,0,0,4,-1,0,1,1,0,0,12,5,2,0,0,0,0,2,3,2,3,3,1,0,5,2,3,0,0,0,0,0,1,0,3,0,0,0,3,2,0,0,1,1,1,0,3,3,3,0,2,0,1,2,0,0,0,0,0,9,10,1,1,0,0,0,0,2,0,2,0,0,0,2,2,1,0,0,0,0,0,0,0,-1,1,0,0,-1,1,0,0,0,0,0,2,0,1,3,0,0,0,2,0,0,0,0,0,0,0,0,0,0,0,0,0,3,0,0,0,0,0,0,0,0,0,0,0,0,0,0,0,0,1,1,0,0,0,0,0,1,0,0,0,0,0,-3,-4,0,0,0,-1,-3,0,0,1,0,0,0,1,0,0,0,0,3,0,0,0,0,1,0,0,0,0,0,0,0,0,0,0,0,0,0,0,0,1,3,0,0,0,0,0,0,3,0,0,0,0,0,0,0,1,0,0,0,0,0,0,0,0,0,0,0,0,1,0,0,0,0,0,0,2,0,0,0,0,0,0,0,0,1,-1,0,0,0,0,1,0,0,0,0,0,0,2,3,0,0,0,0,3,0,0,0,0,0,0,2,-1,0,0,3,0,0,2,0,1,1,-1,0,4,1,2,2,0,0,0,1,1,3,1,0,0,2,1,2,1,1,0,0,2,0,1,1,3,0,0,3,0,3,1,3,0,0,5,0,0,3,2,3,0,0,0,0,1,0,3,0,0,4,0,1,2,4,0,0,0,0,3,2,0,3,0,0,0,1,3,0,0,0,6,-1,4,0,0,0,0,4,1,4,0,0,0,0,2,0,4,2,0,0,0,0,0,0,1,1,0,0,1,0,1,0,0,0,0,0,5,3,0,3,0,0,0
Calaveras,38.20537103,-120.55291299999999,0,0,0,0,0,0,0,0,0,0,0,0,0,0,0,0,0,0,0,0,0,0,0,0,0,0,0,0,0,0,0,0,0,0,0,0,0,0,0,0,0,0,0,0,0,0,0,0,0,0,0,0,0,0,0,0,0,0,0,0,0,0,0,0,0,0,0,0,0,0,0,0,0,0,0,0,0,0,0,0,0,0,0,0,0,0,0,0,0,0,0,0,0,0,0,0,0,0,0,0,0,0,0,0,0,0,0,0,0,0,0,0,0,0,0,0,0,0,0,0,0,0,0,0,0,0,0,0,0,0,0,0,0,0,0,0,0,0,0,0,0,0,0,0,0,1,0,0,0,0,0,0,0,0,0,0,0,0,0,0,0,0,0,0,0,0,0,0,0,0,0,0,0,0,0,0,0,0,0,0,0,0,0,0,0,0,0,0,0,0,0,0,0,0,2,0,0,2,4,0,0,1,0,0,1,0,0,0,0,0,0,0,0,0,0,0,0,0,0,0,0,0,1,0,0,0,0,1,0,0,0,0,0,0,0,0,0,0,0,0,0,0,5,0,0,0,1,0,0,2,0,0,0,0,0,0,0,0,0,0,0,0,0,0,0,0,0,0,0,0,0,0,0,0,0,0,0,0,0,0,0,0,0,0,0,0,0,0,0,0,0,0,0,0,0,0,0,0,0,0,0,0,0,0,0,0,0,0,0,0,0,0,0,0,0,0,0,0,0,0,0,0,0,0,0,0,0,0,0,0,0,0,0,0,0,0,0,0,0,0,0,0,0,0,0,0,0,0,0,0,0,0,0,0,0,0,0,0,0,10,15,0,0,0,0,2,0,0,0,0,0,0,0,0,1,0,0,0,0,0,0,0,0,0,0,0,1,0,0,0,0,0,0,0,0,0,0,0,0,0,0,0,0,0,0,0,0,0,0,0,0,0,0,0,0,0,0,0,0,0,0,0,0,0,0,0,0,0,2,0,0,0,0,0,0,0,1,0,0,0,0,0,1,0,0,0,0,0,0,1,0,0,0,0,0,0,0,0,0,0,0,0,0,0,0,0,0,0,0,0,0,0,0,0,0,0,0,0,0,0,0,0,0,0,0,0,0,0,0,0,0,0,2,0,0,0,0,0,0,0,0,0,0,0,0,0,0,0,0,0,0,0,0,0,0,0,0,0,0,0,0,0,0,0,0,0,0,0,0,0,0,0,0,2,0,0,0,0,0,0,0,0,0,0,0,0,0,0,0,3,1,0,0,0,0,0,2,0,0,0,0,1,0,0,0,0,0,0,4,0,0,0,0,0,0,2,0,0,0,0,1,0,0,2,0,0,0,0,0,0,4,1,0,0,0,0,0,0,1,0,0,0,0,1,-1,1,0,0,0,0,0,0,0,0,0,0,0,0,2,-1,0,0,0,0,0,0,1,0,0,0,0,0,1,0,0,0,0,3,0,0,0,0,0,0,0,0,0,1,0,0,0,0,0,0,0,2,0,0,0,0,0,0,0,0,0,0,0,0,2,0,0,0,0
Colusa,39.17881957,-122.2331726,0,0,0,0,0,0,0,0,0,0,0,0,0,0,0,0,0,0,0,0,0,0,0,0,0,0,0,0,0,0,0,0,0,0,0,0,0,0,0,0,0,0,0,0,0,0,0,0,0,0,0,0,0,0,0,0,0,0,0,0,0,0,0,0,0,0,0,0,0,0,0,0,0,0,0,0,0,0,0,0,0,0,0,0,0,0,0,0,0,0,0,0,0,0,0,0,0,0,0,0,0,0,0,0,0,0,0,0,0,0,0,0,0,0,0,0,0,0,0,0,0,0,0,0,0,0,0,0,0,0,0,0,0,0,0,0,0,0,0,0,0,0,0,2,0,0,0,0,0,0,0,0,0,0,0,1,0,0,1,0,0,0,1,0,0,0,0,0,0,0,0,0,0,0,0,0,0,0,1,0,0,0,0,0,0,0,0,0,0,0,0,0,0,0,0,0,0,0,0,0,0,0,0,0,0,0,0,0,0,0,0,0,0,0,0,0,0,0,0,0,0,0,0,0,0,0,0,0,0,0,0,0,0,0,0,0,0,0,0,0,0,0,0,0,0,0,0,0,0,0,0,0,0,0,0,0,0,0,0,0,0,0,0,0,0,0,0,0,0,0,0,0,0,0,0,0,0,0,0,0,0,0,1,0,0,0,0,0,0,0,0,0,0,0,0,0,0,0,0,0,0,0,0,0,0,0,0,0,0,0,0,0,0,0,0,0,0,0,0,0,0,0,0,0,0,0,0,1,0,0,0,0,0,0,1,0,0,0,1,0,0,0,0,0,0,0,0,0,0,0,0,0,0,1,0,0,0,0,0,0,0,0,0,0,0,0,0,0,0,0,0,0,0,1,0,0,0,0,0,0,0,0,0,0,1,0,1,0,0,0,0,0,0,0,0,0,0,0,0,0,0,0,0,0,0,0,0,0,0,0,0,0,0,0,0,0,0,0,0,0,0,0,0,0,0,0,0,0,0,0,0,0,0,0,0,0,0,0,0,0,0,0,0,1,0,0,0,0,0,0,0,0,0,0,0,0,0,0,0,0,0,0,0,0,0,0,0,0,0,0,0,0,0,0,0,0,0,0,0,0,0,0,0,0,0,0,0,0,0,0,1,0,0,0,0,0,0,0,0,0,0,0,0,0,0,0,0,0,0,0,0,0,0,0,0,0,0,0,0,0,0,0,0,0,0,0,0,0,1,-1,0,0,0,0,0,0,0,0,0,0,0,0,0,0,0,0,0,0,0,0,0,0,0,0,0,0,0,0,0,0,0,0,0,0,0,0,0,0,0,0,0,0,0,2,0,0,0,0,0,0,0,0,0,0,0,0,0,0,0,0,0,0,0,0,0,0,0,0,0,0,0,0,0,0,0,0,1,0,0,-1,1,0,1,-1,0,0,0,0,0,0,0,0,0,0,0,0,0,0,0,0,0,0,0,0,0,0,0,0,1,1,-1,1,0,0,0,0,0,0,0,0,0,0,0,0,0,0,0,0,0,0,0,0,0,0,0,0,0,0,0,0,0,0,0
Contra Costa,37.91923498,-121.9289527,0,0,0,0,0,0,0,0,0,0,0,0,0,0,0,0,0,0,1,0,0,1,-1,0,1,0,2,-1,0,0,0,0,2,0,1,1,0,0,0,3,2,0,0,0,2,0,1,2,3,2,0,0,1,0,1,1,0,0,0,0,3,0,0,0,1,0,0,0,2,0,1,0,0,0,1,0,0,0,0,0,3,0,0,1,0,0,0,0,0,0,0,0,0,0,0,0,0,1,3,1,1,0,0,0,0,0,2,0,8,1,0,6,0,0,6,5,1,0,1,2,0,1,1,1,2,0,3,1,0,2,0,1,1,0,2,0,1,2,2,0,2,1,0,0,2,4,0,0,3,1,4,1,3,2,2,2,0,2,2,3,1,0,1,3,2,1,1,2,1,0,1,2,5,4,0,0,3,1,1,0,1,-9,3,5,1,0,5,9,-2,1,-1,0,1,1,1,-2,2,6,3,1,1,1,3,0,1,2,0,2,0,1,0,14,2,0,2,0,1,2,3,6,3,1,4,0,0,1,2,1,0,0,0,2,2,2,0,1,0,1,0,1,0,3,0,0,1,0,0,1,1,0,2,0,1,0,0,0,1,0,0,0,0,2,1,1,0,0,0,-1,4,1,0,0,0,0,0,0,1,-1,6,0,0,0,3,3,6,-1,0,0,0,12,0,7,1,0,-1,1,10,0,13,0,0,0,1,12,-1,15,1,0,1,0,5,18,5,12,5,0,1,4,12,13,15,4,1,0,13,17,7,2,1,0,3,16,18,4,2,0,0,5,1,13,10,6,0,1,16,7,15,15,9,2,0,0,4,5,11,12,-2,0,0,2,23,-1,8,1,0,0,14,0,3,8,0,0,4,2,3,0,3,0,1,4,1,2,-2,-24,27,0,10,5,2,4,6,0,0,0,2,2,3,0,0,0,0,1,0,2,1,-1,0,1,3,0,1,0,0,0,0,0,0,3,4,0,0,2,4,0,5,0,0,-1,0,4,-1,2,-1,3,0,0,-1,1,0,-1,0,0,3,0,1,1,-1,0,0,0,3,1,0,0,0,0,0,1,2,0,1,0,0,-14,0,4,1,2,0,0,0,0,0,3,0,0,0,0,0,0,2,1,0,0,1,1,0,0,0,0,2,0,1,0,0,0,2,0,0,0,1,0,0,1,0,0,2,3,0,0,0,0,0,2,0,0,0,4,0,0,4,0,0,0,0,0,0,3,3,2,0,0,0,0,3,1,5,0,0,0,0,6,3,6,0,0,0,-1,6,9,0,5,0,0,0,9,4,4,0,0,0,0,5,4,7,0,0,0,0,0,0,0,0,0,0,5,0,4,0,0,4,0,4,12,5,0,0,2,0,0,9,13,0,0,13,0,0,9,4,0,0,0,0,9,0,1,6,0,0,1,0,0,0,0,0,0,3,0,0,0,0,0,0,10,0,0,1,4,0,0,2,0,0,0,0,0,0,1,0,0,2,8,0,0,2,0,0,0,3,0,0,4,-1,0,0,1,0,0,3,0,0,2,1,0,0,0,0,1,0,1,0,0,0
Del Norte,41.74228275,-123.89740630000001,0,0,0,0,0,0,0,0,0,0,0,0,0,0,0,0,0,0,0,0,0,0,0,0,0,0,0,0,0,0,0,0,0,0,0,0,0,0,0,0,0,0,0,0,0,0,0,0,0,0,0,0,0,0,0,0,0,0,0,0,0,0,0,0,0,0,0,0,0,0,0,0,0,0,0,0,0,0,0,0,0,0,0,0,0,0,0,0,0,0,0,0,0,0,0,0,0,0,0,0,0,0,0,0,0,0,0,0,0,0,0,0,0,0,0,0,0,0,0,0,0,0,0,0,0,0,0,0,0,0,0,0,0,0,0,0,0,0,0,0,0,0,0,0,0,0,0,0,0,0,0,0,0,0,0,0,0,0,0,0,0,0,0,0,0,0,0,0,0,0,1,0,0,0,0,0,0,0,0,0,0,1,0,0,0,0,0,0,0,0,0,-1,0,0,0,0,1,0,0,0,0,0,0,0,0,0,0,0,0,0,0,0,0,0,0,0,0,0,0,0,0,0,0,0,0,0,0,0,0,0,0,0,0,0,0,0,0,0,0,0,0,0,0,0,0,0,0,0,0,0,0,0,0,0,0,0,0,0,0,0,0,0,0,0,0,0,0,0,0,0,0,0,0,0,0,0,0,0,0,0,0,0,0,-1,0,0,0,0,0,0,0,1,0,0,0,0,0,0,0,0,0,0,0,0,0,0,0,0,0,0,0,0,0,0,0,0,0,0,0,0,0,0,0,0,0,0,0,0,0,0,0,0,0,0,0,0,0,0,0,0,0,0,0,0,0,0,0,0,0,0,0,0,0,0,0,1,0,0,0,2,0,0,0,0,0,0,0,0,0,0,0,0,0,0,1,0,0,0,0,0,0,0,0,0,0,0,0,0,0,0,0,0,0,0,0,0,0,0,0,0,0,0,0,0,0,0,0,0,0,0,0,0,0,0,0,0,0,0,0,0,0,0,0,0,0,0,0,0,0,0,0,2,0,0,0,0,0,0,0,0,0,0,0,0,0,0,0,0,0,0,0,0,0,0,0,0,0,0,0,0,0,0,0,0,0,0,0,0,0,0,0,0,0,0,0,0,0,0,0,0,0,0,0,0,0,0,0,0,0,0,0,0,0,0,0,0,0,0,0,0,0,0,0,0,0,0,0,0,0,0,0,0,0,0,0,0,0,0,0,0,0,0,0,0,0,0,0,0,0,0,0,0,0,0,0,0,0,0,0,0,0,0,0,3,0,0,0,8,5,0,0,0,0,0,0,1,3,0,0,0,0,4,2,0,0,0,0,0,0,1,0,0,0,2,0,2,0,0,0,0,0,0,0,0,0,0,0,0,0,0,0,2,0,0,0,0,0,1,0,0,0,0,0,0,0,0,0,0,0,0,0,0,0,0,0,0,0,0,0,0,0,0,0,0,0,0,0,0,0,0,0,0,0,0,0,0,0,0,0,0,0,0,0,0,0,0,0,0,0,0,0,0,0,1,0,0,0,0,0,0,0,0,0,0,0,0,0,0,0,0,0,0,0
El Dorado,38.77965956,-120.5233166,0,0,0,0,0,0,0,0,0,0,0,0,0,0,0,0,0,0,0,0,0,0,0,0,0,0,0,0,0,0,0,0,0,0,0,0,0,0,0,0,0,0,0,0,0,0,0,0,0,0,0,0,0,0,0,0,0,0,0,0,0,0,0,0,0,0,0,0,0,0,0,0,0,0,0,0,0,0,0,0,0,0,0,0,0,0,0,0,0,0,0,0,0,0,0,0,0,0,0,0,0,0,0,0,0,0,0,0,0,0,0,0,0,0,0,0,0,0,0,0,0,0,0,0,0,0,0,0,0,0,0,0,0,0,0,0,0,0,0,0,0,1,0,0,0,0,0,0,0,0,0,0,0,0,0,0,0,0,1,0,0,0,0,0,0,0,0,0,0,0,0,0,0,0,0,0,0,0,0,0,0,0,0,0,0,0,0,0,0,0,0,0,0,0,0,0,1,1,0,0,0,0,0,0,0,0,0,0,0,0,0,0,0,0,0,0,0,0,0,0,0,0,0,0,0,0,0,0,0,0,0,0,0,0,0,0,0,0,0,0,0,0,0,0,0,0,0,0,0,0,0,0,0,0,0,0,0,0,0,0,0,0,0,0,0,0,0,0,0,0,0,0,0,0,0,1,1,1,1,0,0,0,0,1,0,0,0,0,0,0,0,1,0,0,0,2,2,2,0,2,0,0,4,5,-1,1,0,0,0,5,3,1,0,0,0,0,5,2,2,2,0,0,0,0,6,5,6,2,0,0,5,5,3,4,0,0,0,1,2,0,0,0,0,0,1,0,5,0,1,1,0,0,0,0,2,0,0,0,0,2,0,0,0,0,0,0,-1,0,0,0,0,0,1,2,1,2,0,0,0,2,0,0,0,0,0,0,0,0,0,0,0,0,0,0,1,0,0,0,0,0,0,0,0,0,0,0,0,0,0,0,0,0,0,0,0,0,0,0,0,0,0,0,1,0,3,0,0,0,0,1,1,0,1,0,0,-1,0,0,1,-1,0,0,0,0,0,0,0,0,0,0,0,0,-2,0,0,0,0,0,2,0,1,0,0,0,0,0,0,0,0,0,0,0,0,0,0,0,0,0,2,0,0,0,0,0,-2,0,0,0,0,0,0,0,1,0,0,0,0,0,0,0,0,0,0,0,0,2,0,0,0,0,0,0,0,0,0,0,0,0,0,1,0,0,0,0,0,0,0,2,-1,0,0,0,0,0,0,0,0,0,0,0,0,0,0,1,0,0,0,0,0,0,0,0,0,0,0,0,0,0,0,0,0,4,4,0,0,0,0,0,0,0,3,0,0,2,0,1,3,0,0,0,3,-1,2,0,4,0,0,2,0,2,1,0,0,0,0,0,0,0,0,0,0,0,0,0,4,1,0,0,0,0,0,0,2,0,0,0,0,0,4,-1,0,0,0,0,0,0,2,0,0,0,0,0,0,0,0,0,0,5,0,0,0,2,0,0,0,0,2,0,0,0,0,0,0,0,1,0,0,0,1,0,0,0,0,0,0,0,0,0,0,0,0,0,0
Fresno,36.75733899,-119.6466953,0,0,0,0,0,0,0,0,0,0,0,0,0,0,0,0,0,0,0,0,0,0,0,0,0,0,0,0,0,0,0,0,1,0,0,0,2,0,0,0,1,0,0,2,1,0,0,0,0,0,0,0,0,0,0,0,0,0,0,0,0,1,0,0,0,0,0,0,0,0,0,1,1,2,2,0,0,0,1,2,3,0,1,1,0,0,5,4,0,0,0,2,1,1,0,3,3,0,1,1,2,0,2,1,0,0,2,6,1,4,6,0,0,0,4,0,3,0,0,0,1,1,2,3,1,0,0,2,2,4,3,2,0,0,3,3,0,3,2,0,0,1,3,2,3,2,0,0,8,0,8,0,16,2,0,3,5,2,10,12,0,0,4,7,7,7,3,0,0,1,9,7,4,3,0,0,15,5,17,10,9,0,-1,0,2,21,8,10,-2,0,0,0,9,6,1,0,-1,-1,0,12,4,3,0,0,7,2,4,10,4,0,0,5,1,2,6,5,0,0,4,1,3,1,4,0,0,3,0,1,2,3,0,1,0,2,5,3,0,0,0,1,2,1,1,5,0,0,6,0,3,0,5,0,0,0,3,0,2,1,0,0,1,2,4,2,2,6,0,5,1,6,0,0,0,0,5,2,9,6,3,1,0,3,4,7,10,9,0,1,14,10,13,16,21,0,0,6,14,9,16,0,0,0,9,23,0,6,0,2,7,15,11,13,6,2,2,0,21,8,10,18,14,11,0,0,15,17,3,18,1,2,10,15,11,13,2,30,0,15,6,99,80,13,0,0,4,36,8,18,14,0,1,5,14,16,7,11,8,2,5,13,8,14,9,5,0,5,5,7,10,8,2,0,21,8,10,8,6,1,0,2,9,20,0,5,24,0,19,10,8,8,5,0,0,3,7,0,4,2,0,0,4,1,0,3,3,0,0,3,4,2,1,3,0,0,4,4,3,5,0,0,0,1,3,1,3,8,0,0,-1,3,0,4,-2,0,0,4,2,-1,1,2,0,0,0,3,3,2,0,0,0,3,1,2,1,1,0,0,0,1,2,3,5,0,0,0,0,0,3,0,-1,0,3,0,0,0,2,0,0,0,0,3,0,0,0,0,-2,2,0,0,0,0,0,0,2,1,0,0,-2,0,-1,1,2,0,0,1,0,5,0,0,0,0,6,0,4,-2,0,0,0,0,0,2,1,0,0,0,0,0,0,4,2,0,0,0,0,2,4,0,0,0,0,0,2,0,9,4,18,-2,0,11,-1,4,18,6,0,0,0,3,7,8,7,0,0,3,11,1,14,7,-1,1,3,16,19,0,0,12,3,6,9,7,0,0,14,0,9,21,10,0,0,17,1,6,6,3,0,0,12,0,0,10,11,10,0,0,0,18,10,6,3,0,0,16,2,9,8,4,0,0,9,0,9,14,0,3,0,4,1,8,12,3,0,0,9,1,3,0,0,0,0,6,2,5,5,6,0,0,14,0,5,4,1,0,0,16,2,4,3,16,0,0,6,0,0,8,9,0,0,0,6,1,-1,15,0,0,0
Glenn,39.59875897,-122.3938452,0,0,0,0,0,0,0,0,0,0,0,0,0,0,0,0,0,0,0,0,0,0,0,0,0,0,0,0,0,0,0,0,0,0,0,0,0,0,0,0,0,0,0,0,0,0,0,0,0,0,0,0,0,0,0,0,0,0,0,0,0,0,0,0,0,0,0,0,0,0,0,0,0,0,0,0,0,0,0,0,0,0,0,0,0,0,0,0,0,0,0,0,0,0,0,0,0,0,0,0,0,0,0,0,0,0,0,0,0,0,0,0,0,0,0,0,0,0,0,0,0,0,0,0,0,0,0,0,0,0,0,0,0,0,0,0,0,0,0,0,1,0,0,0,0,0,0,0,0,0,0,0,0,0,0,0,0,0,0,0,0,0,0,0,0,1,0,0,0,0,0,0,0,0,0,0,1,0,0,0,0,0,0,0,0,0,0,0,0,0,0,0,0,0,0,0,0,0,0,0,0,0,0,0,0,0,0,0,0,0,0,0,0,0,0,0,0,0,0,0,0,0,0,0,0,0,0,0,0,0,0,0,0,0,0,0,0,0,0,0,0,0,0,0,0,0,0,0,0,0,0,0,0,0,0,0,0,0,1,0,0,0,0,0,0,0,0,0,0,0,0,0,0,1,2,0,1,0,0,0,0,0,0,0,0,0,1,0,0,0,0,0,0,0,0,0,0,0,0,0,0,0,0,0,0,0,0,0,0,0,0,0,0,0,0,0,0,0,0,0,0,0,4,0,0,0,0,0,0,0,0,1,0,0,0,0,0,0,0,0,0,0,0,0,0,0,0,0,0,0,0,0,0,0,0,0,0,0,0,0,1,0,0,0,0,0,0,0,0,0,0,0,0,0,0,0,0,0,0,2,0,0,0,0,0,0,0,0,0,0,0,0,0,0,0,0,0,0,0,0,0,0,0,0,0,0,0,0,0,0,0,0,0,0,0,0,0,0,0,0,0,0,0,0,0,0,0,0,0,0,0,0,0,0,0,0,0,0,0,0,0,0,0,0,0,0,0,0,0,0,1,0,0,0,0,0,0,1,0,0,0,0,0,0,0,0,0,0,0,0,0,0,0,0,0,0,0,0,1,0,0,0,0,0,0,0,0,0,0,0,0,0,0,0,0,0,0,0,0,0,0,0,0,0,0,0,0,0,0,0,0,0,0,0,0,0,0,0,0,0,0,0,0,0,0,0,0,0,0,0,0,0,0,0,0,0,0,0,0,0,0,0,0,0,0,0,0,0,0,0,0,0,0,0,0,0,0,0,0,0,0,0,0,4,1,0,0,0,0,0,0,0,0,1,0,0,0,0,0,0,0,0,0,0,0,0,0,0,0,0,0,0,0,0,6,0,0,1,0,0,0,0,0,0,0,0,0,0,0,0,0,0,0,0,0,0,1,0,0,0,0,0,0,0,0,0,0,1,0,0,1,0,0,0,0,0,0,0,0,0,0,0,0,0,0,0,0,1,0,0,0,0,0,2,0,0,0,0,0,0,0,0,0,0,0,0,0,0,0,0,0,0,0
Humboldt,40.69923009,-123.876044,0,0,0,0,0,0,0,0,0,0,0,0,0,0,0,0,0,0,0,0,0,0,0,0,0,0,0,0,0,0,0,0,0,0,0,0,0,0,0,0,0,0,0,0,0,0,0,0,0,0,0,0,0,0,0,0,0,0,0,0,0,0,0,0,0,0,0,0,0,0,0,0,0,0,0,0,0,0,0,0,0,2,0,0,0,0,0,0,0,0,0,0,0,0,0,0,0,0,0,0,1,0,0,0,0,0,0,0,0,0,0,0,0,0,0,0,0,0,0,0,0,0,0,0,0,0,0,1,0,0,0,0,0,0,0,0,0,0,0,0,0,0,0,0,0,0,0,0,0,0,0,0,0,0,0,0,0,0,0,0,0,0,0,0,0,0,0,0,0,0,0,0,0,0,0,0,0,0,0,0,0,0,0,0,0,0,0,0,0,0,0,0,0,0,0,0,0,0,0,1,0,0,0,0,0,0,0,0,1,0,0,0,0,0,0,0,0,0,1,0,0,0,0,0,0,0,0,0,0,0,0,0,0,0,0,0,0,0,0,0,0,0,0,1,0,0,0,1,0,0,0,0,0,0,0,0,0,0,0,0,0,0,0,0,0,0,0,0,0,0,0,0,0,0,0,0,0,0,0,0,0,1,0,-1,0,0,0,0,3,0,2,1,0,0,1,0,0,0,0,1,0,2,0,3,-1,0,0,0,1,0,0,0,0,0,0,0,0,0,0,0,0,0,0,0,0,1,0,0,1,0,0,0,0,0,0,1,0,0,2,1,0,0,0,1,0,0,0,0,0,0,0,0,0,0,0,0,0,0,0,0,1,0,0,0,0,0,0,1,0,0,0,0,1,0,0,0,0,0,0,1,0,1,-1,0,1,0,0,0,0,0,0,0,0,1,0,0,0,0,0,0,0,0,0,0,0,0,0,0,0,0,0,0,0,0,0,0,0,0,0,0,0,0,1,0,0,0,0,0,0,0,0,0,0,0,0,1,0,0,0,5,0,0,0,0,0,0,0,0,0,0,0,0,0,0,0,0,0,0,0,0,0,0,0,0,0,0,0,0,0,0,0,0,0,0,0,0,0,0,6,1,0,0,0,0,0,0,0,0,0,0,0,0,2,0,0,0,0,0,0,1,0,0,0,0,0,0,0,0,0,0,0,0,0,0,0,0,0,0,0,0,0,0,0,0,0,0,0,0,0,0,0,0,0,0,0,0,0,0,0,0,0,0,1,-1,0,0,0,0,0,0,0,0,0,0,0,0,0,0,0,0,0,0,0,28,0,0,0,0,0,0,8,0,0,3,0,0,3,0,0,0,0,0,0,0,3,0,0,4,0,1,0,2,0,0,0,0,3,1,0,1,0,0,0,0,0,1,2,0,0,4,0,0,0,0,0,0,1,0,0,0,0,0,0,0,0,0,0,0,0,0,0,0,0,0,0,0,0,1,1,0,0,0,0,0,0,0,1,0,0,0,0,0,0,0,0,0,0,0,1,1,0,0,0,0,0,0,0,0,0,0,0,0,1
Imperial,33.0393082,-115.36690420000001,0,0,0,0,0,0,0,0,0,0,0,0,0,0,0,0,0,0,0,0,0,0,0,0,0,0,0,0,0,0,0,0,0,1,0,0,1,0,0,0,0,0,0,0,0,0,0,0,0,0,0,1,1,2,0,0,0,0,0,0,0,0,0,0,0,0,0,1,0,0,2,0,2,2,1,0,0,0,0,0,0,0,0,0,0,0,0,0,0,0,0,0,5,0,0,0,0,0,2,15,0,0,0,0,0,0,0,0,0,0,1,1,0,0,0,6,0,1,0,0,0,1,1,0,0,0,0,4,25,11,11,11,0,0,0,1,3,7,4,0,0,4,6,4,3,3,0,0,1,2,4,4,1,1,4,2,0,0,1,1,0,0,0,2,3,15,3,0,0,1,3,4,8,6,0,0,7,10,8,6,9,0,0,0,5,0,12,1,-1,0,0,1,2,3,0,0,0,4,0,4,2,1,0,0,0,0,-1,0,0,0,0,0,4,38,2,0,0,0,0,3,0,0,-3,1,0,-1,3,0,0,0,0,0,0,1,2,0,0,0,0,0,0,1,0,0,0,0,1,0,2,1,0,0,0,0,2,1,0,5,0,0,0,2,1,4,2,0,0,0,0,0,1,0,0,0,0,0,3,3,0,2,0,-1,5,2,7,2,0,0,1,8,3,2,2,0,0,3,1,3,3,0,0,0,2,5,5,1,2,-1,1,1,10,0,15,2,5,0,4,6,-16,-1,5,0,1,0,9,2,11,13,1,3,7,6,13,4,9,0,0,5,12,9,1,10,0,0,1,10,0,7,-5,0,0,0,0,11,-2,1,0,0,1,5,32,3,2,3,0,1,3,6,5,7,0,5,12,0,0,2,0,8,-1,5,2,4,0,0,4,0,0,0,0,2,3,0,0,2,4,0,0,0,0,0,3,0,0,4,0,0,0,1,0,0,1,0,0,0,0,0,1,0,0,0,0,0,0,0,1,0,0,-1,0,0,0,1,0,1,0,0,4,3,-1,1,0,0,1,2,0,0,3,0,0,0,-1,2,0,0,0,0,0,2,0,0,0,0,0,0,1,0,2,0,0,0,0,0,0,-1,0,0,0,0,0,0,0,1,0,0,-4,2,0,0,0,0,0,0,1,1,0,0,0,0,0,1,0,0,0,0,0,0,0,0,0,0,1,0,0,0,0,0,0,0,0,2,0,0,0,0,0,0,0,0,0,0,1,0,0,0,0,1,0,1,0,0,0,0,0,2,0,0,0,0,0,1,0,0,0,0,0,0,0,0,0,0,0,1,1,0,2,0,0,0,0,0,0,0,0,1,0,1,0,0,0,0,0,0,2,1,0,0,0,2,0,0,0,2,0,0,0,0,0,0,2,0,0,0,0,0,0,0,0,0,0,0,0,0,0,0,0,0,0,0,0,0,0,0,0,0,0,0,0,0,0,0,0,0,3,0,0,0,0,4,0,0,3,0,0,0,2,0,0,4,0,0,0,5,0,2,0,1,0,0,2,0,0,6,2,0,0,0,0,0,0,0,0,0,0
Inyo,36.51112084,-117.41119779999998,0,0,0,0,0,0,0,0,0,0,0,0,0,0,0,0,0,0,0,0,0,0,0,0,0,0,0,0,0,0,0,0,0,0,0,0,0,0,0,0,0,0,0,0,0,0,0,0,0,0,0,0,0,0,1,0,0,0,0,0,0,0,0,0,0,0,0,0,0,0,0,0,0,0,0,0,0,0,0,0,0,0,0,0,0,0,0,0,0,0,0,0,0,0,0,0,0,0,0,0,0,0,0,0,0,0,0,0,0,0,0,0,0,0,0,0,0,0,0,0,0,0,0,0,0,0,0,0,0,0,0,0,0,0,0,0,0,0,0,0,0,0,0,0,0,0,0,0,0,0,0,0,0,0,0,0,0,0,0,0,0,0,0,0,0,0,0,0,0,0,0,0,0,0,1,0,-1,1,0,0,1,0,0,0,0,0,-1,0,0,0,0,0,9,1,0,0,0,0,0,0,0,0,0,0,1,0,0,1,0,0,0,0,0,0,0,0,0,0,0,0,0,0,0,0,0,0,0,0,0,0,0,0,0,0,0,0,0,0,0,0,0,0,0,0,0,0,0,0,0,0,0,0,0,0,1,0,0,0,0,0,0,0,0,0,0,0,0,0,0,0,0,0,0,0,0,0,0,0,0,0,0,0,0,0,1,0,0,0,0,0,0,1,0,0,0,0,0,0,1,0,0,1,0,1,0,0,0,0,0,0,0,0,4,1,0,0,0,0,0,0,0,1,0,0,0,0,0,1,0,0,0,0,0,0,0,0,0,0,0,0,0,0,0,3,0,0,2,0,0,0,0,0,0,0,0,0,0,0,0,0,1,1,1,0,0,0,0,0,0,0,0,0,0,0,0,0,0,0,0,0,0,0,0,0,0,0,0,0,0,0,0,0,0,0,0,1,0,0,0,0,0,0,0,0,0,0,0,0,0,0,0,0,0,0,0,0,0,0,0,0,0,0,0,0,0,0,0,0,0,0,0,0,0,0,0,0,0,0,0,0,0,0,0,0,0,0,0,0,0,0,0,-1,0,0,0,0,0,0,0,0,0,0,0,0,0,0,0,0,0,0,0,0,0,0,0,0,0,0,0,0,0,0,0,0,0,0,0,0,0,0,1,0,0,0,0,0,0,0,0,0,0,0,0,0,0,0,2,0,0,0,0,0,0,0,0,0,0,0,0,0,0,0,1,0,0,0,0,0,0,0,0,0,0,0,0,0,0,0,0,0,0,0,0,0,0,0,0,0,0,0,0,0,0,0,0,0,0,0,0,0,0,0,0,0,0,0,0,0,0,0,0,0,0,0,0,0,0,0,0,0,0,0,0,0,0,0,0,0,0,0,0,0,0,0,1,0,0,0,0,1,0,0,0,0,0,0,0,0,0,0,0,0,0,0,0,0,0,0,1,0,0,0,0,0,0,0,2,0,0,0,0,0,1,0,0,0,0,1,0,0,0,0,0,0,0,0,0,0,0,0,0,0,0,0,1,0,0,0,0,0,0,0,0,0,0,0,1,0,1,0,0,0,0
Kern,35.34329425,-118.72777959999999,0,0,0,0,0,0,0,0,0,0,0,0,0,0,0,0,0,0,0,0,0,0,0,0,0,1,0,0,0,0,0,0,1,0,0,0,0,0,1,0,0,0,0,0,0,0,0,0,0,0,0,1,0,0,0,0,1,0,1,1,1,0,0,0,3,0,2,2,0,0,0,2,0,4,3,1,0,0,0,0,0,2,2,0,0,0,7,1,0,1,0,0,1,1,5,0,0,0,2,0,4,0,2,0,0,0,1,3,1,0,2,0,0,0,3,1,1,0,2,1,2,6,1,3,1,1,0,2,3,2,8,0,0,1,0,0,7,0,0,0,0,0,10,0,8,0,0,0,12,0,4,1,4,0,0,7,1,0,8,11,0,0,12,0,4,17,0,0,0,12,12,1,9,2,0,0,11,0,5,17,13,0,0,6,0,2,2,0,0,0,0,1,10,15,4,6,0,1,7,0,10,4,0,0,3,3,1,6,2,0,0,0,1,1,10,5,0,0,1,0,0,5,2,1,0,2,9,0,2,2,0,0,3,2,1,0,0,0,0,4,0,2,1,1,0,0,1,1,2,1,0,0,0,0,0,1,2,0,0,0,0,5,0,3,5,0,0,2,1,0,0,0,0,0,1,2,1,3,1,0,0,1,6,0,4,0,2,0,1,0,6,3,2,0,0,1,3,0,0,0,1,16,2,6,2,0,0,0,6,0,3,2,16,3,0,0,2,6,1,7,7,0,0,0,7,11,4,3,0,1,0,9,9,7,8,0,0,2,15,9,8,1,0,0,1,4,13,0,10,0,0,0,3,37,14,20,12,10,3,0,25,15,1,24,26,25,13,9,13,5,0,0,0,6,16,18,5,1,0,5,17,16,6,11,32,19,6,20,19,28,24,25,23,8,6,11,13,4,5,5,1,1,5,6,0,0,0,2,0,5,6,5,0,0,9,2,2,10,0,0,0,0,3,1,4,1,0,0,4,3,6,0,6,0,0,0,0,1,0,2,0,0,0,3,0,1,3,0,0,2,0,1,2,1,0,0,0,5,0,2,2,0,0,1,1,0,0,0,0,0,1,0,0,1,2,0,0,0,1,0,0,0,0,1,0,1,0,1,0,0,0,0,1,0,0,0,0,3,0,1,0,1,0,0,2,0,0,0,1,0,0,2,1,0,5,0,0,0,1,1,1,0,1,0,0,0,0,4,1,0,0,0,2,0,5,2,2,0,0,3,0,4,1,5,0,0,4,3,8,5,4,0,0,0,3,1,5,5,0,0,5,4,5,4,1,0,0,0,6,4,0,7,0,0,8,0,0,4,3,0,0,6,7,6,7,9,0,0,10,4,1,3,5,0,0,10,1,16,12,4,0,0,4,0,5,10,2,0,0,4,0,21,5,7,0,0,0,0,24,0,3,0,0,0,1,7,10,12,0,0,1,5,12,0,0,0,0,10,13,0,10,14,0,0,10,3,14,7,8,0,0,5,4,1,8,9,0,0,0,4,4,0,3,0,0,10,0,0,0,0,0,0,0
Kings,36.07409056,-119.8159973,0,0,0,0,0,0,0,0,0,0,0,0,0,0,0,0,0,0,0,0,0,0,0,0,0,0,0,0,0,0,0,0,0,0,0,0,0,0,0,0,0,0,0,1,0,0,0,0,0,0,0,0,0,0,0,0,0,0,0,0,0,0,0,0,0,0,0,0,0,0,0,0,0,0,1,0,0,0,0,0,0,0,0,0,0,0,1,0,0,0,0,1,1,1,0,0,0,0,0,0,0,0,0,0,0,0,0,1,1,1,0,2,2,3,0,1,1,0,0,2,10,0,1,0,0,0,2,0,0,0,0,0,1,3,0,0,0,0,0,0,0,1,0,1,0,0,0,0,2,2,0,2,2,0,0,0,0,0,1,1,1,0,0,0,2,4,0,2,0,0,1,0,1,0,0,0,-1,3,0,0,0,0,0,0,2,0,2,0,6,0,0,0,-2,0,0,0,0,0,1,1,2,2,0,0,0,0,0,1,1,0,0,0,1,0,0,1,0,0,1,-1,0,0,0,0,0,0,0,0,0,0,0,0,0,0,2,0,0,0,0,1,-1,0,0,0,0,0,1,0,0,0,1,0,0,1,0,0,0,0,0,0,0,0,0,0,0,0,0,0,0,0,0,0,0,0,1,0,1,1,2,0,0,0,2,0,2,2,1,0,0,2,-1,0,2,0,0,2,3,3,0,0,0,0,0,0,0,0,0,0,0,0,0,0,0,0,0,0,0,0,0,23,0,0,10,2,3,12,1,0,0,0,0,8,0,2,0,3,0,0,0,15,3,0,2,3,1,1,5,0,3,0,0,1,5,0,0,1,1,1,2,0,0,0,0,1,0,0,6,1,0,0,0,2,0,0,4,2,0,0,1,0,0,2,0,1,0,0,1,0,0,2,-1,0,0,0,1,0,0,0,0,0,1,3,0,-1,-1,0,0,2,0,-1,1,0,0,0,0,0,0,1,0,0,0,0,1,0,1,0,0,0,0,0,0,0,0,0,0,0,0,0,0,0,0,0,1,-1,0,0,0,0,0,-1,0,0,-1,0,0,0,0,0,0,0,0,0,0,1,0,0,0,0,0,0,0,0,0,0,0,0,0,0,0,1,0,0,0,0,-1,0,0,0,0,0,0,0,0,1,0,0,0,0,0,0,0,0,0,0,0,0,0,0,0,0,1,0,1,0,0,0,0,1,0,0,1,-1,1,0,0,0,1,-1,2,1,1,0,0,0,2,0,0,1,0,0,1,0,2,-3,0,2,0,1,3,0,0,0,1,0,3,0,6,1,1,-1,1,3,1,1,1,4,-1,1,6,1,1,0,0,0,4,-2,4,2,0,0,-1,3,-2,7,0,0,0,0,1,3,0,2,0,0,1,0,5,2,0,3,0,0,0,10,1,-1,2,0,0,1,-1,2,2,1,0,0,1,1,0,1,0,2,0,2,-1,2,2,2,0,0,2,2,0,0,0,0,0,6,-1,-1,2,3,0,0,2,0,3,-1,0,0,0,1,0,1,1,0,0,0,4,-2,0,0,3,0,0,0,3,4,0,0,0,0,0
Lake,39.10124298,-122.75362439999999,0,0,0,0,0,0,0,0,0,0,0,0,0,0,0,0,0,0,0,0,0,0,0,0,0,0,0,0,0,0,0,0,0,0,0,0,0,0,0,0,0,0,0,0,0,0,0,0,0,0,0,0,0,0,0,0,0,0,0,0,0,0,0,0,0,0,0,0,0,0,0,0,0,0,0,0,0,0,0,0,0,0,0,0,0,0,0,0,0,0,0,0,0,0,0,0,0,0,0,0,0,0,0,0,0,0,0,0,0,0,0,0,0,0,0,0,0,0,0,0,0,0,0,0,1,0,0,0,0,0,0,0,0,0,0,0,0,0,0,0,0,0,0,0,0,0,0,0,0,0,0,0,0,0,0,0,0,0,0,1,0,0,0,0,0,0,0,0,0,0,0,0,0,0,0,0,0,0,0,0,0,0,0,0,0,0,0,0,0,0,2,0,0,0,0,0,0,0,2,2,0,0,0,0,1,0,0,0,1,0,0,1,-1,1,-1,0,0,0,1,0,0,0,0,1,0,0,2,0,0,1,0,0,0,0,0,0,0,0,0,0,0,1,0,0,1,0,-1,0,0,0,0,0,0,0,1,0,0,0,0,1,0,0,0,0,0,0,0,0,0,0,0,0,0,0,1,1,0,0,0,0,0,0,0,1,0,0,0,0,0,-1,0,0,0,0,0,0,0,0,0,2,0,0,0,1,0,1,0,0,1,0,1,0,0,0,0,0,1,0,0,1,2,0,0,1,0,1,0,0,0,0,0,0,0,0,1,0,0,0,0,1,-1,1,2,0,0,0,0,0,1,1,0,0,0,2,0,0,0,0,0,0,0,0,0,0,0,0,0,2,0,0,0,0,0,0,0,1,0,0,0,0,0,0,0,0,0,0,0,0,0,0,0,0,0,0,0,0,0,0,0,0,0,0,0,0,0,0,0,0,0,0,0,0,0,0,0,0,0,0,0,0,0,0,0,0,0,0,0,0,0,0,0,0,0,0,0,0,0,0,0,0,0,0,0,0,0,0,0,0,0,1,1,0,0,0,0,0,0,0,0,0,0,0,0,0,0,0,0,0,0,0,0,0,0,0,0,0,0,0,8,3,0,0,0,0,0,0,6,0,0,0,1,0,0,0,0,0,0,0,0,0,1,0,0,0,0,0,0,0,0,0,1,0,0,0,1,0,0,0,0,0,-1,1,0,0,0,0,1,1,0,0,0,0,0,0,1,0,0,0,0,0,3,2,0,0,0,0,0,0,3,1,0,0,0,0,0,1,0,0,3,0,0,1,2,2,0,0,0,0,3,3,-1,0,0,3,0,0,2,0,0,0,0,0,0,0,0,0,0,0,0,0,6,1,0,0,0,0,0,0,0,1,0,0,0,0,0,0,1,0,0,0,0,0,0,0,0,0,0,0,0,1,0,2,0,0,0,1,0,0,0,0,0,0,0,0,0,0,0,0,0,0,2,1,0,0,0,0,0,1,0,0,0,1,0,0,0,0,0,0,1,0,0,0,0,0,0,0,0,0,1,0,0,0,0
Lassen,40.67311306,-120.59350990000002,0,0,0,0,0,0,0,0,0,0,0,0,0,0,0,0,0,0,0,0,0,0,0,0,0,0,0,0,0,0,0,0,0,0,0,0,0,0,0,0,0,0,0,0,0,0,0,0,0,0,0,0,0,0,0,0,0,0,0,0,0,0,0,0,0,0,0,0,0,0,0,0,0,0,0,0,0,0,0,0,0,0,0,0,0,0,0,0,0,0,0,0,0,0,0,0,0,0,0,0,0,0,0,0,0,0,0,0,0,0,0,0,0,0,0,0,0,0,0,0,0,0,0,0,0,0,0,0,0,0,0,0,0,0,0,0,0,0,0,0,0,0,0,0,0,0,0,0,0,0,0,0,0,0,0,0,0,0,0,0,0,0,0,0,0,0,0,0,0,0,0,0,0,0,0,0,0,0,0,0,0,0,0,0,0,0,0,0,0,0,0,0,0,0,0,0,0,0,0,0,0,0,0,0,0,0,0,0,0,0,0,0,0,0,0,0,0,0,0,0,0,0,1,0,0,0,0,0,0,0,0,0,0,0,0,0,0,0,0,0,0,0,0,0,0,0,0,0,0,0,0,0,0,0,0,0,0,0,0,0,1,1,0,0,0,0,0,0,0,0,0,0,0,0,0,0,0,0,0,0,2,0,0,0,1,0,0,0,0,1,0,0,0,0,1,0,0,0,0,0,0,0,1,0,1,0,0,0,1,0,0,0,0,1,0,0,1,0,0,0,0,0,0,3,0,0,0,0,0,0,0,0,0,0,0,0,1,0,0,1,0,0,0,1,0,0,0,0,0,0,0,0,0,0,0,0,0,0,0,0,0,0,0,0,0,0,5,0,0,1,0,0,0,-1,0,0,1,0,0,0,0,-1,0,1,0,0,-1,0,0,0,0,0,0,0,0,0,0,0,0,0,0,0,0,0,0,0,0,0,0,0,0,0,0,0,0,0,0,0,0,0,0,0,0,0,0,0,0,0,0,0,0,0,0,0,0,0,0,0,0,0,0,0,0,0,0,0,0,0,0,0,0,0,0,0,0,0,0,0,0,0,0,0,0,0,0,0,0,0,0,0,0,0,0,0,0,0,0,1,0,0,0,1,0,0,0,0,0,0,0,0,0,0,0,0,0,0,0,0,0,0,0,0,0,0,0,0,2,-2,0,0,0,0,0,0,1,-1,0,0,0,0,0,0,0,0,0,0,0,0,0,0,0,0,0,0,0,0,0,0,1,0,0,0,0,0,0,0,0,0,0,0,0,0,2,0,0,0,0,2,0,0,0,1,0,0,0,0,0,0,2,0,1,1,0,0,0,0,0,0,0,0,0,0,1,0,0,0,0,0,0,5,1,0,3,0,0,0,0,1,0,0,0,0,1,1,0,0,0,0,0,0,1,0,0,0,0,0,1,0,1,0,0,0,0,0,0,0,0,0,0,0,0,3,0,0,0,0,0,1,0,0,0,0,0,0,3,0,0,0,0,0,0,0,0,0,0,0,0,0,0,0,0,0,0,0,0,0,0,0,0,0,0,0,0
Los Angeles,34.30828379,-118.22824109999999,0,0,0,0,0,0,0,0,0,1,0,0,0,0,0,0,0,1,0,0,3,2,4,2,8,5,0,6,12,10,10,14,11,4,39,15,22,29,25,19,2,25,53,38,45,52,40,79,24,19,44,69,65,53,45,21,28,58,54,55,63,35,22,26,58,54,49,52,45,16,39,46,44,51,42,40,28,19,73,60,43,37,39,14,10,29,56,40,53,45,23,24,62,41,43,37,55,21,11,54,58,50,16,60,13,19,34,32,35,38,47,9,16,34,36,40,22,16,20,26,40,34,52,0,0,30,47,48,61,47,54,51,14,15,73,46,46,59,36,12,8,51,60,48,37,51,9,15,51,92,41,65,45,24,9,58,67,42,50,48,10,21,1,113,1,102,31,8,19,67,52,54,45,46,8,13,47,58,38,31,27,10,15,45,49,54,45,23,5,25,6,54,38,43,26,11,23,42,30,21,6,0,23,13,35,22,32,33,16,10,1,36,25,34,16,16,5,7,27,28,17,15,27,3,2,17,22,22,21,8,13,1,35,32,12,18,15,4,7,27,13,4,12,15,3,2,21,21,22,18,12,2,5,25,16,3,25,21,2,6,25,37,28,32,32,9,18,45,42,37,24,19,16,17,46,41,44,56,43,23,27,70,71,74,51,71,25,47,93,134,99,87,64,53,60,96,134,140,0,136,44,79,242,262,291,193,136,85,79,237,260,205,309,227,162,136,318,266,272,260,253,91,89,185,294,246,232,290,78,52,300,283,230,226,299,118,87,220,247,231,217,187,88,99,221,152,159,126,189,75,27,121,165,133,156,131,84,21,163,928,109,135,87,107,32,102,107,104,136,99,14,12,63,112,103,88,42,25,2,45,60,85,56,56,19,18,64,86,57,34,24,23,-2,10,33,47,45,28,37,0,1,42,46,41,36,26,10,2,48,26,22,27,25,-5,20,34,34,26,23,17,-3,5,29,39,27,20,27,-3,-1,15,20,14,17,14,4,4,18,19,16,18,14,5,3,10,10,25,12,12,5,4,11,111,25,9,2,1,4,3,8,11,14,11,-1,3,13,6,8,-6,0,-1,1,1,4,5,7,3,2,3,2,11,8,3,7,3,3,2,1,7,0,0,0,16,3,6,11,0,0,16,1,10,9,4,0,1,15,2,3,6,14,1,4,15,4,11,19,14,0,0,9,5,16,19,16,16,14,7,13,27,21,20,18,19,7,17,32,35,30,29,19,9,28,35,30,32,26,5,18,21,42,40,35,33,20,11,12,37,19,78,19,0,58,25,35,27,24,29,21,3,18,41,31,30,27,14,22,12,31,28,20,17,10,26,16,31,28,30,24,4,26,8,16,17,19,0,12,33,3,27,33,21,13,9,3,27,20,5,22,2,9,7,17,22,12,24,21,10,2,10,34,18,24,18,6,10,31,20,26,24,26,11,7,29,28,0,28,19,7,10,28,18,24,17,19,2,2,14,13,13,16,21,5,11,11,17,19,25,19,9,7,25,15,24,21,0,13,9,21,25,24,12,0,3,7
Madera,37.21513971,-119.76655890000002,0,0,0,0,0,0,0,0,0,0,0,0,0,0,0,0,0,0,0,0,0,0,0,0,0,1,1,-1,0,0,0,0,1,0,0,0,0,0,0,0,0,0,0,0,0,0,0,0,0,0,0,0,0,0,0,0,0,0,0,0,0,0,0,0,0,0,0,0,0,0,0,0,0,0,0,0,0,0,0,0,0,0,0,0,0,0,0,0,0,0,0,0,0,1,0,0,0,0,0,0,0,0,0,0,0,0,0,1,0,0,0,0,0,0,0,0,0,0,0,0,0,0,0,0,0,0,0,0,0,0,0,0,0,0,0,0,4,1,0,1,0,0,0,3,3,1,0,0,1,0,0,1,-1,0,0,1,0,0,1,2,0,0,0,1,2,1,0,0,0,2,2,1,0,1,0,0,0,0,1,0,0,0,2,6,0,2,-1,0,0,1,0,0,0,0,0,2,0,0,0,0,0,2,0,0,0,1,0,0,-1,0,0,0,0,1,1,1,0,0,0,0,0,0,0,0,0,0,0,0,3,0,-1,0,0,0,0,1,0,0,0,0,0,0,1,0,0,0,0,0,0,0,0,0,0,0,0,0,0,0,0,0,0,0,0,0,2,0,0,1,0,0,0,0,0,0,0,0,1,0,1,0,0,0,0,0,0,0,1,0,0,2,0,1,0,0,0,0,0,0,1,0,0,0,0,1,-1,2,1,0,0,0,0,9,9,0,0,0,0,0,0,0,0,0,0,1,0,0,0,0,0,0,0,0,8,0,0,0,0,0,0,1,0,-2,0,0,12,0,1,0,0,0,0,66,5,11,0,3,1,1,0,1,0,5,0,0,-5,0,9,5,3,0,0,0,0,1,2,0,0,0,0,0,0,-3,-1,0,0,0,0,0,0,0,0,0,0,19,0,1,0,0,0,0,0,1,0,0,0,0,0,0,0,0,0,0,0,0,0,0,0,0,0,0,0,4,0,0,0,0,0,0,0,0,3,0,0,0,0,0,0,0,0,0,0,0,0,0,0,0,1,0,0,1,0,0,0,0,0,0,0,0,0,0,0,0,0,0,0,0,0,0,0,0,0,0,1,0,-1,0,0,0,0,0,0,0,0,0,0,0,0,0,0,0,1,0,0,0,0,0,-1,0,0,0,0,0,0,4,0,1,0,0,0,0,0,0,0,0,0,0,0,0,0,0,0,0,0,0,0,0,0,0,1,0,0,0,0,0,0,0,0,0,0,0,1,0,0,0,0,0,0,0,0,0,0,2,0,0,0,3,0,0,0,0,0,2,3,0,0,0,0,0,5,0,0,0,0,0,0,4,0,0,0,0,0,0,3,0,2,0,0,1,0,5,0,0,0,0,0,0,8,0,0,0,0,0,0,2,0,0,0,0,0,0,4,0,0,0,0,0,0,2,0,0,0,0,0,0,7,0,0,0,0,0,0,11,0,0,0,0,0,0,0,0,0,0,0,0,0,4,0,0,0,0,0,0,2,0,0,0,0,0,0,7,0,0,0,0,0,0,0,0,0,0,0,0,0
Marin,38.07122463,-122.72106310000001,0,0,0,0,0,0,0,0,0,0,0,0,0,0,0,0,0,0,0,0,0,0,0,0,0,0,0,0,0,1,0,0,5,0,0,1,0,0,0,-1,0,0,0,3,1,0,0,0,0,0,0,1,0,0,1,0,0,0,1,0,0,0,0,0,1,0,0,0,0,0,0,0,0,0,0,0,0,0,0,0,0,0,0,0,0,0,0,0,0,0,0,0,0,0,0,3,0,0,0,0,0,0,0,0,0,0,0,0,0,0,0,0,0,0,0,0,0,0,0,0,0,0,0,0,0,0,0,0,0,3,1,0,0,0,0,0,0,0,0,0,0,0,2,-1,0,0,0,0,1,11,5,4,0,0,0,0,0,0,0,1,0,0,0,0,0,2,0,0,0,1,-1,1,2,0,1,6,0,0,6,1,1,2,1,0,-1,0,0,0,1,0,1,0,0,1,0,1,0,7,0,4,0,0,2,1,0,1,0,5,1,0,0,0,0,1,-1,0,0,0,0,4,1,0,1,0,0,0,2,0,0,0,0,1,1,1,0,0,0,0,2,22,0,-1,0,0,0,0,6,0,0,0,0,0,0,2,0,0,0,0,0,1,0,0,0,0,0,1,0,0,0,0,0,0,0,1,0,0,0,0,0,0,0,1,1,2,1,0,0,0,0,1,0,0,0,0,0,0,0,1,0,0,1,1,1,2,0,0,3,-1,1,0,2,0,0,1,1,1,1,4,-2,1,4,0,1,4,2,2,4,0,0,0,2,1,3,2,0,0,3,1,1,2,1,1,0,0,3,2,1,0,1,0,2,2,2,2,1,1,1,1,1,0,0,0,0,0,0,0,0,1,0,-2,1,0,0,2,1,1,0,0,0,0,0,1,1,0,0,1,0,-2,0,2,1,-1,-1,1,0,0,0,0,0,0,3,1,1,0,0,0,-2,0,2,0,0,0,0,0,1,0,0,0,0,0,0,0,0,1,0,0,0,0,0,0,0,0,0,0,0,-1,0,0,0,0,0,0,0,0,0,0,0,0,0,0,0,2,0,0,0,0,0,0,1,-1,0,0,0,0,0,0,0,0,0,0,0,0,0,1,0,0,0,0,0,2,0,0,0,0,0,0,1,0,0,0,0,0,0,0,0,0,0,0,0,0,1,0,0,0,0,0,4,0,0,0,1,0,0,0,0,0,0,0,0,4,-4,0,0,0,0,0,0,0,0,0,0,0,0,1,0,0,0,0,0,0,0,0,0,0,0,0,0,0,0,2,0,0,0,0,0,0,0,0,0,0,0,0,0,0,0,0,0,0,0,0,0,0,0,0,0,0,0,0,0,0,0,0,0,0,0,0,0,0,0,0,1,0,0,0,0,0,1,0,0,0,0,0,0,0,0,3,0,0,0,0,0,0,0,0,0,0,0,0,0,0,0,0,0,0,1,0,0,0,0,0,0,0,0,0,0,0,0,1,0,0,0,0,0,0,0,0,0,0,0,0,0,0,0,0,0,0,0,0,0,0,0,0,0,0,0,0,0,0,0,0,0,0,0
Mariposa,37.57978556,-119.9073334,0,0,0,0,0,0,0,0,0,0,0,0,0,0,0,0,0,0,0,0,0,0,0,0,0,0,0,0,0,0,0,0,0,0,0,0,0,0,0,0,0,0,0,0,0,0,0,0,0,0,0,0,0,0,0,0,0,0,0,0,0,0,0,0,0,0,0,0,0,0,0,0,0,0,1,0,0,0,0,0,0,0,0,0,0,0,0,0,0,0,0,0,0,0,0,0,0,0,0,0,0,0,0,0,0,0,0,0,0,0,0,0,0,0,0,0,0,0,0,0,0,0,0,0,0,0,0,0,0,0,0,0,0,0,0,0,0,0,0,0,0,0,0,0,0,0,0,1,0,0,0,0,0,0,0,0,0,0,0,0,0,0,0,0,0,0,0,0,0,0,0,0,0,0,0,0,0,0,0,0,0,0,0,0,0,0,0,0,0,0,0,0,0,0,0,0,0,0,0,0,0,0,0,0,0,0,0,0,0,0,0,0,0,0,0,0,0,0,0,0,0,0,0,0,0,0,0,0,0,0,0,0,0,0,0,0,0,0,0,0,0,0,0,0,0,0,0,0,0,0,0,0,0,0,0,0,0,0,0,0,0,0,0,0,0,0,0,0,0,0,0,0,0,0,1,0,0,0,0,0,0,1,0,0,0,0,0,0,0,0,0,0,0,0,0,0,0,0,0,0,0,0,0,0,0,0,0,0,0,0,0,0,0,0,0,0,0,0,0,0,0,0,0,0,0,0,0,0,0,1,0,0,0,0,0,0,0,0,0,0,0,0,0,0,0,0,0,0,0,0,2,0,0,0,0,0,0,0,0,0,0,0,0,0,0,0,0,0,0,0,0,0,0,0,0,0,0,0,0,0,0,0,0,0,0,0,0,0,0,0,0,0,0,0,0,0,0,0,0,0,0,0,0,0,0,0,0,0,0,0,0,0,0,0,0,0,0,0,0,0,0,0,0,0,0,0,0,0,0,0,0,0,0,0,0,0,0,0,0,0,0,0,0,0,0,0,0,0,0,0,0,0,0,0,0,0,0,0,0,0,0,0,0,0,0,0,0,0,0,0,0,0,0,0,0,0,0,0,0,0,0,0,0,0,0,0,0,0,0,0,0,0,0,0,0,0,0,0,0,0,0,0,0,0,0,0,0,0,0,0,0,0,0,0,0,0,0,0,0,0,0,0,0,0,0,0,0,0,0,0,0,0,0,1,0,0,2,0,0,0,0,0,0,0,0,0,0,0,0,0,0,0,0,0,0,0,0,0,0,0,0,0,2,0,0,0,0,0,0,0,1,0,0,0,0,0,0,0,0,0,0,0,0,0,0,0,0,0,0,2,0,0,0,0,0,0,0,0,1,0,0,0,1,0,0,0,0,0,0,0,0,0,0,0,0,0,0,0,0,0,0,0,0,0,0,0,0,0,0,0,0,0,1,0,0,0,0,0,0,0,0,0,0,0,0,0,0,0,0,0,0,0,0,0,0,0,0,0,0,0,0,0,0,0,0,0,0,0,0,0,0,0,0
Mendocino,39.4381191,-123.39113130000001,0,0,0,0,0,0,0,0,0,0,0,0,0,0,0,0,0,0,0,0,0,0,0,0,0,0,0,0,0,0,0,0,0,0,0,0,0,0,0,0,0,0,0,0,0,0,0,0,0,0,0,0,0,0,0,0,0,0,0,0,0,0,0,0,0,0,0,0,0,0,0,0,0,0,0,0,0,0,0,0,0,0,0,0,0,0,0,0,0,0,0,0,0,0,0,0,0,0,0,0,0,0,0,0,0,0,0,0,0,0,0,0,0,0,0,0,0,0,0,0,0,0,0,0,0,0,0,0,0,0,0,0,0,0,0,0,0,0,0,0,0,0,0,0,0,0,0,0,0,0,1,0,0,0,0,0,0,0,0,0,0,0,8,0,-1,0,0,0,0,0,0,2,0,0,0,0,0,0,0,1,2,0,2,0,0,1,0,0,0,0,0,0,0,1,0,0,0,1,0,0,0,0,0,0,0,-1,0,0,0,0,0,0,0,2,-1,0,0,1,0,0,1,0,1,0,0,0,0,0,0,0,0,0,0,0,-1,0,0,0,0,0,0,1,0,0,0,0,1,0,0,0,0,0,0,0,0,0,0,0,0,1,0,0,0,-1,0,0,0,0,0,0,0,0,1,0,0,0,0,0,0,0,0,0,1,0,0,0,0,0,0,-1,0,1,-1,0,0,0,0,0,0,0,0,0,1,0,0,0,0,0,4,2,0,0,1,0,0,0,0,0,0,0,0,0,0,1,0,0,0,0,1,2,1,0,0,0,0,1,0,1,0,0,0,0,0,0,0,0,0,0,0,1,0,0,0,0,0,1,1,0,0,0,0,0,0,0,0,0,1,0,0,0,0,0,0,0,0,1,1,0,0,0,0,1,0,-2,2,0,0,0,0,0,0,0,0,0,0,0,0,0,0,0,0,0,0,1,0,0,0,0,0,0,0,0,0,0,0,0,0,0,0,0,0,0,0,0,0,0,0,0,0,0,0,0,0,0,0,0,0,0,0,0,0,0,1,0,0,0,0,0,0,0,0,0,0,0,0,0,0,0,0,0,0,0,0,0,0,1,1,0,0,0,0,0,0,0,0,0,0,0,0,0,0,0,0,0,0,0,0,0,0,0,0,0,0,0,0,0,0,0,0,0,0,0,0,0,0,0,0,0,0,0,0,0,0,0,0,0,0,0,0,0,0,0,0,0,0,0,0,0,0,0,0,0,0,2,0,0,0,0,0,0,1,1,2,0,0,0,0,4,0,2,0,0,0,0,0,0,0,0,0,0,0,4,1,1,0,0,0,0,1,2,4,0,0,0,0,4,0,0,0,0,1,0,0,2,1,0,0,-1,1,0,0,0,0,0,0,0,5,0,0,0,0,0,1,0,0,0,0,0,0,1,0,0,0,1,0,0,2,2,0,0,0,0,0,0,0,0,0,0,0,0,0,0,0,0,0,0,0,3,0,2,0,0,0,0,0,0,0,0,1,0,0,0,0,3,0,0,0,0,0,0,2,0,0,0,0,0,0,0,0,0,0,0,0
Merced,37.18922369,-120.72090349999999,0,0,0,0,0,0,0,0,0,0,0,0,0,0,0,0,0,0,0,0,0,0,0,0,0,0,0,0,0,0,0,0,0,0,0,1,0,0,2,0,0,0,0,0,0,0,0,0,0,0,0,0,0,0,0,0,0,0,0,0,0,0,0,0,0,0,0,0,0,0,0,0,0,0,2,0,0,0,0,1,0,0,0,0,0,1,0,0,0,-1,0,0,0,1,0,0,0,0,0,0,0,0,0,0,0,0,0,0,0,1,0,0,0,0,0,2,0,0,0,0,0,0,0,0,0,0,0,0,1,0,1,0,0,0,0,0,0,0,3,0,0,0,0,7,1,0,0,0,0,2,5,0,-1,0,0,1,0,0,0,21,0,0,14,1,-3,4,-1,0,0,0,0,2,1,0,0,0,0,5,1,2,2,0,0,24,0,2,-1,0,0,0,0,3,2,0,3,0,0,2,4,1,8,1,0,0,4,2,1,0,1,0,0,0,0,2,1,0,1,3,0,1,0,1,1,0,0,0,1,0,1,0,0,0,1,0,0,0,1,0,0,0,0,0,0,1,1,0,1,0,2,2,0,0,0,0,0,1,1,2,1,0,0,4,1,0,2,0,0,2,1,0,0,0,0,0,0,1,4,0,3,-1,0,2,2,3,0,2,1,0,1,0,2,3,3,0,0,3,2,9,1,0,0,0,8,4,1,3,1,0,0,0,2,2,2,1,1,0,1,2,-2,0,3,0,0,0,1,2,45,13,2,0,4,6,13,6,1,2,0,3,3,2,0,1,0,0,8,5,4,4,1,0,0,0,4,0,4,3,0,0,2,2,-1,0,2,0,1,4,4,3,3,0,0,-1,1,2,0,2,3,1,0,0,1,2,2,0,1,0,2,0,1,3,3,0,0,1,0,2,1,1,0,0,3,0,0,5,0,0,0,0,1,1,1,3,0,0,0,1,1,0,0,0,0,0,0,1,0,0,0,0,0,0,0,2,2,0,0,1,1,0,0,0,0,0,2,0,2,1,0,0,0,0,0,0,0,1,0,0,0,2,1,0,0,0,0,2,0,0,0,0,0,0,0,2,1,0,1,0,0,-1,1,1,1,2,0,0,0,0,0,0,0,0,1,0,0,0,0,0,1,0,0,0,0,0,0,0,1,1,0,0,0,0,0,0,0,1,0,0,0,0,0,2,0,1,0,0,0,0,0,2,1,0,1,0,0,1,2,2,0,2,0,0,3,1,3,0,2,0,0,1,2,8,4,1,0,0,0,3,0,5,0,0,0,5,3,3,1,2,0,1,3,2,5,0,0,2,0,3,1,0,0,0,6,0,4,1,2,0,0,1,0,1,10,0,0,0,2,0,0,1,1,0,0,0,0,2,0,0,3,0,0,3,5,2,1,7,0,0,3,0,6,30,0,1,0,4,0,5,1,2,0,0,4,0,4,0,0,0,0,3,0,1,2,1,0,0,1,0,3,5,1,0,0,1,0,2,1,1,0,0,1,0,1,1,1,0,0,0,0,1,2,1,0,0,0
Modoc,41.58965602,-120.7244817,0,0,0,0,0,0,0,0,0,0,0,0,0,0,0,0,0,0,0,0,0,0,0,0,0,0,0,0,0,0,0,0,0,0,0,0,0,0,0,0,0,0,0,0,0,0,0,0,0,0,0,0,0,0,0,0,0,0,0,0,0,0,0,0,0,0,0,0,0,0,0,0,0,0,0,0,0,0,0,0,0,0,0,0,0,0,0,0,0,0,0,0,0,0,0,0,0,0,0,0,0,0,0,0,0,0,0,0,0,0,0,0,0,0,0,0,0,0,0,0,0,0,0,0,0,0,0,0,0,0,0,0,0,0,0,0,0,0,0,0,0,0,0,0,0,0,0,0,0,0,0,0,0,0,0,0,0,0,0,0,0,0,0,0,0,0,0,0,0,0,0,0,0,0,0,0,0,0,0,0,0,0,0,0,0,0,0,0,0,0,0,0,0,0,0,0,0,0,0,0,0,0,0,0,0,0,0,0,0,0,0,0,0,0,0,0,0,0,0,0,0,0,0,0,0,0,0,0,0,0,0,0,0,0,0,0,0,0,0,0,0,0,0,0,0,0,0,0,0,0,0,0,0,0,0,0,0,0,0,0,0,0,0,0,0,0,0,0,0,0,0,0,0,0,0,0,0,0,0,0,0,0,0,0,0,0,0,0,0,0,0,0,0,0,0,0,0,0,0,0,0,0,0,0,0,0,0,0,0,0,0,0,0,0,0,0,0,0,0,0,0,0,0,0,0,0,0,0,0,0,0,0,0,1,0,0,0,2,0,0,0,0,0,0,0,0,0,0,0,0,0,0,0,0,0,0,0,0,0,0,0,0,0,0,0,0,0,0,0,0,0,0,0,0,0,0,0,0,0,0,0,0,0,0,0,0,0,0,0,0,0,0,0,0,0,0,0,0,0,0,0,0,0,0,0,0,0,0,0,0,0,0,0,0,0,0,0,0,0,0,0,0,0,0,0,0,0,0,0,0,0,0,0,0,0,0,0,0,0,0,0,0,0,0,0,0,0,0,0,0,0,0,0,0,0,0,0,0,0,0,0,0,0,0,0,0,0,0,0,0,0,0,0,0,0,0,0,0,0,0,0,0,0,0,0,1,0,0,0,0,0,0,0,0,0,0,0,0,0,0,1,0,0,0,0,0,0,0,0,0,0,0,0,0,0,0,0,0,0,0,0,0,0,0,0,0,0,0,0,0,0,0,0,1,0,0,0,0,0,0,-1,0,0,0,0,0,0,0,0,0,0,0,0,0,0,0,0,0,0,0,0,0,0,0,0,0,0,0,0,0,0,0,0,0,0,0,0,0,0,0,0,0,0,0,0,0,0,0,0,0,0,0,0,0,0,0,0,0,0,0,0,0,0,0,0,0,0,0,0,0,0,0,0,0,0,0,0,0,0,0,0,0,0,0,0,0,0,0,0,0,0,0,0,0,0,0,0,0,0,0,0,1,0,0,0,0,0,0,0,0,0,0,0,0,0,0,0,0,0,0,0,0,0,0,0,0,0,0,0,0,0,0,0
Mono,37.93899289,-118.8872409,0,0,0,0,0,0,0,0,0,0,0,0,0,0,0,0,0,0,0,0,0,0,0,0,0,0,0,0,0,0,1,0,0,0,0,0,0,0,0,0,0,0,0,0,0,0,0,0,0,0,0,0,0,0,0,0,0,0,0,0,0,0,0,0,0,0,0,0,0,0,0,0,0,0,0,0,0,0,0,0,0,0,0,0,0,0,0,0,0,0,0,0,0,0,0,0,0,0,0,0,0,0,0,0,0,0,0,0,0,0,0,0,0,0,0,0,0,0,0,0,0,0,0,0,0,0,0,0,0,0,0,0,0,0,0,0,0,0,0,0,0,0,0,0,0,0,0,0,0,0,0,0,0,0,0,0,0,0,0,0,0,0,0,0,0,0,0,0,0,0,0,0,0,0,0,0,0,0,0,0,0,0,0,0,0,0,0,0,0,0,0,0,0,0,0,0,0,0,0,0,0,0,0,0,0,0,0,0,0,0,0,0,0,0,0,0,0,0,0,0,0,0,0,0,0,0,0,0,0,0,0,0,0,0,0,0,0,0,0,0,0,0,0,0,0,0,0,0,0,0,1,0,0,0,0,0,0,0,0,0,0,0,0,0,0,0,0,0,0,0,1,0,0,0,0,0,0,0,0,0,0,0,0,0,0,0,0,0,0,0,0,0,0,0,0,0,0,0,0,0,0,0,0,0,0,0,0,0,0,0,0,0,0,0,0,0,0,0,0,0,0,0,0,0,0,0,0,0,0,0,0,0,0,0,0,0,0,0,0,0,0,0,0,0,0,0,0,0,0,0,0,0,0,0,0,0,0,0,0,0,0,0,0,0,0,0,0,0,0,0,0,0,0,0,0,0,0,0,0,0,0,0,0,0,0,0,0,0,0,0,0,0,0,0,0,0,0,0,0,0,0,0,0,0,0,0,0,0,0,0,0,0,0,0,0,0,0,0,0,0,0,0,0,0,0,0,0,0,0,0,0,0,0,0,0,0,0,0,0,0,0,0,0,0,0,0,0,0,0,0,0,0,0,0,0,0,0,0,0,0,0,0,0,0,0,0,0,0,0,0,0,0,0,0,0,0,0,0,0,0,0,0,0,0,0,0,0,0,0,0,0,0,0,0,0,0,0,0,0,0,0,0,0,0,0,0,0,0,0,0,0,0,0,0,0,0,0,0,0,0,0,0,0,0,0,0,0,0,0,0,0,0,0,0,0,0,0,0,0,0,0,0,0,0,0,0,0,0,0,0,0,0,0,0,0,0,0,0,0,0,0,1,-1,0,0,0,0,0,0,0,0,0,0,0,0,0,0,0,0,0,0,0,0,0,0,0,0,0,0,0,0,0,0,0,0,0,0,0,0,0,0,0,0,0,0,0,0,0,0,0,0,1,0,0,0,0,0,0,0,0,0,0,0,0,0,0,1,-1,0,0,0,0,0,0,0,0,0,0,0,0,0,0,0,0,0,0,0,0,0,0,0,0,0,0,0,0,0,0,0,0,0,0,0,0,0,0,0,0,0,0,0,0,0
Monterey,36.21862405,-121.24133970000001,0,0,0,0,0,0,0,0,0,0,0,0,0,0,0,0,0,0,0,1,0,0,0,0,0,0,1,-1,0,1,0,0,0,0,0,0,0,1,0,0,0,0,0,0,0,0,0,0,1,0,0,0,0,0,0,0,0,1,0,0,0,0,1,0,0,0,0,0,0,0,0,0,0,1,1,0,0,0,0,0,0,0,0,0,0,0,0,2,0,0,0,0,0,0,0,0,0,0,0,1,0,0,0,0,1,0,0,0,0,0,0,0,0,0,0,0,0,0,1,1,1,0,0,0,0,0,0,2,0,0,1,0,0,0,0,0,0,0,-1,1,1,1,0,1,0,0,0,0,1,2,0,0,4,0,0,4,0,1,0,0,1,0,2,2,0,3,3,0,0,0,1,2,2,1,0,0,1,0,1,1,0,1,2,0,0,0,0,0,0,1,2,0,0,2,0,0,0,1,0,0,2,1,0,1,1,0,0,1,0,1,0,1,0,1,0,1,0,0,0,3,0,0,0,2,0,1,0,1,0,1,0,0,1,2,1,2,1,0,0,1,1,3,0,1,0,0,1,2,0,0,2,0,0,2,0,0,4,1,2,0,1,0,0,2,0,1,1,1,0,0,0,5,1,0,2,0,4,2,0,3,2,2,9,2,5,1,2,2,6,2,0,2,7,1,1,2,0,4,2,0,-1,1,3,1,2,3,0,0,21,1,9,0,2,11,2,2,1,1,1,1,0,1,3,1,1,4,0,0,1,1,0,13,6,3,0,1,0,0,1,0,2,1,1,0,2,3,7,2,4,1,0,1,1,3,2,0,0,2,6,3,1,1,0,1,1,1,0,0,0,2,1,0,1,0,0,0,3,1,0,1,0,1,0,-1,1,0,0,0,1,2,-1,0,0,1,0,1,2,0,0,0,0,0,1,2,2,0,0,1,0,0,4,5,0,0,7,14,0,0,2,0,0,0,0,0,0,0,1,0,0,-1,0,1,0,0,0,0,0,0,0,-1,0,0,0,0,0,0,0,0,0,0,0,0,0,0,0,0,0,1,35,0,0,0,0,0,0,0,0,0,0,0,1,0,0,11,0,0,0,0,12,12,11,0,0,0,9,21,0,0,0,0,2,0,0,5,0,0,5,0,0,0,11,0,0,0,0,0,0,6,0,0,0,0,2,1,1,0,0,0,0,0,1,1,0,0,0,0,0,0,0,0,0,0,0,1,4,6,0,0,0,0,1,0,0,0,0,0,0,0,0,0,1,0,0,1,2,11,2,1,1,0,0,0,4,0,2,1,0,0,0,1,1,0,0,4,0,0,0,0,0,0,0,0,2,4,0,0,0,3,0,2,0,0,0,0,1,0,0,0,4,-1,0,0,0,1,1,0,0,0,0,8,1,2,2,1,0,0,0,0,7,0,0,0,0,0,0,0,0,0,0,0,2,0,14,0,0,0,0,1,0,0,0,0,0,0,0,0,5,0,0,0,0,0,0,4,0,0,0,0,1,0,2,1,-1,0,0,0,1,0,2,2,0,0,0
Napa,38.50735751,-122.33283899999999,0,0,0,0,0,0,0,0,0,0,0,0,0,0,0,0,0,0,0,0,0,0,0,0,0,0,0,0,0,0,0,0,1,1,0,0,0,0,0,0,0,0,0,0,0,0,0,0,0,0,0,0,0,0,0,0,0,0,0,0,0,0,0,0,0,0,0,0,0,0,0,1,0,0,0,0,0,0,0,0,0,0,0,0,0,0,0,0,0,0,0,0,0,0,0,0,0,0,0,0,0,0,0,0,0,0,0,0,0,0,0,0,0,0,0,0,0,0,1,0,0,0,0,0,0,0,0,0,0,0,0,0,0,0,0,1,0,0,0,0,0,0,0,0,1,0,0,0,0,1,0,0,1,0,0,0,0,0,0,0,0,0,3,-1,0,0,0,0,0,0,0,0,0,1,-1,0,0,0,0,0,0,0,0,0,0,0,1,0,0,0,0,0,0,0,0,0,0,0,0,0,0,0,0,0,0,0,0,0,0,0,0,0,0,0,0,0,0,0,0,0,0,0,0,0,0,1,0,0,0,0,0,0,1,0,1,0,0,0,0,1,0,0,0,0,0,0,0,0,0,0,0,0,0,0,0,1,1,0,0,0,0,0,0,0,0,0,0,0,0,1,0,0,0,0,1,0,0,0,2,0,0,1,-1,1,0,0,0,0,1,0,0,0,0,0,0,0,2,1,0,0,0,0,2,0,0,0,1,0,0,0,3,0,0,4,0,0,0,0,2,0,1,-1,0,0,2,0,0,3,0,0,0,3,4,2,0,0,0,1,1,1,0,0,0,0,0,0,0,0,2,0,0,9,2,0,1,0,0,0,1,0,0,0,1,-1,0,1,1,2,1,0,0,0,0,0,0,0,0,0,0,0,1,1,0,0,0,0,1,0,0,0,0,0,0,0,0,0,0,0,0,0,0,2,0,0,-1,1,0,-1,0,0,0,0,0,0,0,0,0,0,0,0,0,2,0,0,0,0,0,0,0,0,0,0,0,0,0,0,1,0,0,0,0,0,0,0,0,0,0,0,0,0,0,0,0,0,0,0,0,0,-1,-1,0,0,0,0,0,0,0,0,0,0,0,0,0,0,0,0,0,0,0,0,1,0,0,0,0,0,0,0,0,0,0,0,0,0,0,0,0,0,0,0,0,0,0,0,0,0,0,0,0,0,1,0,0,0,0,0,0,0,0,0,0,1,0,0,0,0,0,0,0,0,0,0,0,0,0,0,0,2,0,0,0,2,0,0,1,-1,0,1,0,0,1,1,0,0,0,0,0,0,1,0,0,0,4,0,0,0,0,0,0,0,0,0,0,0,0,1,0,0,0,0,0,0,0,0,0,0,0,0,0,1,3,0,0,0,0,0,0,0,0,0,0,0,0,0,1,0,0,0,0,0,0,3,-1,0,0,0,0,0,0,0,0,0,0,0,0,0,0,0,0,0,1,0,0,0,0,0,0,0,0,1,2,-1,0,0,1,0,0,0,0,0,0,0,0,0,0,0,0,0,0,0,0,0,0,0,0,0,0,0,0,0,0,0,0
Nevada,39.30394768,-120.76272809999999,0,0,0,0,0,0,0,0,0,0,0,0,0,0,0,0,0,0,0,0,0,0,0,0,0,0,0,0,0,0,0,0,1,0,0,0,0,0,0,0,0,0,0,0,0,0,0,0,0,0,0,0,0,0,0,0,0,0,0,0,0,0,0,0,0,0,0,0,0,0,0,0,0,0,0,0,0,0,0,0,0,0,0,0,0,0,0,0,0,0,0,0,0,0,0,0,0,0,0,0,0,0,0,0,0,0,0,0,0,0,0,0,0,0,0,0,0,0,0,0,0,0,0,0,0,0,0,0,0,0,0,0,0,0,0,0,0,0,0,0,0,0,0,0,0,0,0,0,0,0,1,0,0,0,0,0,0,-1,0,0,0,0,0,0,0,1,0,0,0,0,0,0,0,0,0,0,0,0,3,0,0,1,0,0,0,0,0,0,0,0,0,0,0,0,0,0,0,0,0,0,0,0,0,0,0,0,0,0,0,0,0,0,0,0,0,0,0,0,0,0,0,0,0,1,0,0,0,1,0,0,0,0,0,0,0,0,0,0,0,0,1,0,0,0,0,0,0,0,0,0,0,0,0,0,0,0,0,0,0,0,0,0,0,0,0,0,0,0,0,0,0,0,0,0,0,0,1,0,0,0,1,0,-1,0,0,0,1,0,0,2,0,0,0,0,0,1,1,0,0,0,0,0,0,0,0,0,0,0,0,0,0,2,0,0,0,0,0,0,0,0,0,0,0,1,0,0,0,0,0,0,0,0,1,1,0,0,0,0,15,2,6,0,1,0,0,3,0,0,0,0,0,0,5,14,0,0,0,0,0,0,0,0,0,0,0,0,0,0,0,0,0,0,0,0,0,0,0,0,0,1,7,0,14,1,0,0,0,-4,-1,-1,-15,0,0,0,0,0,1,0,0,0,0,0,0,0,0,0,0,0,1,0,0,0,0,0,0,0,0,0,0,0,0,0,0,0,0,0,0,0,0,0,0,0,0,0,0,0,0,0,0,0,0,0,0,0,0,0,0,0,0,0,0,1,0,1,0,0,0,0,0,0,0,0,0,0,0,0,0,0,0,0,0,0,0,0,0,0,0,0,0,0,0,0,0,0,0,0,0,0,0,0,0,0,0,0,0,0,0,0,0,0,0,0,0,0,0,0,0,0,0,0,0,0,0,0,0,0,0,1,0,0,0,0,0,0,0,0,0,1,0,0,0,0,0,1,1,1,0,0,0,0,0,0,3,2,0,0,0,0,0,0,0,0,0,0,0,0,0,1,0,0,0,0,1,0,0,0,0,0,0,0,0,0,0,0,0,0,3,0,0,0,3,0,0,0,0,0,0,0,0,-1,1,0,0,0,0,0,0,0,0,0,0,0,0,0,0,0,1,0,0,0,0,0,0,0,0,0,1,0,0,0,0,0,0,0,0,0,0,0,0,0,4,0,7,0,0,0,0,2,0,0,0,0,0,0,0,0,0,1,0,0,0,0,0,0,1,1,0,0,1,0,1,0,0,0,0,0,0,0,0,0,0,0,0
Orange,33.70147516,-117.76459979999998,0,0,0,0,0,0,0,0,0,0,0,0,0,0,0,0,0,0,0,0,0,0,0,1,0,2,1,0,0,3,3,3,0,1,0,0,1,2,0,0,1,1,0,0,3,3,3,4,0,1,0,1,2,0,2,1,0,3,2,1,5,2,0,5,12,-4,1,5,3,2,0,1,3,0,4,2,2,0,0,10,14,6,12,1,2,-2,5,6,3,1,1,0,3,8,7,9,2,1,0,8,13,4,8,7,4,0,12,10,7,7,10,2,0,4,26,7,17,0,3,4,10,5,9,6,3,3,0,3,7,26,10,9,2,1,9,22,11,3,25,0,0,19,8,22,13,6,2,2,15,6,17,14,31,2,0,2,12,32,7,16,6,0,-2,21,24,20,20,1,0,5,18,23,26,14,1,0,15,6,29,9,19,4,1,8,19,11,24,9,2,0,3,9,4,12,12,0,0,12,6,4,8,4,1,0,22,26,6,22,10,2,0,33,19,0,13,5,0,1,2,3,14,10,24,1,0,0,19,31,10,8,0,1,2,11,11,6,4,3,0,7,13,1,7,8,1,0,0,7,3,9,3,3,0,3,2,6,2,2,2,0,0,2,9,3,11,3,0,2,3,0,18,0,0,0,0,1,8,17,15,15,0,0,0,7,22,18,14,0,1,23,13,3,26,15,2,2,2,1,0,63,1,0,1,27,1,0,26,0,25,0,17,29,26,43,50,29,28,31,16,82,43,47,0,110,31,38,1,78,13,66,64,71,29,107,43,44,47,53,37,50,30,33,46,25,33,35,42,0,51,33,0,40,27,41,41,44,40,38,0,0,41,93,-78,13,4,31,14,47,62,98,53,26,61,33,33,29,26,31,21,0,25,11,14,26,45,1,27,11,19,19,27,14,1,14,4,11,6,0,0,11,12,7,19,16,5,8,0,10,13,7,17,5,5,0,4,2,8,8,6,9,0,6,5,4,9,8,4,0,9,1,13,8,5,3,0,9,6,3,2,2,1,0,0,3,4,4,5,2,3,4,1,1,1,4,2,0,0,3,2,3,5,5,0,5,2,2,5,4,2,0,0,2,4,0,-1,4,1,0,1,2,1,2,4,0,0,1,1,1,0,0,0,3,0,3,3,0,0,1,0,0,1,-1,0,0,2,0,1,0,2,0,0,1,0,1,0,1,0,0,2,0,0,0,3,2,2,0,0,2,0,3,1,2,0,0,4,4,7,3,2,0,3,6,7,5,4,16,1,2,4,7,14,3,21,0,0,12,9,4,3,4,6,4,10,11,7,2,8,0,1,8,8,13,0,0,25,9,8,6,4,0,0,11,0,7,9,12,0,0,24,5,4,5,5,0,0,10,3,7,12,12,0,0,16,6,4,4,3,0,0,5,2,7,3,3,0,0,3,5,11,0,9,0,0,5,4,1,6,2,0,0,3,2,9,0,0,0,0,35,15,11,13,7,0,0,15,12,13,10,8,0,0,11,4,10,7,5,0,0,2,4,2,5,0,0,0,13,6,5,2,0,0,0,5
Placer,39.06167234,-120.72405690000001,0,0,1,0,0,0,0,0,0,0,0,0,0,0,0,0,0,0,0,0,0,0,0,0,0,0,1,0,0,0,0,0,0,0,1,0,0,1,0,0,0,0,1,0,1,1,1,0,0,0,0,0,0,0,0,0,0,0,0,0,0,0,0,0,0,0,0,0,0,0,0,0,0,0,0,0,0,0,0,0,0,1,0,0,0,0,0,0,0,0,0,0,0,0,0,0,0,0,0,0,0,0,0,0,0,0,0,0,0,0,0,0,0,1,0,0,0,0,1,0,0,0,0,0,0,0,0,0,0,0,0,0,0,0,0,0,0,0,0,0,0,0,1,0,0,0,0,0,2,0,0,0,0,1,1,1,1,2,0,0,0,1,3,1,1,0,1,1,0,0,0,2,0,0,1,0,0,1,0,0,0,0,1,0,0,1,1,0,1,0,0,0,1,0,1,0,0,0,1,1,0,0,0,0,0,1,0,0,1,0,0,0,1,2,1,1,-1,0,2,0,0,0,0,0,0,0,0,0,1,0,0,0,7,0,1,0,0,0,0,0,0,1,0,0,0,2,0,0,0,0,0,0,0,0,0,2,1,0,0,0,0,1,1,1,-1,1,0,1,1,0,0,2,2,0,0,1,0,3,2,4,0,0,3,5,3,2,0,0,0,1,3,5,1,0,0,0,6,10,1,0,4,0,0,1,-1,7,0,0,0,0,1,10,17,1,1,0,0,9,-3,4,4,4,1,0,4,4,3,0,0,0,0,5,0,5,2,-1,0,1,5,0,1,0,0,0,9,0,4,6,0,0,0,0,0,2,4,0,2,0,0,1,0,0,0,0,0,0,0,0,0,0,0,0,0,0,0,0,0,-1,0,2,3,0,-1,0,0,0,6,2,2,7,8,0,0,4,0,3,1,1,0,0,0,0,1,1,0,0,0,2,0,1,1,0,0,0,0,0,0,0,3,0,0,0,0,1,1,0,0,0,0,0,-1,0,0,0,0,1,1,0,-1,2,0,0,2,0,1,0,0,0,0,0,1,0,0,0,0,0,0,0,0,0,0,0,0,0,0,0,1,1,0,3,0,0,0,0,0,0,0,1,0,0,0,0,0,0,0,0,0,0,0,0,3,0,0,0,0,0,0,0,1,0,0,0,0,0,0,0,0,0,0,0,1,0,2,0,0,0,0,0,0,-1,0,0,0,0,0,0,0,0,1,0,0,0,0,6,0,1,0,1,0,0,4,1,0,1,-1,0,0,6,5,0,5,2,0,0,0,0,5,1,1,-1,0,7,2,2,8,2,0,0,1,2,0,0,0,3,0,0,9,2,0,0,-2,0,3,8,3,0,0,11,0,0,8,0,0,0,8,0,0,4,1,4,0,0,0,2,3,0,0,0,0,1,0,3,0,0,0,0,1,0,1,0,4,1,0,7,0,7,1,2,0,0,3,0,3,0,0,0,0,2,0,0,2,1,0,0,0,0,6,0,2,0,0,2,0,3,0,0,0,0,0,0,1,2,0,0,0,0,0,0,0,0,0,0,0
Plumas,40.00355989,-120.8395236,0,0,0,0,0,0,0,0,0,0,0,0,0,0,0,0,0,0,0,0,0,0,0,0,0,0,0,0,0,0,0,0,0,0,0,0,0,0,0,0,0,0,0,0,0,0,0,0,0,0,0,0,0,0,0,0,0,0,0,0,0,0,0,0,0,0,0,0,0,0,0,0,0,0,0,0,0,0,0,0,0,0,0,0,0,0,0,0,0,0,0,0,0,0,0,0,0,0,0,0,0,0,0,0,0,0,0,0,0,0,0,0,0,0,0,0,0,0,0,0,0,0,0,0,0,0,0,0,0,0,0,0,0,0,0,0,0,0,0,0,0,0,0,0,0,0,0,0,0,0,0,0,0,0,0,0,0,0,0,0,0,0,0,0,0,0,0,0,0,0,0,0,0,0,0,0,0,0,0,0,0,0,0,0,0,0,0,0,0,0,0,0,0,0,0,0,0,0,0,0,0,0,0,0,0,0,0,0,0,0,0,0,0,0,0,0,0,0,0,0,0,0,0,0,0,0,0,0,0,0,0,0,0,0,0,0,0,0,0,0,0,0,0,0,0,0,0,0,0,0,0,0,0,0,0,0,0,0,0,0,0,0,0,0,0,0,0,0,0,0,0,0,0,0,0,0,0,0,0,0,0,0,0,0,0,0,0,0,0,0,0,0,0,0,0,0,0,0,0,0,0,0,1,0,0,0,0,0,0,1,0,0,0,0,0,0,0,0,0,0,0,0,0,0,0,0,0,0,0,0,0,0,0,0,0,0,0,0,0,0,0,0,0,0,0,0,2,0,0,0,0,0,0,0,0,0,0,0,0,0,0,0,0,0,0,0,0,0,0,0,0,0,0,0,0,0,0,0,0,0,0,0,0,0,0,0,0,0,0,0,0,0,0,0,0,0,0,0,0,0,0,0,0,0,0,0,0,0,0,0,0,0,0,0,0,0,0,0,0,0,0,0,0,0,0,0,0,0,0,0,0,0,0,0,0,0,0,0,0,0,0,0,0,0,0,0,0,0,0,0,0,0,0,0,0,0,0,0,0,0,0,0,0,0,0,0,0,0,0,0,0,0,0,0,0,0,0,0,0,0,0,0,0,0,0,0,0,0,0,0,0,0,0,0,0,0,0,0,0,0,0,0,0,0,0,0,0,0,0,0,1,0,0,0,0,0,0,0,0,0,0,0,0,0,0,0,0,0,0,0,0,0,0,0,0,0,0,0,0,0,0,0,0,0,0,0,0,0,0,0,0,0,0,0,0,0,0,0,0,0,0,0,0,0,0,0,0,0,0,1,0,0,0,0,0,0,0,0,0,0,0,0,0,0,0,0,0,0,0,0,0,0,0,0,0,0,0,2,-1,0,0,0,0,0,0,0,0,0,0,0,0,0,0,0,0,0,0,0,0,0,0,1,0,-1,0,0,0,0,0,0,0,0,0,0,0,0,0,0,0,0,0,0,0,0,2,0,3,0,0,0,0,0,0,0,0,1,0,0,-1,0,0,0,0,0,0,0,0,0,0,0,0,0,0
Riverside,33.74314981,-115.9933578,0,0,0,0,0,0,0,0,0,0,0,0,0,0,0,0,2,1,0,0,2,0,0,0,2,0,7,-7,0,1,3,2,1,1,2,0,8,3,1,1,3,1,1,5,2,3,5,6,0,5,7,8,2,9,6,2,5,13,3,8,8,5,2,8,14,2,7,11,2,10,10,7,6,8,9,10,2,8,12,0,14,4,1,0,0,0,15,5,9,3,5,1,8,5,6,4,0,-1,3,7,7,0,3,0,0,0,0,6,22,6,4,0,1,3,4,17,3,2,0,0,17,8,1,14,2,0,3,22,9,21,4,5,4,3,2,21,9,3,1,0,0,2,29,18,1,24,10,2,1,10,7,9,10,31,5,3,18,20,29,13,5,2,6,31,18,6,19,0,6,1,5,5,5,21,2,20,6,6,12,9,8,1,3,7,5,20,14,0,3,0,0,12,10,8,9,0,5,5,9,7,9,4,0,6,9,3,7,11,7,1,7,10,12,3,0,3,0,6,6,3,3,8,2,0,0,0,7,5,1,3,0,2,3,3,1,0,9,1,5,5,3,2,13,2,0,2,4,10,3,3,4,0,1,13,2,1,10,1,1,5,0,8,15,3,2,2,6,5,18,2,0,0,2,4,2,3,10,14,2,5,9,23,29,9,21,6,2,7,36,40,32,37,4,5,1,34,13,26,9,9,2,19,49,15,39,32,18,-3,61,3,52,35,28,17,15,6,44,12,79,101,48,28,34,17,30,61,34,23,28,28,109,33,50,27,53,13,18,77,26,35,5,8,24,34,33,40,20,44,24,9,-3,3,20,19,31,18,5,3,32,4,43,7,10,-2,19,41,14,31,15,0,-2,4,38,1,20,12,-6,-3,11,37,32,32,32,11,9,0,26,23,20,31,23,0,1,21,17,22,20,24,0,0,27,21,11,29,11,0,0,12,10,5,6,2,0,0,17,0,10,1,1,1,0,4,2,2,3,0,0,0,-1,3,8,4,1,0,0,2,2,2,0,0,0,0,5,4,0,0,0,0,0,1,0,0,-1,0,0,0,0,3,2,5,-1,0,0,1,-2,0,1,2,0,0,2,2,1,-1,-1,0,0,0,6,11,17,15,2,0,17,11,1,0,0,0,3,0,-1,3,0,0,0,0,0,1,0,0,0,1,0,0,9,0,0,0,1,0,1,0,0,0,0,8,0,0,0,0,0,0,0,0,2,6,5,6,1,0,0,0,3,4,5,0,0,4,7,5,5,7,1,0,0,4,7,10,9,1,0,12,0,17,18,19,11,0,0,17,21,17,6,10,2,-2,15,13,13,0,0,21,0,10,12,9,0,0,29,-1,19,11,12,0,0,8,0,0,5,12,0,0,18,0,0,12,10,11,0,0,0,15,12,13,7,0,0,16,11,1,15,7,0,0,14,0,8,15,0,12,0,12,0,9,21,36,0,0,18,0,23,0,0,0,0,52,0,0,11,12,0,0,7,0,9,7,4,0,0,6,0,13,11,1,0,0,13,0,13,7,-2,0,0,0,0,0,16,15,0,0,0
Sacramento,38.45106826,-121.34253740000001,0,0,0,0,0,0,0,0,0,1,0,0,0,0,0,0,2,0,1,-1,1,0,0,1,0,1,8,-7,1,0,0,1,2,0,0,4,3,3,0,3,1,0,0,4,3,0,0,0,0,0,1,3,5,0,0,0,0,0,0,2,0,0,0,1,4,1,1,1,1,0,0,0,1,2,0,0,1,1,0,-1,0,-6,0,0,0,0,0,7,0,0,0,1,0,0,0,1,0,0,0,0,0,1,0,0,0,0,0,3,0,1,-1,-1,0,0,0,0,1,0,0,-1,2,0,6,1,0,0,0,5,4,1,0,3,1,0,2,4,0,4,0,2,2,3,4,2,2,3,1,0,3,5,4,6,9,1,0,4,5,2,7,6,1,1,14,7,8,15,7,0,0,3,7,2,6,2,4,6,16,6,10,2,8,9,3,2,11,12,9,2,1,5,2,0,7,4,9,0,0,5,5,8,6,5,5,3,6,5,2,1,3,1,1,2,4,4,3,1,1,0,4,10,2,3,9,0,0,0,6,2,5,3,0,1,2,5,2,4,0,0,0,5,5,1,-2,2,1,0,2,0,2,2,1,0,1,3,1,0,4,8,2,0,4,3,5,3,-1,7,1,12,6,6,-1,1,5,1,3,8,17,4,7,13,0,11,10,5,5,4,9,9,12,12,6,15,10,9,4,13,7,9,8,11,4,2,7,27,-17,18,10,1,11,18,21,10,20,14,12,9,11,11,11,16,10,12,1,7,19,12,10,14,4,6,9,15,7,20,15,2,7,9,10,10,9,6,9,1,18,10,11,9,7,2,0,1,21,8,17,1,2,5,11,5,11,4,6,2,3,10,8,7,4,6,1,1,4,10,3,5,1,1,1,3,11,4,5,2,1,4,3,4,5,4,4,1,0,2,3,2,6,4,0,2,4,7,17,3,2,0,0,3,1,0,2,0,0,0,2,5,6,1,1,0,0,2,2,2,3,6,0,0,2,3,2,0,1,2,1,3,5,5,1,1,0,1,0,0,0,3,0,0,0,1,4,5,0,1,1,0,0,5,5,0,1,0,0,-1,3,1,1,-1,0,3,1,3,1,3,0,0,0,1,1,1,1,2,0,0,2,-1,0,0,0,0,3,0,3,0,0,0,3,0,2,1,6,0,0,2,0,-1,1,2,0,0,6,1,5,4,6,0,0,7,1,4,4,3,1,4,0,4,7,2,1,0,0,3,1,12,7,20,-4,12,-7,5,5,15,0,11,6,-1,4,16,12,7,4,10,9,0,0,16,8,21,5,4,-3,21,4,15,3,17,-4,4,11,16,6,0,0,22,5,10,13,0,0,0,21,-5,11,15,19,0,0,18,-9,1,12,10,0,0,21,0,81,9,5,1,0,0,4,9,1,3,0,0,0,7,10,5,9,2,0,0,5,9,3,0,3,0,0,3,6,6,11,4,0,0,6,7,1,0,0,0,0,5,15,4,5,0,0,0,8,2,5,12,0,0,0,4,7,3,7,5,0,0,4,2,1,0,0,0,0,4,11,6,14,0,0,0,0
San Benito,36.60308176,-121.069975,0,0,0,0,0,0,0,0,0,0,0,0,0,0,0,0,0,0,1,0,0,0,0,0,0,0,1,-1,0,0,0,0,0,0,0,0,1,0,0,0,0,0,0,0,0,0,0,0,0,0,0,0,0,0,0,0,0,0,0,0,0,0,0,0,0,0,0,0,0,0,0,0,0,0,0,0,0,0,0,0,0,0,0,0,0,0,0,0,0,0,0,0,0,0,0,0,0,0,0,0,0,0,0,0,0,0,0,0,0,0,0,0,0,0,0,0,0,0,0,0,0,0,0,0,0,0,0,0,0,0,0,0,0,0,0,0,0,0,0,0,0,0,0,0,0,0,0,0,0,0,0,0,0,0,0,0,0,0,0,0,0,0,0,0,0,0,0,0,0,1,0,0,0,0,0,0,0,0,0,0,1,0,0,0,0,0,0,0,0,0,1,0,0,2,0,0,0,0,1,0,0,1,0,1,0,0,1,0,0,0,0,1,0,0,0,0,0,0,0,1,0,0,0,0,0,1,0,0,0,0,0,0,0,0,1,0,0,0,0,0,0,0,0,0,0,0,0,0,0,0,0,0,0,0,0,0,0,0,0,0,0,0,0,0,0,0,0,0,0,0,0,0,0,0,0,1,0,1,1,0,0,0,1,0,0,0,0,0,0,1,0,1,0,0,1,2,0,0,0,0,0,0,1,4,-1,0,0,0,0,0,4,1,0,1,0,0,1,0,0,0,0,0,0,0,0,8,0,0,0,0,2,2,0,1,0,0,0,2,1,0,0,1,0,0,2,1,1,0,0,0,0,0,1,1,-1,0,0,0,0,0,1,-1,0,0,0,3,1,0,0,0,0,0,0,0,0,0,0,0,0,0,0,0,0,0,0,0,0,0,0,0,0,0,0,0,0,0,0,0,0,0,1,0,0,0,0,0,0,0,0,1,0,0,0,0,0,0,0,0,0,0,0,0,0,0,0,0,0,0,0,0,0,0,0,0,0,0,0,0,0,0,0,0,0,0,0,0,0,0,0,0,0,0,0,0,0,0,0,0,0,0,0,0,0,0,0,0,0,0,0,0,0,0,0,0,0,0,0,0,0,0,0,0,0,0,0,0,0,0,0,0,0,0,0,0,0,0,0,0,0,0,0,0,0,0,0,0,0,0,0,0,0,0,0,0,0,0,0,0,0,0,0,0,0,0,0,0,1,0,0,0,0,0,0,0,0,0,0,0,0,0,0,0,0,0,0,0,0,0,0,0,0,0,0,0,0,0,0,0,0,0,0,0,3,0,0,0,0,0,0,0,0,0,0,0,0,2,0,0,0,0,0,0,0,0,2,0,0,0,0,0,0,0,0,0,0,0,1,0,0,0,0,0,2,0,0,1,0,0,0,0,0,0,0,0,0,0,1,0,1,0,0,0,0,0,0,0,0,0,0,0,0,0,0,0,0,0,0,1,0,1,0,0,0,0,0,1,0,0,0,0,0,0,1,0,0,0,0,0,0,1,0,0,0,0,0,0,0,1,0,0,0,0,2
San Bernardino,34.84060306,-116.1774685,0,0,0,0,0,0,0,0,0,0,0,0,0,0,0,0,0,0,0,0,0,0,0,1,0,1,2,-2,2,1,0,3,3,2,0,0,6,3,5,0,1,2,0,7,8,9,3,1,0,5,8,3,5,1,2,0,0,7,2,5,2,1,0,0,5,6,5,4,2,0,3,7,9,9,4,2,0,1,2,3,6,6,2,0,0,0,8,8,5,2,0,4,0,1,4,5,2,0,0,3,2,2,2,1,0,0,1,0,1,0,3,0,0,0,10,3,1,0,2,0,4,4,7,9,1,0,2,5,19,11,1,2,2,1,3,1,4,1,14,1,1,5,5,21,17,8,6,1,11,5,10,7,6,3,1,51,9,12,8,7,48,0,5,5,2,3,8,1,1,44,13,4,3,51,0,1,7,16,8,3,1,0,0,31,8,6,0,25,-2,-2,35,10,1,4,25,-1,0,9,3,-3,66,1,-1,0,1,2,15,-1,1,0,0,24,6,3,7,3,0,0,9,3,5,9,4,0,0,0,2,4,2,28,1,2,9,32,8,1,3,0,0,1,0,-4,6,1,0,0,2,10,5,5,3,0,0,0,0,1,1,0,1,1,2,18,9,5,2,2,0,2,-1,-2,1,0,-1,-3,0,20,43,7,-7,3,9,6,4,1,7,8,12,14,4,52,22,5,3,25,18,24,9,24,13,5,0,1,5,34,-5,4,7,-5,23,0,19,32,37,11,22,3,0,20,-9,-24,29,20,0,2,24,31,17,73,13,12,23,49,38,38,27,34,16,72,64,101,86,69,23,0,26,83,78,53,72,30,16,33,42,46,51,86,44,12,24,77,49,52,66,68,8,1,60,93,17,17,19,1,12,18,28,48,55,24,8,28,17,27,-59,-52,129,13,27,36,52,66,37,7,3,8,13,48,13,5,1,2,3,5,12,22,22,3,1,28,2,21,6,5,1,5,8,3,-1,-3,0,3,1,3,7,27,31,12,3,4,9,9,6,14,10,0,0,0,8,7,-1,3,0,0,-2,3,3,16,3,0,0,8,0,1,1,0,1,0,0,2,2,6,4,1,2,3,4,0,6,0,0,2,0,7,14,15,18,1,5,23,13,12,13,17,-1,1,12,35,28,0,0,0,34,19,31,30,0,0,50,4,12,10,25,0,0,15,2,-4,-1,6,0,0,1,0,-1,0,4,0,0,8,5,12,20,-1,2,9,0,0,0,1,1,4,0,0,0,1,2,14,4,2,0,0,4,9,2,3,6,-1,1,2,14,5,12,12,-1,6,9,4,6,5,8,9,2,24,5,4,14,13,5,1,13,8,12,0,0,5,-1,-4,-1,1,0,0,15,-4,6,-6,5,0,0,-5,-2,14,-1,4,0,0,31,0,9,21,36,29,0,0,28,34,17,6,0,0,0,33,5,-2,0,0,0,0,19,4,3,10,0,24,0,24,1,3,-8,4,0,0,15,14,18,0,0,0,0,14,4,5,6,10,0,0,15,0,9,-1,1,0,0,4,0,2,0,4,0,0,6,0,3,13,4,0,0,0,4,0,2,2,0,0,0
San Diego,33.03484597,-116.73653259999999,0,0,0,0,0,0,0,0,0,0,0,0,0,0,0,0,0,0,0,0,0,1,0,1,1,0,3,1,0,0,2,6,1,1,1,1,0,12,5,4,4,1,0,2,6,7,3,7,1,0,1,24,4,2,9,0,0,2,7,0,4,10,5,0,5,14,0,7,4,6,0,15,0,10,0,9,0,0,13,8,0,11,8,0,0,0,0,11,0,9,0,0,0,7,7,5,8,0,0,0,9,3,0,11,0,1,3,0,8,1,6,0,0,3,6,5,6,2,1,0,4,5,7,10,0,0,0,12,7,9,5,2,0,0,14,12,17,0,13,0,0,9,18,7,12,0,9,0,0,19,6,3,0,4,0,3,0,15,0,3,7,1,0,8,6,14,0,4,0,0,12,6,8,8,0,0,5,3,5,3,3,3,0,6,7,5,1,3,3,0,1,13,4,5,4,0,0,8,6,6,3,39,-36,0,5,2,6,2,0,1,0,5,2,9,2,4,5,0,3,7,6,2,4,1,0,14,4,3,18,4,-16,0,4,6,3,1,1,2,0,7,4,4,3,3,0,0,10,3,0,3,1,0,30,-23,0,3,3,5,0,0,7,12,7,8,6,2,0,16,4,0,8,1,0,0,22,16,5,7,8,7,0,26,15,11,23,14,11,0,32,23,22,14,27,0,3,28,39,32,20,0,0,2,31,37,62,58,0,0,6,56,37,47,33,53,33,0,41,54,53,32,28,38,0,6,65,48,79,43,31,0,46,44,69,37,32,16,0,10,54,55,39,35,9,0,32,51,51,24,30,28,0,5,57,36,34,19,2,0,28,12,30,0,11,13,19,14,25,17,12,14,0,5,15,8,9,0,22,8,0,10,8,8,13,0,3,0,4,11,11,5,15,7,0,8,0,0,13,0,3,12,2,3,4,8,13,8,0,2,25,5,9,12,0,0,0,7,3,0,4,4,0,0,6,2,2,4,6,0,1,3,0,2,7,0,0,0,4,0,3,5,5,0,0,4,3,0,2,0,0,2,2,1,0,0,0,0,0,4,1,2,1,0,0,0,1,1,2,2,0,0,0,0,0,1,0,0,0,0,6,1,1,1,0,0,0,0,0,0,0,0,0,2,0,1,1,0,0,1,0,0,1,0,0,0,0,0,1,1,5,0,0,0,5,0,0,0,0,0,0,5,2,1,4,1,0,0,4,3,3,0,3,0,0,0,10,5,7,2,0,0,3,8,10,8,3,0,5,3,20,1,2,3,0,8,0,4,3,12,1,0,19,5,17,11,8,4,0,3,12,6,12,7,5,0,3,0,12,12,3,0,0,9,2,12,7,2,0,0,11,13,4,10,8,4,0,6,1,8,5,0,0,0,13,2,9,0,6,0,0,5,14,0,9,5,0,0,4,9,13,0,0,8,0,0,4,3,14,10,0,0,6,0,2,0,0,0,0,6,10,5,6,4,0,0,1,0,6,12,5,0,0,4,11,4,2,4,0,0,7,6,12,10,8,0,0,0,3,5,11,8,0,0,0
San Francisco,37.75215114,-122.43856720000001,0,0,0,0,0,0,0,0,0,0,0,0,0,0,0,0,0,0,0,0,0,0,1,0,0,1,4,-1,0,0,1,0,0,0,0,0,0,1,1,2,1,0,1,2,2,0,3,0,0,0,1,1,0,1,0,1,0,0,0,3,3,0,1,1,0,1,1,0,1,1,0,0,0,1,0,0,0,0,1,0,0,3,0,0,0,0,0,0,1,0,2,0,0,0,0,0,0,0,0,1,0,0,0,0,1,0,1,0,1,0,0,0,0,1,0,0,1,0,1,0,0,0,0,0,0,0,0,0,0,0,0,0,0,0,0,0,2,0,0,0,1,0,0,2,0,0,0,0,1,0,3,1,0,0,0,0,0,0,6,0,0,0,0,0,3,0,0,3,0,0,0,0,8,0,0,1,0,0,2,0,0,0,0,0,1,0,1,0,0,0,1,0,3,0,1,0,0,0,0,5,0,0,0,0,0,0,4,1,0,0,0,4,2,4,0,0,0,0,5,0,0,5,2,0,0,0,1,3,0,0,0,0,0,11,0,0,0,0,1,2,5,0,0,0,0,0,1,0,0,0,0,0,0,0,0,0,0,7,0,0,0,0,0,0,0,0,0,0,0,0,0,0,0,4,0,0,4,0,0,0,0,1,1,1,1,2,0,4,0,-1,0,3,1,0,0,0,0,1,0,2,1,0,0,4,1,4,7,-1,-2,5,3,3,5,28,3,0,0,0,0,4,2,11,4,2,1,4,0,2,7,13,-2,1,3,17,9,7,1,0,1,1,11,9,2,0,1,2,5,3,5,8,1,0,6,7,1,12,6,0,0,1,2,5,0,4,7,0,2,0,4,5,10,1,4,0,2,0,3,0,1,0,1,4,0,-8,7,2,0,0,6,4,2,0,0,0,0,14,0,1,-1,0,0,5,1,3,1,0,8,0,4,0,7,6,2,4,0,0,3,0,0,0,0,1,1,3,1,3,0,0,0,2,0,0,0,0,0,0,1,0,1,1,0,0,0,0,0,0,1,0,0,-1,0,0,0,4,0,0,0,0,1,0,1,0,0,0,0,0,3,0,0,0,0,0,1,0,0,0,0,0,3,0,0,0,0,0,-1,0,0,0,0,0,0,0,0,1,0,0,0,0,0,0,1,0,0,0,0,-2,1,2,0,0,0,0,0,0,1,0,0,0,0,0,0,2,1,-1,0,0,0,0,0,3,0,0,0,0,1,3,2,0,0,0,1,4,3,0,0,0,0,0,3,3,2,0,0,0,0,0,8,5,1,0,0,0,2,0,0,0,0,0,4,1,5,0,0,7,0,5,2,5,0,0,4,0,3,0,2,0,0,0,0,0,1,1,0,0,-1,0,0,1,1,3,0,0,0,0,6,0,6,0,0,0,0,2,0,3,0,0,0,0,0,0,0,1,0,0,0,0,0,2,0,0,0,0,0,0,0,0,0,0,0,3,0,2,0,0,0,0,2,1,1,0,0,0,0,1,0,0,0,0,2,0,0,1,0,0,0,0,0,0,2,-2,0,0,0
San Joaquin,37.93433732,-121.2730061,0,0,0,0,0,0,0,0,0,0,1,-1,0,0,0,0,2,0,0,0,0,0,0,0,1,0,5,-4,1,2,1,1,1,0,0,0,2,0,2,0,1,0,1,1,0,0,0,0,0,0,3,0,0,4,0,1,0,0,0,0,0,0,1,0,0,2,0,0,0,1,1,0,1,0,1,0,0,1,0,0,0,0,0,0,0,0,1,0,0,0,0,1,0,0,1,0,1,0,3,1,0,2,0,0,0,0,4,-1,1,1,0,0,0,0,1,1,2,0,0,0,0,2,2,0,1,0,0,2,2,5,1,5,-1,0,4,0,7,4,7,0,4,2,3,9,7,11,0,0,12,13,7,16,12,0,0,0,10,4,20,17,0,0,11,2,8,15,4,0,0,10,6,1,4,4,0,0,1,3,5,0,21,3,0,3,11,19,5,10,0,0,2,0,1,2,5,0,1,4,8,7,7,1,-1,0,3,13,5,5,0,-1,0,6,7,10,3,2,0,0,1,1,0,3,0,-1,0,1,6,0,2,0,0,0,1,5,0,0,0,0,0,1,2,0,2,0,0,0,0,0,2,0,3,0,0,3,1,0,1,1,2,0,3,1,-1,-1,2,0,0,0,-2,-6,0,0,0,0,5,5,3,0,1,7,0,0,1,3,0,0,0,0,3,10,7,5,27,1,-1,6,10,9,3,4,0,0,4,12,12,11,5,-1,0,2,10,16,21,14,1,0,0,13,1,9,28,4,2,0,1,23,6,24,2,0,9,6,1,4,6,13,0,1,2,3,19,4,23,0,8,17,17,4,2,2,0,0,0,3,6,13,0,0,3,15,28,23,30,-3,0,14,4,14,4,5,1,0,11,6,1,-13,-3,-1,0,23,1,5,11,-19,21,0,0,14,0,6,9,0,0,21,27,3,6,0,0,0,10,0,1,2,7,0,0,0,0,0,0,0,1,0,0,6,0,0,6,0,0,0,0,0,5,19,0,0,17,3,5,1,5,0,0,0,0,1,2,0,0,0,9,1,2,0,0,0,0,16,1,0,-5,0,0,0,0,4,1,0,0,0,0,2,2,1,4,1,0,0,1,0,4,0,2,0,0,0,0,3,2,1,0,0,-2,0,0,0,0,0,1,0,0,2,0,0,3,0,2,-1,14,0,0,1,0,2,1,2,0,0,4,0,2,1,0,0,0,18,0,0,5,2,1,0,0,0,9,0,1,2,7,0,0,1,2,0,5,2,0,1,9,2,3,11,3,1,0,12,0,0,0,8,0,0,0,13,9,3,8,0,0,15,11,1,2,5,0,0,6,5,2,0,0,5,0,6,6,1,0,0,3,0,2,7,11,0,0,12,0,9,6,12,0,0,13,0,0,0,0,0,0,0,0,19,8,5,15,0,0,4,0,0,4,6,0,0,12,0,0,5,0,0,0,0,0,8,21,4,0,0,1,0,0,0,0,0,0,1,0,0,0,1,0,0,2,0,2,2,1,0,0,4,0,2,5,5,0,0,7,0,5,0,2,0,0,0,4,8,7,11,0,0,0
San Luis Obispo,35.38822029,-120.4039028,0,0,0,0,0,0,0,0,0,0,0,0,0,0,0,0,0,0,0,0,0,0,0,0,0,0,0,0,0,0,0,0,0,0,1,0,0,0,0,0,0,0,0,0,0,0,0,0,0,0,0,0,0,0,0,0,0,0,0,0,0,0,0,0,0,0,0,0,0,0,0,0,0,0,0,0,0,0,0,0,0,0,0,0,0,0,0,0,0,0,0,0,0,0,0,0,0,0,0,0,0,0,0,0,0,0,0,0,0,0,0,0,0,0,0,0,0,0,0,0,0,0,1,0,0,0,0,0,0,1,1,0,1,0,0,1,0,0,0,0,0,1,0,0,1,0,0,1,0,2,1,0,1,1,0,-1,0,0,1,1,0,0,0,0,1,1,0,0,1,0,1,0,0,1,0,0,0,0,0,0,1,0,0,0,0,0,0,2,0,0,0,1,0,0,0,0,1,3,0,-1,0,0,0,0,4,0,0,0,0,0,0,0,0,0,0,0,0,1,0,0,0,0,0,0,0,0,0,0,0,-1,0,0,0,0,0,0,0,0,0,0,0,0,0,0,0,0,1,0,0,0,0,0,0,1,0,0,1,0,0,0,0,0,0,0,0,0,0,0,0,2,0,0,0,0,4,2,0,0,2,1,0,0,2,2,0,1,2,0,3,3,1,3,1,0,1,5,5,3,-1,0,0,0,4,9,0,5,1,0,1,10,9,3,1,2,1,4,6,8,6,2,4,5,1,3,3,5,3,4,3,0,7,2,1,4,5,1,0,2,5,5,2,1,0,0,2,0,3,5,1,0,2,2,1,0,0,-1,0,0,1,3,1,0,3,0,2,2,0,2,1,1,0,0,0,2,0,0,0,0,0,1,1,0,0,1,0,0,0,0,0,0,0,0,0,1,0,1,0,0,0,0,0,0,0,0,1,0,0,0,0,0,0,1,0,0,0,1,0,0,0,0,0,0,0,0,0,-1,0,0,1,1,0,0,0,0,0,-1,0,0,1,0,0,0,0,0,0,0,0,0,0,0,0,0,0,0,0,0,0,-1,0,0,0,0,0,0,1,0,0,0,0,0,1,0,0,0,0,0,0,0,0,-1,0,0,0,0,0,0,0,0,0,0,1,0,1,0,0,0,0,0,0,0,0,0,0,1,0,0,1,0,0,0,0,0,0,0,0,0,0,1,0,3,-2,1,0,0,0,1,0,0,0,1,0,0,0,3,2,1,2,0,1,0,0,2,2,2,0,0,0,2,1,0,0,2,0,1,1,7,2,3,0,0,1,4,2,4,1,2,0,0,1,1,3,0,0,1,1,1,2,0,0,0,2,-2,1,-1,1,0,0,2,1,0,3,-1,0,0,2,0,0,1,0,1,0,0,0,3,1,4,0,0,0,2,0,5,0,2,0,0,0,0,0,1,0,0,0,1,-1,5,-2,1,0,0,3,0,0,0,0,0,0,0,1,1,0,0,0,0,0,0,1,0,1,0,0,1,0,0,2,0,0,0,1,-1,0,0,0,0,0,0,0,0,0,0,0,0,0
San Mateo,37.422880799999994,-122.32755459999998,0,0,0,0,0,0,0,0,0,0,0,0,0,1,0,0,0,0,0,0,0,0,1,3,0,2,10,-5,-1,1,1,0,0,4,2,1,2,0,1,1,1,0,0,3,0,1,2,0,0,0,3,6,2,1,3,0,0,2,2,2,0,0,1,0,3,1,1,4,3,0,1,0,0,1,1,0,0,0,3,3,0,-3,0,0,0,0,0,0,0,0,0,0,0,0,1,0,0,1,1,0,0,0,1,0,0,0,2,1,0,3,0,0,0,0,1,0,1,0,1,0,0,0,23,-1,0,0,0,0,0,0,1,1,0,0,0,1,1,0,0,0,1,0,1,1,-1,1,0,0,1,0,1,0,0,0,0,1,0,1,0,0,0,0,0,0,0,1,0,0,0,1,0,1,0,0,0,0,0,1,0,0,1,0,0,0,0,0,0,2,1,0,0,0,0,2,0,0,0,0,0,0,0,0,0,0,0,0,0,0,0,0,0,0,1,0,0,0,0,0,1,1,0,0,0,0,0,0,2,20,1,0,1,0,1,0,0,0,0,1,0,0,1,0,2,1,0,1,1,6,0,0,1,0,0,0,0,0,0,0,0,0,0,0,0,0,1,0,0,0,0,-1,0,0,0,1,0,0,3,0,2,0,0,0,0,2,0,0,0,1,0,1,2,1,0,3,0,1,0,0,1,0,0,2,0,1,2,2,2,0,2,0,2,1,3,1,1,0,0,1,1,0,0,0,0,0,2,0,1,2,0,0,0,3,2,0,1,0,1,5,0,1,1,5,0,0,3,10,8,1,23,0,0,0,5,0,0,0,0,0,17,1,0,13,0,1,0,3,2,3,4,3,0,6,1,2,3,0,0,1,2,0,0,0,0,0,0,4,0,0,0,0,0,0,0,1,1,0,0,0,0,0,0,0,0,0,0,3,0,0,-1,0,0,0,0,3,0,0,0,0,0,1,1,1,0,0,22,31,1,1,2,0,9,0,0,0,0,1,1,0,2,0,0,0,0,1,3,0,1,0,0,2,1,0,3,0,0,3,20,2,3,11,186,0,0,-1,3,0,-124,0,0,1,0,-1,0,0,0,0,0,0,0,0,-5,2,0,1,0,-3,4,0,0,0,0,0,1,0,0,0,0,0,0,0,0,0,0,0,0,0,0,0,0,0,5,0,0,0,1,0,0,0,0,0,0,0,0,0,0,0,0,0,0,0,0,0,0,3,0,0,0,2,0,0,0,0,0,0,1,0,0,2,2,0,2,0,1,0,0,0,0,3,0,0,0,0,0,0,0,3,0,0,1,0,0,0,0,3,0,0,2,0,0,0,-4,0,0,0,0,0,0,0,0,0,0,0,0,0,2,0,51,0,0,1,0,0,0,0,0,0,2,0,0,0,0,0,0,1,0,0,0,0,0,0,0,0,0,0,0,0,0,1,0,0,0,0,0,0,2,0,0,0,0,0,0,2,0,0,0,0,0,0,0,0,0,0,0,0,0,4,0,0,0,0,0,0,0,0,0,0,0,0,0,1,0,0,0
Santa Barbara,34.65329488,-120.0188492,0,0,0,0,0,0,0,0,0,0,0,0,0,0,0,0,0,0,0,0,0,0,0,0,0,0,0,0,0,0,0,1,0,0,0,1,0,0,0,0,0,0,0,0,0,1,0,0,0,1,1,1,0,0,1,0,0,0,0,0,0,0,0,0,0,1,0,0,2,0,0,0,0,1,-1,0,0,0,0,0,0,-1,0,0,0,0,0,0,0,0,0,1,2,0,1,0,0,0,0,0,0,1,0,1,2,-1,0,3,0,2,0,0,0,1,0,3,0,0,0,0,0,2,0,0,0,0,0,0,1,0,0,0,0,0,0,0,0,1,0,0,0,0,0,1,0,0,0,0,1,0,21,6,1,0,0,2,2,2,1,0,0,0,4,4,0,3,2,0,1,1,-1,1,5,4,0,0,0,0,2,0,1,0,1,-1,1,2,0,0,-1,0,1,1,3,3,1,0,0,0,3,0,0,-1,4,0,1,1,2,0,0,0,0,0,1,3,-2,0,0,0,0,0,0,0,0,1,0,0,0,0,2,2,0,0,0,0,-1,1,1,0,0,3,2,1,0,2,0,0,2,0,1,0,1,0,0,0,0,0,0,1,0,0,1,0,0,0,1,0,0,1,0,1,1,0,0,0,0,0,1,0,0,0,0,0,1,1,1,0,0,0,0,0,3,1,0,0,1,1,2,1,2,0,0,0,0,6,0,3,0,0,1,7,5,10,2,8,3,0,9,7,3,7,3,6,0,1,12,5,3,8,5,0,4,9,2,7,5,1,0,7,11,7,12,3,3,0,11,8,11,2,2,3,1,0,6,3,5,4,3,0,3,3,3,2,1,2,0,3,5,2,1,0,1,2,1,1,1,-1,2,0,0,2,0,1,1,-1,3,0,1,0,1,0,0,0,0,2,2,0,0,0,0,0,0,1,0,0,0,0,0,0,1,1,0,0,0,0,-1,0,1,1,1,0,0,0,0,0,3,2,0,0,0,0,0,0,3,0,0,0,0,0,0,3,0,0,0,0,0,0,0,0,0,0,0,-3,-1,1,0,0,0,0,3,0,0,0,0,0,1,0,0,0,0,0,0,0,-7,2,0,0,0,-1,0,0,0,1,0,0,0,1,0,0,0,0,4,0,0,0,0,0,1,0,0,0,0,0,0,0,0,1,3,0,0,0,2,0,0,0,0,0,0,2,0,0,1,0,0,0,0,0,2,0,1,1,1,0,0,0,0,2,0,1,0,0,0,1,0,1,1,0,0,0,2,3,3,0,0,0,0,1,0,2,2,0,0,1,2,0,1,2,0,0,3,1,1,0,0,0,0,1,1,1,0,0,3,0,0,2,1,0,0,1,0,0,3,3,0,0,1,0,0,0,1,0,0,0,0,2,0,2,1,0,0,1,0,2,0,1,0,0,0,0,1,1,0,3,0,2,0,0,3,2,0,0,2,0,2,0,0,0,0,1,0,4,1,1,0,0,0,0,1,2,1,0,0,1,0,0,2,0,0,0,0,0,2,2,1,0,0,0,1,0,0,0,0,0,0
Santa Clara,37.23104908,-121.6970462,0,0,0,0,0,0,0,1,0,0,0,0,1,0,0,2,2,2,0,2,3,0,4,3,0,5,29,-24,1,-1,3,5,1,0,3,1,3,1,2,1,1,2,5,5,6,1,4,5,2,3,7,4,0,3,1,3,3,1,2,3,1,3,1,3,5,3,0,1,0,1,0,2,1,2,1,0,0,2,1,0,0,1,0,0,0,0,1,0,1,0,1,0,2,0,0,0,0,2,0,1,2,0,0,-1,0,0,0,0,4,2,0,0,1,0,0,1,0,1,-1,1,0,2,1,1,0,1,3,-1,0,0,0,0,0,0,0,0,0,0,0,0,0,0,2,-1,0,1,0,0,-1,0,5,1,0,1,0,3,1,2,2,1,0,1,1,-1,0,1,0,0,0,1,5,1,0,0,1,1,2,4,1,2,1,0,0,2,2,2,1,-2,0,19,2,0,3,3,3,8,2,5,1,1,-2,-1,1,0,1,7,2,3,5,1,0,31,0,3,0,4,7,3,1,0,3,5,2,6,7,0,0,0,2,4,3,0,6,3,2,1,1,0,0,2,8,2,1,1,7,1,6,0,9,0,8,0,-1,0,4,1,1,1,2,1,0,2,3,7,2,1,1,3,4,4,3,0,2,0,1,6,7,3,6,8,2,0,5,2,3,4,1,3,3,18,4,12,19,8,4,-1,10,12,21,6,1,0,2,40,4,15,40,0,7,2,17,29,14,19,50,19,27,7,-1,32,12,22,16,18,30,22,0,24,23,34,28,13,35,54,34,23,13,6,15,40,17,18,11,6,7,26,18,36,27,12,6,3,1,13,29,15,5,1,6,13,3,23,3,1,0,2,14,3,22,4,3,4,0,3,6,1,24,6,2,-1,8,3,-11,2,41,5,3,3,17,0,3,0,0,2,1,0,8,11,0,0,7,0,5,18,0,0,0,0,-1,5,14,3,0,0,0,2,8,11,3,0,0,1,0,15,4,0,0,0,0,4,9,1,1,0,0,2,0,8,1,2,-1,0,-1,1,14,0,1,0,0,2,-1,22,3,0,1,0,0,1,0,7,1,0,0,2,0,7,8,2,0,0,1,1,6,0,0,0,0,2,3,5,0,0,0,0,-13,0,0,0,0,0,5,0,-1,0,0,0,4,0,0,0,-1,0,0,1,0,0,1,0,0,0,0,0,0,0,0,0,0,84,0,0,0,2,0,3,-1,0,-417,-1,0,0,3,1,0,0,0,1,0,4,0,0,1,4,-1,1,6,0,0,4,3,3,2,5,1,0,0,3,6,1,3,0,0,8,5,2,3,3,0,0,2,1,0,0,0,8,1,5,3,1,0,0,7,0,4,-1,1,0,0,8,1,0,4,4,0,0,5,0,0,3,-2,1,0,0,0,4,2,-1,1,0,0,5,-1,-11,1,-3,0,0,4,1,2,0,0,4,0,8,1,2,-1,2,0,0,1,1,3,0,0,0,0,-2,5,4,-4,3,0,0,5,0,8,-4,4,0,0,4,-1,1,-1,2,0,0,4,0,1,3,13,0,0,0,-6,1,0,7,0,0,0
Santa Cruz,37.05580291,-122.0066524,0,0,0,0,0,0,0,0,0,0,0,0,0,0,0,0,0,0,0,0,0,0,0,0,0,0,0,1,0,0,0,0,0,0,0,0,0,0,0,0,0,0,0,1,0,0,0,0,0,0,0,0,0,0,0,0,0,0,0,0,0,0,0,0,0,0,0,0,0,0,0,0,0,1,0,0,0,0,0,0,0,-1,0,0,0,0,0,0,0,0,0,0,0,0,0,0,0,0,0,0,0,0,0,0,0,0,0,0,1,0,0,0,0,-1,0,0,0,0,0,0,0,0,0,0,0,0,0,0,1,0,0,0,0,0,0,0,0,0,0,0,0,0,0,0,1,0,0,0,0,0,0,0,0,0,0,0,0,0,1,-1,0,0,0,2,0,0,0,0,0,0,0,0,0,0,0,0,1,0,0,0,0,0,0,0,0,0,0,0,0,0,0,0,0,0,0,0,0,0,0,0,1,0,0,0,0,1,0,0,0,0,0,1,0,0,-1,0,0,0,3,2,-1,0,0,0,0,0,0,0,7,-1,0,0,4,1,0,0,0,0,0,0,0,0,1,0,0,0,0,0,0,0,0,0,0,0,0,0,0,0,0,0,0,0,0,0,0,0,0,0,0,1,0,0,0,0,1,0,1,4,8,0,1,4,2,1,2,4,0,0,5,4,1,4,0,1,0,3,3,7,-1,0,0,0,3,2,-2,0,1,-1,1,8,4,7,2,1,-1,0,4,0,-1,-4,1,0,0,0,1,12,4,4,6,0,1,9,2,3,1,0,0,1,4,2,5,0,0,0,1,3,0,5,3,2,0,-1,0,2,0,0,0,0,2,7,0,0,0,0,0,0,0,1,2,0,1,-1,0,4,1,2,4,1,0,-1,0,-1,1,0,0,2,0,1,-1,0,0,0,0,0,0,1,0,-1,0,0,2,0,0,0,0,0,0,0,0,0,1,0,0,0,0,0,1,0,0,0,0,0,0,0,2,0,0,0,0,0,-1,0,0,0,0,0,1,1,-1,-1,0,0,1,0,0,0,0,0,0,0,0,0,0,0,0,0,0,0,0,0,1,0,0,0,0,0,0,0,0,0,0,0,0,0,0,0,0,1,0,-1,0,0,0,0,0,0,0,0,0,0,0,-1,0,0,0,0,0,0,0,0,0,0,0,0,0,0,0,0,0,0,0,0,0,0,0,0,0,0,0,0,1,-1,0,2,0,0,0,0,0,0,0,0,0,0,0,0,0,0,0,0,0,1,0,0,0,0,0,0,0,0,0,0,0,0,0,0,0,0,0,0,0,0,0,1,0,0,0,0,1,2,0,0,0,0,0,0,0,0,0,0,2,0,0,1,0,0,0,0,0,1,-1,1,0,0,0,0,0,0,2,1,0,0,0,0,0,0,0,0,0,0,0,1,0,0,0,0,0,0,0,0,0,1,0,0,0,-1,0,0,0,0,0,0,0,0,0,0,0,2,0,0,0,0,0,0,0,0,0,1,0,0,0,0,0,0,1,-1,1,0,1,0,1,0,0,0,0,0,0,0,0,0,0,0,0
Shasta,40.76391419,-122.0396884,0,0,0,0,0,0,0,0,0,0,0,0,0,0,0,0,0,0,0,0,0,0,0,1,0,0,1,-1,0,0,0,0,0,1,0,1,0,0,0,0,0,0,0,0,0,0,0,0,0,0,0,0,0,1,0,0,0,0,0,0,0,0,0,0,0,0,0,0,0,0,0,0,0,0,0,0,0,0,0,0,0,0,0,0,0,0,0,0,0,0,0,0,0,0,0,0,0,0,0,0,1,0,0,-1,0,0,0,0,0,1,0,0,0,0,0,0,0,0,0,0,0,0,0,1,0,0,0,0,0,-1,1,0,0,0,1,0,0,1,1,0,0,0,0,0,-1,0,0,0,0,0,0,1,0,0,0,0,0,0,0,0,0,0,0,0,0,0,0,0,0,0,0,0,0,0,0,0,0,0,0,0,0,0,0,0,1,0,0,0,0,0,0,0,0,0,0,0,0,1,0,1,2,0,0,0,0,0,0,2,1,0,0,0,0,1,0,0,0,0,0,2,0,0,0,0,0,0,0,0,0,0,0,0,0,7,2,0,0,0,0,0,2,1,0,1,0,0,0,1,0,1,1,0,0,0,0,1,0,0,0,0,3,2,0,0,0,1,0,0,0,0,0,0,0,1,3,0,1,1,0,0,1,0,2,1,1,0,0,0,0,8,0,0,1,1,0,0,2,-1,0,0,0,0,0,4,0,3,0,0,0,1,5,3,0,0,0,0,3,9,-3,1,1,0,0,1,5,0,5,0,0,0,0,2,5,2,0,0,0,16,2,1,5,1,0,0,2,3,-2,2,-3,0,0,0,0,0,1,6,-1,0,1,2,0,1,0,0,0,0,1,0,-2,10,-2,-1,0,0,3,-5,-45,-16,0,8,0,0,3,44,3,0,25,6,0,1,1,0,0,1,-5,2,0,3,0,0,0,0,2,2,1,0,0,0,1,1,-2,0,0,0,0,3,0,0,0,0,0,0,0,1,4,0,0,0,1,2,-1,1,0,0,0,0,0,0,0,0,0,0,0,0,0,1,0,0,0,1,0,0,-4,1,0,0,0,0,0,1,0,0,0,1,0,0,0,0,0,0,0,-1,1,0,0,0,0,1,0,0,0,1,0,0,1,0,0,0,0,0,1,0,1,0,0,0,2,0,1,0,1,0,0,-1,0,2,0,0,0,0,0,0,1,0,0,0,0,0,0,-1,0,-1,0,0,0,0,1,0,0,0,0,0,0,3,-1,1,1,2,-1,0,1,0,0,0,0,0,0,3,1,3,2,0,0,0,0,8,4,4,1,0,0,3,4,1,3,4,0,0,0,2,2,0,0,4,1,0,4,-1,0,0,9,0,7,1,3,0,0,6,-1,9,3,2,0,0,3,0,37,0,3,0,0,0,2,0,10,0,0,0,0,0,6,4,3,7,0,0,7,4,7,0,4,0,0,7,3,7,3,7,0,0,6,1,0,0,0,0,0,4,7,7,2,1,0,0,1,3,0,5,0,0,0,2,4,0,0,0,0,0,5,0,0,0,0,0,0,0,10,0,0,0,0,0,0
Sierra,39.57713498,-120.52007009999998,0,0,0,0,0,0,0,0,0,0,0,0,0,0,0,0,0,0,0,0,0,0,0,0,0,0,0,0,0,0,0,0,0,0,0,0,0,0,0,0,0,0,0,0,0,0,0,0,0,0,0,0,0,0,0,0,0,0,0,0,0,0,0,0,0,0,0,0,0,0,0,0,0,0,0,0,0,0,0,0,0,0,0,0,0,0,0,0,0,0,0,0,0,0,0,0,0,0,0,0,0,0,0,0,0,0,0,0,0,0,0,0,0,0,0,0,0,0,0,0,0,0,0,0,0,0,0,0,0,0,0,0,0,0,0,0,0,0,0,0,0,0,0,0,0,0,0,0,0,0,0,0,0,0,0,0,0,0,0,0,0,0,0,0,0,0,0,0,0,0,0,0,0,0,0,0,0,0,0,0,0,0,0,0,0,0,0,0,0,0,0,0,0,0,0,0,0,0,0,0,0,0,0,0,0,0,0,0,0,0,0,0,0,0,0,0,0,0,0,0,0,0,0,0,0,0,0,0,0,0,0,0,0,0,0,0,0,0,0,0,0,0,0,0,0,0,0,0,0,0,0,0,0,0,0,0,0,0,0,0,0,0,0,0,0,0,0,0,0,0,0,0,0,0,0,0,0,0,0,0,0,0,0,0,0,0,0,0,0,0,0,0,0,0,0,0,0,0,0,0,0,0,0,0,0,0,0,0,0,0,0,0,0,0,0,0,0,0,0,0,0,0,0,0,0,0,0,0,0,0,0,0,0,0,0,0,0,0,0,0,0,0,0,0,0,0,0,0,0,0,0,0,0,0,0,0,0,0,0,0,0,0,0,0,0,0,0,0,0,0,0,0,0,0,0,0,0,0,0,0,0,0,0,0,0,0,0,0,0,0,0,0,0,0,0,0,0,0,0,0,0,0,0,0,0,0,0,0,0,0,0,0,0,0,0,0,0,0,0,0,0,0,0,0,0,0,0,0,0,0,0,0,0,0,0,0,0,0,0,0,0,0,0,0,0,0,0,0,0,0,0,0,0,0,0,0,0,0,0,0,0,0,0,0,0,0,0,0,0,0,0,0,0,0,0,0,0,0,0,0,0,0,0,0,0,0,0,0,0,0,0,0,0,0,0,0,0,0,0,0,0,0,0,0,0,0,0,0,0,0,0,0,0,0,0,0,0,0,0,0,0,0,0,0,0,0,0,0,0,0,0,0,0,0,0,0,0,0,0,0,0,0,0,0,0,0,0,0,0,0,0,0,0,0,0,0,0,0,0,0,0,0,0,0,0,0,0,0,0,0,0,0,0,0,0,0,0,0,0,0,0,0,0,0,0,0,0,0,0,0,0,0,0,0,0,0,0,0,0,0,0,0,0,0,0,0,0,0,0,0,0,0,0,0,0,0,0,0,0,0,0,0,0,0,0,0,0,0,0,0,0,0,0,0,0,0,0,0,0,0,0,0,0,0,0,0,0,0,0,0,0,0,0,0,0,0,0,0,0,0,0,0,0,0,0,0,0,0,0,0,0,0,0
Siskiyou,41.59198861,-122.54074340000001,0,0,0,0,0,0,0,0,0,0,0,0,0,0,0,0,0,0,0,0,0,0,0,0,0,0,0,0,0,0,0,0,0,0,0,0,0,0,0,0,0,0,0,0,0,0,0,0,0,0,0,0,0,0,0,0,0,0,0,0,0,0,0,0,0,0,0,0,0,0,0,0,0,0,0,0,0,0,0,0,0,0,0,0,0,0,0,0,0,0,0,0,0,0,0,0,0,0,0,0,0,0,0,0,0,0,0,0,0,0,0,0,0,0,0,0,0,0,0,0,0,0,0,0,0,0,0,0,0,0,0,0,0,0,0,0,0,0,0,0,0,0,0,0,0,0,0,0,0,0,0,0,0,0,0,0,0,0,0,0,0,0,0,0,0,0,0,0,0,0,0,0,0,0,0,0,0,0,0,0,0,0,0,0,0,0,0,0,0,0,0,0,0,0,0,0,0,0,0,0,0,0,0,0,0,0,0,0,0,0,0,0,0,0,0,0,0,0,0,0,0,0,0,0,0,0,0,0,0,0,0,0,0,0,0,0,0,0,0,0,0,0,0,0,0,0,0,0,0,0,0,0,0,0,0,0,0,0,0,0,0,0,0,0,0,0,0,1,0,0,0,0,0,0,0,0,1,0,0,0,0,0,0,0,0,0,0,0,0,0,0,0,0,0,0,0,0,0,0,0,1,0,0,0,0,0,0,0,0,0,0,0,0,0,0,0,0,0,0,1,0,0,0,0,0,0,0,0,0,0,0,0,0,0,0,0,0,0,0,0,0,0,0,0,0,0,0,0,0,0,0,0,0,0,0,0,0,0,0,0,0,1,0,0,0,0,0,0,0,0,0,0,0,0,0,0,0,0,0,0,0,0,0,0,0,0,1,0,0,0,0,0,0,1,0,0,0,0,0,0,0,0,0,0,0,0,0,3,0,0,0,0,0,0,0,1,0,0,0,0,0,0,0,0,0,0,0,0,0,0,1,1,0,0,0,0,0,1,0,1,0,0,1,0,0,0,1,0,0,1,0,0,1,2,0,0,0,0,0,0,0,0,0,0,4,0,0,0,1,0,0,0,1,0,0,0,0,1,0,0,1,0,0,0,0,0,0,0,0,0,0,0,0,0,0,0,0,0,0,0,0,0,0,2,0,0,0,0,0,0,0,0,0,0,0,0,0,0,0,1,0,0,0,0,0,0,1,0,0,0,0,0,0,0,0,0,0,0,0,0,0,0,0,0,0,0,0,0,1,0,0,0,0,0,0,1,0,0,0,0,0,0,0,0,0,0,0,0,1,5,0,0,0,1,0,0,0,0,0,0,0,0,0,0,0,0,0,0,0,0,0,0,0,0,0,0,0,4,0,0,0,0,0,0,0,0,0,0,0,0,0,0,0,2,0,0,3,-1,2,1,0,1,0,0,0,0,0,0,0,0,0,0,0,0,0,0,0,1,0,0,0,2,0,0,0,0,0,0,0,0,0,0,0,1,0,0,0,0,1,0,0,0,1,0,0,0,0,0,1,0,0,0,0
Solano,38.26827353,-121.9357113,0,0,0,0,0,0,0,0,0,0,0,0,0,0,0,0,0,0,0,0,0,0,0,0,0,0,0,0,0,0,0,0,1,0,0,0,0,1,0,0,0,0,0,0,0,0,0,0,0,0,1,0,0,0,0,0,0,0,0,1,0,0,0,0,0,0,0,0,0,0,0,0,0,0,0,0,0,0,0,0,0,0,1,0,0,0,0,1,0,0,0,11,1,0,1,0,0,0,0,-1,1,0,0,0,0,0,0,2,0,0,0,0,0,0,0,0,0,0,0,0,0,0,0,1,0,0,0,0,1,0,0,0,0,0,2,0,0,1,0,0,0,1,2,0,0,0,0,0,0,0,0,0,0,0,0,0,0,0,2,0,0,0,0,0,0,0,0,0,0,0,0,0,1,0,0,0,2,0,0,0,0,0,0,0,2,0,1,0,0,-1,0,0,6,0,1,0,1,1,-1,0,2,0,0,0,2,2,-1,1,1,0,0,0,0,1,0,0,0,0,0,1,0,0,0,0,2,0,0,0,0,2,0,0,0,2,0,0,1,0,2,15,0,1,6,0,0,0,1,0,0,0,0,0,0,0,0,0,-1,0,0,0,0,0,0,1,1,0,0,0,1,0,0,0,0,0,0,0,0,0,0,1,1,0,1,0,2,1,0,0,2,1,0,-1,0,0,0,0,0,1,0,0,0,0,0,0,1,0,0,0,0,0,2,1,0,1,0,0,1,3,-2,0,0,2,0,1,0,0,1,0,2,0,1,2,2,2,2,0,-1,1,1,1,7,2,1,0,1,6,1,9,1,0,0,0,1,1,0,0,0,0,4,4,3,4,0,1,0,1,0,1,0,1,0,0,0,1,1,0,0,0,0,0,0,1,0,-2,1,0,7,0,15,12,27,0,0,0,3,2,0,0,0,0,0,1,0,0,0,0,0,1,0,0,0,0,0,0,4,1,3,0,0,0,0,1,0,0,1,0,0,0,0,0,0,0,0,1,0,0,2,0,0,1,0,0,0,0,0,1,0,0,0,2,1,0,-1,0,0,0,0,0,0,0,1,1,0,1,5,1,1,0,0,0,0,0,0,0,0,0,0,1,0,0,0,0,0,0,1,0,0,0,0,0,0,0,0,0,0,0,0,0,0,0,-5,0,0,-2,0,-3,0,1,0,0,0,0,2,1,1,0,0,-3,0,1,1,0,0,0,0,0,0,0,0,2,-1,0,0,6,2,2,4,4,2,0,0,3,0,1,3,0,0,-1,4,1,6,0,0,0,0,2,1,2,1,0,0,1,5,0,0,0,0,0,-1,1,0,0,0,2,0,2,5,0,0,0,1,0,3,3,1,0,0,0,0,0,5,0,0,0,6,0,-1,2,0,0,0,0,0,3,0,2,0,0,0,4,0,0,1,-1,0,0,0,0,0,0,0,0,0,1,0,0,2,3,0,0,0,0,0,0,0,0,0,0,1,1,2,0,0,0,0,0,5,0,0,0,0,0,0,2,0,2,0,0,1,0,2,3,2,0,0,0,1,0,1,0,0,0,0
Sonoma,38.52746429,-122.88625060000001,0,0,0,0,0,0,0,0,0,0,0,0,0,0,0,0,0,0,0,1,0,0,0,0,0,0,1,-1,0,0,0,0,0,0,0,0,0,0,0,0,0,0,0,0,0,0,0,0,0,0,0,0,0,0,0,0,0,0,1,1,0,0,1,0,-1,0,0,0,0,0,0,1,0,0,0,0,0,0,0,0,0,0,0,0,0,0,0,0,0,0,0,0,0,0,0,0,0,0,0,0,0,0,0,0,0,0,0,0,0,0,0,0,0,0,0,1,0,0,0,0,1,0,0,2,0,0,0,0,1,4,0,0,0,1,0,0,0,1,0,2,0,0,0,1,2,0,0,0,0,6,-1,2,2,4,0,0,0,0,1,7,0,1,3,2,-2,0,0,1,2,0,6,0,3,0,-1,0,0,2,0,0,2,0,0,0,2,0,23,0,0,0,7,0,-1,0,4,0,7,2,0,10,0,3,0,0,0,5,0,2,0,0,1,0,0,0,0,4,0,1,0,0,2,1,0,0,0,0,0,0,0,1,0,1,0,3,1,0,1,0,0,0,0,0,0,0,0,0,2,0,3,4,0,0,1,0,0,1,0,3,0,1,0,0,1,2,0,1,1,2,0,0,0,0,1,0,0,0,1,0,0,0,0,0,0,3,-1,0,1,0,0,3,1,2,2,0,1,4,2,1,1,0,1,0,2,4,-3,1,5,-1,1,0,2,4,1,1,2,1,0,1,-4,20,1,0,0,0,0,7,2,0,1,0,3,1,-1,7,0,0,0,4,1,1,3,5,0,2,8,4,1,3,1,0,0,3,2,0,-1,-2,0,0,0,0,0,2,1,-2,-1,1,0,0,0,5,0,0,0,2,-1,0,0,-1,1,6,1,0,0,17,1,0,0,0,0,0,0,0,0,1,0,0,0,0,0,0,0,-1,0,0,0,0,0,1,0,0,0,0,0,0,0,7,0,0,0,0,0,0,0,0,0,0,0,0,0,0,0,0,0,0,0,0,2,1,0,0,0,0,0,0,0,0,0,0,0,0,0,0,0,1,0,0,0,0,0,1,0,0,0,0,0,0,0,0,0,0,0,0,0,-10,1,0,0,0,0,0,0,1,0,0,1,0,0,0,0,0,0,0,0,1,0,0,5,0,0,0,0,0,0,3,0,1,1,0,0,0,1,0,0,0,1,0,0,1,0,0,0,0,3,0,0,0,0,0,0,0,0,0,0,0,0,3,0,0,0,0,0,0,1,5,10,0,0,0,0,0,6,0,0,0,0,2,0,8,0,0,0,1,0,0,0,0,0,0,0,0,0,0,0,1,0,0,0,12,0,0,-1,0,2,0,4,0,0,3,0,0,0,0,0,0,2,0,10,0,0,2,0,0,0,0,0,0,2,0,0,0,0,2,0,0,0,0,0,0,2,0,0,0,0,0,0,2,0,0,0,0,0,0,0,0,0,0,0,0,0,0,2,0,0,0,0,0,0,0,2,0,0,0,0,0,0,0,0,0,0,0,0,0,2,0,0,0,0,0,0,0,0,0,0
Stanislaus,37.55862499,-120.9970722,0,0,0,0,0,0,0,0,0,0,0,0,0,0,0,0,0,0,0,0,0,0,0,0,0,0,0,0,0,0,0,0,0,0,0,0,0,0,0,0,1,0,0,2,0,0,0,0,0,0,1,0,0,0,0,0,1,0,0,2,1,0,0,0,1,0,1,2,0,2,0,1,0,8,0,1,1,0,0,0,2,0,0,0,0,0,0,0,0,0,0,0,0,0,1,-1,0,1,0,-3,4,1,3,0,2,0,1,-1,0,0,0,0,0,0,1,0,0,0,0,0,5,0,0,2,1,1,1,0,0,0,0,5,2,0,0,3,0,0,2,0,0,11,2,0,11,2,0,0,8,2,0,0,2,0,0,1,0,1,0,7,1,0,22,8,0,4,9,-1,0,1,11,1,0,9,1,0,11,4,0,4,18,1,4,-1,8,-3,16,3,0,0,2,5,0,10,0,0,0,7,3,14,0,36,-3,0,6,1,9,0,10,0,0,5,2,3,3,2,0,0,3,3,3,2,-2,0,1,1,3,1,0,24,0,0,3,-1,3,0,5,0,0,8,1,1,0,2,0,0,4,0,1,0,1,0,0,2,2,0,0,2,1,0,0,6,2,0,2,1,0,2,7,0,1,0,0,0,1,1,-1,1,6,0,0,7,2,1,0,19,2,0,0,4,0,1,8,0,1,0,0,-1,0,7,1,1,1,18,26,1,0,0,0,0,0,0,13,1,4,0,0,3,0,-12,0,0,0,-1,24,14,0,0,0,0,0,25,16,2,0,0,0,-1,21,16,0,1,0,0,0,17,1,0,0,19,0,0,14,8,1,-6,-7,-4,0,10,6,-1,-4,-5,-6,2,6,1,-10,-10,-12,-9,13,3,1,-6,-6,-5,-7,0,-1,0,-3,-6,4,0,0,0,1,0,0,0,-1,0,10,0,0,-1,0,0,0,0,20,-1,2,0,0,15,5,1,0,0,0,0,7,7,2,0,0,0,0,8,22,0,0,0,0,0,33,0,27,62,2,0,0,11,10,30,1,2,-1,0,8,8,3,5,-1,0,0,0,0,0,0,0,-1,0,0,0,0,0,0,-1,0,1,1,0,0,0,1,0,4,5,28,0,5,0,0,0,0,1,0,0,0,0,0,0,0,0,0,0,11,0,-1,-2,0,0,2,0,0,0,0,0,0,0,-1,1,0,2,0,0,3,0,0,2,0,0,0,2,0,0,0,0,0,0,0,0,0,0,2,0,0,0,0,8,0,0,0,11,0,0,0,3,0,0,13,0,0,1,0,-1,0,0,0,0,0,0,0,17,0,0,0,0,0,0,0,0,0,0,0,0,0,0,0,0,0,3,2,3,0,0,7,0,8,0,0,0,0,4,0,8,10,6,0,0,3,0,180,1,5,4,0,0,3,3,6,3,7,0,0,2,0,0,0,15,0,0,4,2,0,0,7,0,0,7,4,3,3,2,0,0,0,6,1,0,0,0,0,2,2,0,7,5,0,0,5,2,5,8,3,0,0,0,3,0,4,0,0,0,3,2,0,0,0,0,0,0,0,4,5,0,0,0,0
Sutter,39.03417539,-121.6945899,0,0,0,0,0,0,0,0,0,0,0,0,0,0,0,0,0,0,0,0,0,0,0,0,0,0,0,0,0,0,1,0,0,0,0,1,0,0,0,0,0,0,0,0,0,0,0,0,0,0,0,0,0,0,0,0,0,0,0,0,0,0,0,0,0,0,0,0,0,0,0,0,0,0,0,0,0,0,0,0,0,0,0,0,0,0,0,0,0,0,0,0,0,0,0,0,0,0,0,0,0,0,0,0,0,0,0,0,0,0,0,0,0,0,0,0,0,0,0,0,0,0,0,0,0,0,0,0,0,0,0,0,0,0,0,0,0,0,0,0,0,0,0,0,0,0,0,0,0,4,0,0,0,0,0,0,0,0,0,1,0,0,0,0,1,0,0,0,0,0,0,0,0,0,1,0,0,0,0,0,0,1,0,0,0,1,0,0,0,0,0,0,0,0,-1,0,0,0,0,0,0,0,0,0,0,0,0,0,0,0,0,0,0,1,0,0,0,1,0,0,0,0,0,0,0,0,0,0,0,0,0,0,0,0,0,0,0,0,0,0,0,0,0,0,0,0,0,0,0,0,0,0,0,0,0,0,0,0,0,0,0,1,0,0,0,0,1,0,0,1,0,0,1,0,1,1,2,0,0,1,3,0,0,3,3,2,2,1,1,3,0,0,2,2,3,0,0,1,0,1,0,1,1,1,0,1,1,0,3,3,0,6,3,1,2,0,2,0,1,1,1,1,1,2,0,0,0,0,3,0,0,0,2,2,0,2,0,0,1,2,0,0,0,0,0,1,0,0,1,1,0,0,0,1,0,1,0,1,0,1,0,0,0,0,0,0,0,1,0,0,0,0,1,0,0,0,1,0,0,0,1,0,0,0,1,0,0,0,0,0,2,0,0,0,0,0,0,0,0,0,0,0,0,0,0,0,0,0,0,3,0,0,0,0,0,1,0,0,0,0,0,0,0,0,0,0,1,0,0,0,0,0,0,0,0,1,0,0,1,0,0,0,0,0,0,0,0,0,0,-1,0,-1,0,0,0,0,0,0,0,0,0,0,0,0,0,1,0,0,0,0,1,0,0,0,0,0,0,0,0,0,1,0,0,0,0,0,0,0,0,0,0,0,0,0,0,0,0,0,0,0,0,0,0,0,0,0,-1,2,0,0,0,0,0,11,1,0,0,0,0,0,0,0,1,1,0,0,1,0,0,0,0,0,0,0,0,3,0,0,0,0,1,0,1,0,1,0,0,0,0,2,1,-1,0,0,0,6,0,1,0,0,0,4,2,1,1,0,0,0,0,0,1,0,0,1,0,0,0,5,0,0,4,0,0,0,1,0,0,0,0,3,1,0,0,0,3,0,0,2,1,0,0,0,0,1,0,1,1,0,0,1,0,0,0,1,0,0,0,0,0,1,0,0,0,0,0,0,0,0,0,0,0,0,0,0,0,0,0,5,0,0,0,0,0,0,0,0,0,1,0,0,0,2,-1,1,0,1,0,0,0,0,0,1,0,0,0,0,0,2,0,0,0,0,0
Tehama,40.12570935,-122.23701709999999,0,0,0,0,0,0,0,0,0,0,0,0,0,0,0,0,0,0,0,0,0,0,0,0,0,0,0,0,0,0,0,0,0,0,0,0,0,0,0,0,0,0,0,1,0,0,0,0,0,0,0,0,0,0,0,0,0,0,0,0,0,0,0,0,0,0,0,0,0,0,0,0,0,0,0,0,0,0,0,0,0,0,0,0,0,0,0,0,0,0,0,0,0,0,0,0,0,0,0,0,0,0,0,0,0,0,0,0,0,0,0,0,0,0,0,0,0,0,0,0,0,0,0,0,0,0,0,0,0,0,0,0,0,0,0,0,0,0,0,0,0,0,0,0,0,0,0,0,0,0,0,0,0,0,0,0,0,0,0,0,0,0,0,0,0,0,0,0,0,0,0,0,0,0,0,0,0,0,0,0,0,0,0,0,0,0,0,0,0,0,0,0,0,0,0,0,0,1,0,0,0,0,0,0,0,0,0,0,0,0,0,0,1,0,0,0,0,0,0,0,0,0,0,0,0,0,0,0,0,2,0,0,0,0,0,0,0,0,0,0,0,0,0,0,0,1,0,0,0,0,1,0,0,0,0,0,0,0,0,0,0,1,1,0,0,0,0,0,0,0,0,0,0,0,0,0,0,0,0,0,0,0,0,0,0,0,0,0,0,0,0,0,0,0,0,0,0,0,0,0,0,0,0,0,0,0,0,0,0,0,6,0,0,0,2,0,0,0,0,0,1,0,1,0,0,0,0,1,0,0,0,0,0,0,1,0,0,0,0,0,1,0,0,0,0,1,3,1,3,0,0,0,0,0,0,0,0,0,0,1,1,0,0,0,0,0,0,1,0,0,0,0,0,0,0,0,0,1,0,0,0,1,-2,0,12,0,1,3,3,-1,1,0,0,0,0,0,0,0,0,0,0,0,0,0,0,0,0,0,0,0,0,0,0,0,0,1,0,0,0,0,0,0,0,0,0,0,0,0,0,0,0,4,5,0,0,0,0,1,0,0,0,0,0,0,0,0,0,0,0,0,0,0,0,0,0,0,0,0,0,0,0,0,0,0,0,0,0,0,0,0,0,0,0,0,0,0,0,0,0,0,0,0,0,0,0,0,0,0,0,0,0,0,0,0,0,0,0,0,1,0,0,0,0,1,0,0,0,0,0,0,1,0,0,0,0,0,0,0,0,0,0,0,0,0,0,0,0,0,0,0,0,0,0,0,0,0,0,1,0,0,0,1,0,3,0,0,0,1,0,0,0,2,0,0,0,1,0,2,2,0,0,1,-1,4,1,0,0,0,1,1,0,0,0,2,0,0,0,5,0,0,1,1,3,1,0,0,0,3,0,1,0,1,0,0,3,0,0,1,2,0,0,0,0,1,1,1,1,0,0,2,0,0,2,2,0,0,1,2,2,0,0,0,0,0,0,0,0,0,0,0,2,0,2,0,0,0,0,1,0,0,0,1,0,0,2,0,0,0,1,0,0,0,0,0,2,0,0,0,0,0,0,0,0,0,0,0,0,2,0,1,0,0,0
Trinity,40.64917670000001,-123.114713,0,0,0,0,0,0,0,0,0,0,0,0,0,0,0,0,0,0,0,0,0,0,0,0,0,0,0,0,0,0,0,0,0,0,0,0,0,0,0,0,0,0,0,0,0,0,0,0,0,0,0,0,0,0,0,0,0,0,0,0,0,0,0,0,0,0,0,0,0,0,0,0,0,0,0,0,0,0,0,0,0,0,0,0,0,0,0,0,0,0,0,0,0,0,0,0,0,0,0,0,0,0,0,0,0,0,0,0,0,0,0,0,0,0,0,0,0,0,0,0,0,0,0,0,0,0,0,0,0,0,0,0,0,0,0,0,0,0,0,0,0,0,0,0,0,0,0,0,0,0,0,0,0,0,0,0,0,0,0,0,0,0,0,0,0,0,0,0,0,0,0,0,0,0,0,0,0,0,0,0,0,0,0,0,0,0,0,0,0,0,0,0,0,0,0,0,0,0,0,0,0,0,0,0,0,0,0,0,0,0,0,0,0,0,0,0,0,0,0,0,0,0,0,0,0,0,0,0,0,0,0,0,0,0,0,0,0,0,0,0,0,0,0,0,0,0,0,0,0,0,0,0,0,0,0,0,0,0,0,0,0,0,0,0,0,0,0,0,0,0,0,0,0,0,0,0,0,0,0,0,0,0,0,1,0,0,0,0,0,1,0,0,0,0,0,0,0,0,0,0,0,0,0,0,0,0,0,0,0,0,0,0,0,0,0,0,1,0,0,0,0,0,0,0,0,0,0,0,0,0,0,0,0,0,0,0,0,0,0,0,0,0,0,0,0,0,0,0,0,0,0,0,0,0,0,0,0,0,0,0,0,0,0,0,0,0,0,0,0,0,0,0,0,0,0,0,0,0,0,0,0,0,0,0,0,0,0,0,0,0,0,0,0,0,0,0,0,0,0,0,0,0,0,0,0,0,0,0,0,0,0,0,0,0,0,0,0,0,0,0,0,0,0,0,0,0,0,0,0,0,0,0,0,0,0,0,0,0,0,0,0,0,0,0,0,0,0,0,0,0,0,0,0,0,0,0,0,0,0,0,0,0,0,0,0,0,0,0,0,0,0,0,0,0,0,0,0,0,0,0,0,0,0,0,0,0,0,0,0,0,0,0,0,0,0,0,0,0,0,0,0,0,0,0,0,0,0,0,0,0,0,0,0,0,0,0,0,0,0,0,0,0,0,0,0,0,0,0,0,0,0,0,0,0,0,0,0,0,0,0,0,0,0,0,0,0,0,0,2,1,0,0,0,0,0,0,0,1,0,0,0,0,0,0,0,0,0,0,2,0,0,0,0,0,0,1,0,0,0,0,1,0,0,0,0,0,0,0,0,0,0,0,0,0,0,0,0,0,0,0,0,0,0,0,0,0,0,0,0,0,0,0,0,0,0,0,2,0,4,0,0,0,0,0,0,0,0,0,0,0,0,0,0,0,0,0,0,0,0,0,0,0,0,0,0,0,0,0,0,0,0,0,0,0,0,0,0,0,0,0,0,0,0,0,0,0,0,0,0,0,0,0,0
Tulare,36.22026558,-118.8020203,0,0,0,0,0,0,0,0,0,0,0,0,0,0,0,0,0,0,0,0,0,0,0,0,0,0,0,1,0,0,0,0,2,1,0,1,0,1,3,1,0,1,0,1,2,2,1,0,0,3,3,0,2,2,1,0,0,2,0,1,1,3,5,0,0,0,1,2,4,0,2,3,2,1,6,2,0,0,5,3,2,0,0,1,2,0,1,2,1,1,1,2,2,2,2,0,0,0,1,0,4,0,0,1,0,0,0,10,1,0,4,0,0,0,5,1,0,0,0,0,0,11,4,2,1,0,1,1,1,8,4,-1,-3,1,9,0,7,3,1,-1,0,1,0,1,-1,5,0,0,-76,60,21,7,4,0,0,4,0,3,0,-3,2,0,7,10,-1,1,0,0,-1,2,5,0,0,5,1,0,1,8,-1,5,0,0,1,4,3,0,3,2,0,0,0,0,1,1,3,0,0,0,4,0,1,1,0,0,3,3,1,0,3,0,0,0,4,1,3,0,0,0,2,2,1,3,0,0,0,0,1,2,1,0,0,1,-2,3,1,2,0,1,0,0,1,2,0,0,0,0,-2,1,3,-1,4,0,0,1,0,0,0,0,0,0,0,1,-2,7,2,1,1,0,3,1,0,0,0,0,0,2,0,1,2,3,1,2,4,3,1,3,-1,1,1,10,6,12,5,-2,0,4,8,5,8,0,2,4,15,11,16,8,1,0,0,0,10,17,9,5,1,0,12,13,11,2,7,7,0,0,10,10,4,2,2,1,1,4,12,11,9,3,0,7,15,16,7,1,7,2,13,10,10,4,-1,6,0,1,10,2,8,3,10,2,6,2,6,5,0,10,1,2,-5,6,5,0,1,1,1,1,4,1,0,2,0,3,2,0,0,-1,3,0,1,0,3,2,0,2,0,0,1,1,1,0,0,0,1,1,1,3,0,0,0,1,2,2,1,-1,0,2,0,-3,0,1,1,1,0,1,0,0,4,-1,0,0,0,0,1,1,0,0,0,0,1,-1,-1,1,0,-1,0,1,0,1,0,0,0,0,1,1,6,-1,0,0,0,1,2,-1,0,0,0,0,0,1,0,0,0,0,0,1,0,0,0,0,0,1,0,0,0,0,0,0,2,1,0,0,0,0,0,0,0,0,0,0,0,0,0,0,1,0,0,1,0,-1,0,0,0,0,0,0,0,0,0,0,0,0,0,0,1,-1,0,0,0,0,0,0,2,0,0,0,0,0,0,0,0,1,-1,0,0,10,4,0,0,0,0,0,0,2,0,2,0,0,0,2,3,4,6,-2,0,1,2,4,1,1,0,0,0,0,2,0,0,6,0,1,3,0,0,0,16,-4,0,6,6,0,0,8,2,2,1,6,0,0,7,0,0,0,9,11,0,0,0,8,5,0,4,0,0,7,0,0,5,3,0,0,10,0,4,4,0,5,0,4,2,0,8,7,0,0,21,0,7,0,0,0,0,13,1,3,-1,2,0,0,2,0,1,-1,1,0,0,12,-1,6,0,0,0,0,9,0,8,0,0,0,0,0,9,10,4,0,0,0,0
Tuolumne,38.02644018,-119.95250929999999,0,0,0,0,0,0,0,0,0,0,0,0,0,0,0,0,0,0,0,0,0,0,0,0,0,0,0,0,0,0,0,0,0,0,0,0,0,0,0,0,0,0,0,0,0,0,0,0,0,0,0,0,0,0,0,0,0,0,0,0,0,0,0,0,0,0,0,0,0,0,0,0,0,0,0,0,0,0,0,0,0,0,0,0,0,0,0,0,0,0,0,0,0,0,0,0,0,0,0,0,0,0,0,0,0,0,0,0,0,0,0,0,0,0,0,0,0,0,0,0,0,0,0,0,0,0,0,0,0,0,0,0,0,0,0,0,0,0,0,0,0,0,0,0,0,0,0,0,0,0,0,0,0,0,0,0,0,1,0,0,0,0,0,0,0,0,0,0,0,0,0,0,0,0,0,0,0,0,0,0,0,0,0,0,0,0,0,0,0,0,0,0,0,0,0,0,0,0,0,0,0,0,0,0,0,1,0,0,0,0,0,0,0,0,0,0,0,0,0,1,1,0,0,0,0,0,0,0,0,0,0,0,0,0,0,0,0,0,0,0,0,0,0,1,0,0,0,0,0,0,2,0,0,0,0,0,0,0,0,0,0,0,0,0,0,0,0,0,0,0,0,0,0,0,0,0,0,0,0,0,0,0,1,0,0,0,0,0,0,3,0,1,0,0,0,0,0,0,0,0,0,0,0,0,0,1,0,0,0,0,1,0,5,7,1,0,1,0,0,-1,0,0,1,1,0,0,0,0,0,0,1,2,0,4,0,3,0,0,6,0,0,3,0,0,0,0,0,1,0,0,0,0,0,3,0,1,0,0,0,0,0,0,0,0,0,0,3,0,0,0,0,0,0,1,0,0,0,0,0,0,0,0,0,0,0,0,0,0,0,0,0,0,0,0,0,0,0,0,0,0,0,0,0,0,0,0,0,0,0,0,1,0,0,0,0,0,0,0,0,0,0,0,0,0,3,0,0,0,0,2,0,0,0,0,0,0,0,0,0,0,1,0,0,0,1,0,0,0,0,1,0,0,-3,0,0,0,0,0,0,0,0,0,0,0,0,0,0,0,0,0,0,0,0,0,0,0,0,1,0,0,0,0,0,0,0,0,0,0,0,0,0,0,0,0,0,0,0,0,0,0,0,0,0,0,0,0,0,0,0,0,0,0,0,0,0,0,0,0,0,0,0,0,0,0,0,0,0,0,0,0,0,0,0,0,0,0,9,0,0,0,1,0,0,0,0,0,0,14,0,0,0,0,0,0,0,1,0,0,0,0,0,0,0,0,0,0,0,0,0,0,0,0,0,0,0,0,0,0,0,0,0,0,0,0,0,0,0,0,0,0,0,0,0,0,0,0,0,0,0,1,0,0,0,0,0,0,0,0,0,0,0,0,0,0,0,0,0,0,0,0,0,0,0,0,0,0,0,0,0,0,0,0,0,0,0,0,0,0,0,1,0,0,0,0,0,0,0,0,0,0,0,0,0,0,0,0,0,0,0,0,0,0,0,0,0,0,0,0,0,0,0,0,0
Ventura,34.44465746,-119.09106129999999,0,0,0,0,0,0,0,0,0,0,0,0,0,0,0,0,0,0,0,0,0,0,1,0,0,1,2,-2,0,2,1,0,1,0,0,0,0,1,2,0,0,0,0,2,2,0,0,0,0,0,1,1,1,0,0,1,0,0,1,0,0,1,0,0,0,0,0,0,0,0,0,1,5,0,0,0,2,0,1,1,1,-3,0,0,0,0,1,1,0,1,0,-1,1,0,0,0,0,0,0,4,0,0,1,2,0,0,0,0,0,0,0,2,0,1,2,-2,0,0,0,0,0,1,1,2,0,0,0,2,1,0,1,1,1,0,0,0,0,1,1,0,0,3,1,0,4,2,5,1,0,0,1,2,2,0,1,1,0,5,4,1,0,0,3,-1,3,-1,0,0,0,0,2,2,5,1,0,0,0,1,2,1,5,0,0,0,3,1,2,4,0,0,0,3,1,1,0,0,2,3,2,0,3,0,0,0,3,1,1,-1,0,2,0,6,0,1,0,2,1,0,1,0,1,0,0,0,0,0,1,0,0,-1,0,1,0,1,1,1,-1,0,0,-1,0,1,0,1,1,0,-1,0,0,-1,2,0,0,2,0,0,13,1,0,0,1,0,1,1,2,2,0,0,0,0,0,0,0,1,6,0,1,2,2,0,0,4,6,1,0,0,0,0,-1,2,5,1,0,1,2,1,3,8,6,0,0,0,5,16,0,2,1,0,1,9,16,8,6,12,13,1,4,14,9,6,16,7,3,4,12,25,6,12,1,0,9,20,7,9,9,9,0,12,12,11,9,6,9,4,2,13,10,15,13,11,0,2,15,13,8,4,6,0,12,29,33,14,6,4,0,5,42,9,8,9,3,1,11,15,11,10,7,4,0,6,0,2,2,2,5,0,5,12,8,1,3,0,0,2,11,8,5,1,0,0,0,3,0,1,-2,0,0,1,0,3,5,2,0,0,-1,1,0,0,3,0,0,1,0,2,2,1,0,0,0,0,0,3,0,0,0,0,2,2,2,3,0,0,0,2,0,2,1,0,0,0,1,0,-2,0,0,0,0,-1,3,0,2,0,0,1,0,0,0,2,0,0,1,0,1,1,0,0,0,1,0,0,0,0,0,0,0,0,1,0,0,0,0,0,3,3,0,0,1,0,0,0,1,0,0,0,0,0,0,0,0,0,0,0,2,0,1,0,0,0,0,2,1,0,0,0,0,0,4,0,1,0,0,0,0,1,2,5,1,2,0,0,5,0,12,-4,5,1,0,-1,8,-5,4,2,3,0,0,3,2,6,3,0,0,0,2,1,6,4,0,0,0,2,7,0,0,9,0,5,1,4,0,0,5,0,2,3,0,0,0,2,0,0,2,2,0,0,1,0,0,1,0,1,0,0,0,0,3,2,2,0,0,4,0,0,0,2,0,0,2,0,0,0,0,1,0,0,0,0,0,3,0,0,0,0,2,0,0,0,0,2,0,1,0,1,0,0,2,0,0,0,1,0,0,2,0,2,0,2,0,0,2,0,2,1,0,0,0,0,0,1,0,4,0,0,0
Yolo,38.68278902,-121.90182879999999,0,0,0,0,0,0,0,0,0,0,0,0,0,0,0,0,0,0,0,0,0,0,0,1,0,0,1,-1,0,0,0,0,0,1,0,-1,1,1,0,0,0,0,0,0,0,1,1,0,0,0,3,0,0,0,0,0,1,1,1,5,2,-1,1,0,0,0,0,0,0,2,0,2,0,0,0,0,0,0,0,0,0,0,0,0,0,0,0,0,2,0,0,0,0,0,0,0,0,0,0,0,0,0,0,0,0,0,0,0,0,0,0,0,0,0,0,0,0,0,0,0,0,0,0,1,1,0,0,0,0,1,0,0,0,0,0,0,2,1,0,0,0,4,0,1,0,0,-2,0,3,0,1,1,-1,0,0,0,-1,0,1,7,0,1,-1,0,0,1,1,1,0,0,0,0,-1,1,0,0,3,-1,2,0,0,0,0,0,3,-1,0,0,0,0,0,0,0,0,0,0,0,0,0,0,1,0,0,0,0,1,0,0,0,0,0,0,0,0,0,1,0,0,0,-1,0,0,0,0,0,0,0,0,0,0,0,1,0,2,0,-1,0,1,0,0,2,0,0,0,0,1,0,1,-1,1,-1,0,1,1,0,0,2,0,2,3,0,1,1,2,1,0,0,1,0,0,3,1,0,1,5,1,0,0,3,0,0,0,5,0,0,0,0,0,9,-1,2,4,0,0,0,4,-1,1,-2,0,0,0,0,6,0,3,2,-1,0,6,0,1,1,0,0,0,4,2,0,-1,0,0,0,0,7,0,0,0,-1,0,8,3,0,0,0,0,0,7,3,0,1,-1,1,0,12,0,-1,2,0,0,0,0,7,1,0,0,0,0,5,0,0,0,0,0,0,1,0,0,-1,1,0,0,0,0,1,-1,0,0,1,0,0,1,-2,1,0,0,4,0,0,0,0,0,1,0,2,0,0,1,0,0,0,0,0,0,0,0,0,0,0,0,0,2,0,0,0,0,5,0,0,0,0,0,0,0,3,0,0,0,0,1,0,0,0,0,0,1,0,0,0,1,0,0,0,0,0,2,0,0,0,0,0,0,-3,0,0,0,0,0,0,0,0,0,1,1,0,0,0,0,0,0,0,0,0,0,0,0,0,0,0,1,0,0,0,0,0,0,0,0,0,0,0,0,0,0,0,0,0,0,0,0,0,0,0,0,0,0,0,1,0,0,1,0,0,0,0,0,0,0,0,0,0,3,0,0,0,0,0,0,6,1,0,0,0,0,0,0,0,1,0,0,5,0,0,0,0,0,0,3,1,0,0,0,0,0,0,4,0,0,0,0,0,0,0,0,0,0,0,0,0,0,0,0,0,0,0,0,0,3,0,0,0,0,3,2,0,0,0,0,0,0,0,0,0,0,1,0,0,0,0,0,0,0,0,0,0,2,0,0,0,0,0,0,0,5,0,0,0,0,0,0,0,0,0,0,0,2,0,0,0,0,0,0,0,0,0,0,0,0,0,3,0,1,0,0,2,0,0,4,0,0,0,0,0,0,0,0,0,0,0,0,0,3,0,0,0,0,0,0,0,0,0,0,0
Yuba,39.26255932,-121.35356440000001,0,0,0,0,0,0,0,0,0,0,0,0,0,0,0,0,0,0,0,0,0,0,0,0,0,0,0,0,0,0,0,0,0,0,0,0,0,0,0,1,0,0,0,0,0,0,0,0,0,0,0,0,0,0,0,0,0,0,0,0,0,0,0,0,0,0,0,0,0,0,0,0,0,0,0,0,0,0,0,0,0,0,0,0,0,0,0,0,0,0,0,0,0,0,0,0,0,0,0,0,0,0,0,0,0,0,0,0,0,0,0,0,0,0,0,0,0,0,0,0,0,0,0,0,0,0,0,0,0,0,0,0,0,0,0,0,0,0,0,0,0,0,0,0,0,0,0,0,0,0,0,0,0,0,0,0,0,0,0,0,0,0,0,0,0,0,0,0,0,0,0,0,0,0,0,0,0,0,0,0,0,0,0,0,0,0,0,0,0,0,0,0,0,0,0,0,0,0,0,0,0,0,0,0,4,0,0,0,2,0,0,1,0,0,0,0,1,0,1,0,0,0,0,0,0,0,0,0,0,0,0,0,0,0,0,0,0,0,0,0,0,0,0,0,0,0,0,0,0,0,0,0,0,0,0,0,0,0,0,0,0,0,0,0,0,0,0,0,0,0,0,0,0,0,0,0,0,0,0,0,0,0,0,0,0,0,1,0,0,0,1,-1,0,1,2,0,0,2,1,1,0,0,0,0,0,1,2,-1,1,0,4,0,1,1,0,0,0,0,0,0,0,1,1,0,0,0,0,1,1,0,0,1,0,0,1,0,0,1,0,0,1,0,0,0,0,3,0,0,0,0,0,0,0,0,0,0,0,0,0,1,0,0,0,2,0,0,0,0,1,0,0,0,0,0,0,0,0,0,0,0,0,0,0,0,0,0,0,0,0,0,0,0,0,0,2,0,0,-1,0,0,0,0,0,0,0,0,0,1,0,0,0,0,0,0,0,0,0,0,0,0,0,0,0,0,0,0,0,0,0,0,2,0,0,0,0,0,1,0,0,2,0,0,0,0,0,0,0,0,0,0,0,-1,0,0,0,0,0,0,1,0,0,0,0,1,0,0,0,0,0,0,1,0,0,0,0,0,0,0,0,0,0,0,0,0,0,0,0,0,0,0,0,0,0,1,0,0,0,0,0,0,0,0,0,0,0,0,0,-1,0,0,0,0,0,0,-1,0,0,0,0,0,0,0,0,0,0,0,0,3,-2,0,0,0,0,0,0,0,3,0,0,0,0,0,0,0,1,-1,0,0,1,0,0,0,0,0,0,0,0,7,-1,0,0,0,0,0,0,0,0,0,0,0,0,0,0,3,0,2,0,0,0,0,2,0,1,0,0,0,0,0,0,1,10,2,0,0,0,0,0,0,0,0,0,0,0,0,0,0,0,0,0,1,0,0,0,0,0,0,0,0,2,0,0,0,0,0,0,0,3,0,0,0,0,0,0,0,0,0,0,1,0,0,0,2,0,0,0,0,0,1,0,0,0,0,0,0,4,0,0,0,1,0,1,0,0,0,0,0,0,1,0,0,0,0,0
