County,Latitude,Longitude,Population,Cumulative Cases,Cumulative Case Rate,14-day Case Rate,Daily New Cases,3/1/20,3/2/20,3/3/20,3/4/20,3/5/20,3/6/20,3/7/20,3/8/20,3/9/20,3/10/20,3/11/20,3/12/20,3/13/20,3/14/20,3/15/20,3/16/20,3/17/20,3/18/20,3/19/20,3/20/20,3/21/20,3/22/20,3/23/20,3/24/20,3/25/20,3/26/20,3/27/20,3/28/20,3/29/20,3/30/20,3/31/20,4/1/20,4/2/20,4/3/20,4/4/20,4/5/20,4/6/20,4/7/20,4/8/20,4/9/20,4/10/20,4/11/20,4/12/20,4/13/20,4/14/20,4/15/20,4/16/20,4/17/20,4/18/20,4/19/20,4/20/20,4/21/20,4/22/20,4/23/20,4/24/20,4/25/20,4/26/20,4/27/20,4/28/20,4/29/20,4/30/20,5/1/20,5/2/20,5/3/20,5/4/20,5/5/20,5/6/20,5/7/20,5/8/20,5/9/20,5/10/20,5/11/20,5/12/20,5/13/20,5/14/20,5/15/20,5/16/20,5/17/20,5/18/20,5/19/20,5/20/20,5/21/20,5/22/20,5/23/20,5/24/20,5/25/20,5/26/20,5/27/20,5/28/20,5/29/20,5/30/20,5/31/20,6/1/20,6/2/20,6/3/20,6/4/20,6/5/20,6/6/20,6/7/20,6/8/20,6/9/20,6/10/20,6/11/20,6/12/20,6/13/20,6/14/20,6/15/20,6/16/20,6/17/20,6/18/20,6/19/20,6/20/20,6/21/20,6/22/20,6/23/20,6/24/20,6/25/20,6/26/20,6/27/20,6/28/20,6/29/20,6/30/20,7/1/20,7/2/20,7/3/20,7/4/20,7/5/20,7/6/20,7/7/20,7/8/20,7/9/20,7/10/20,7/11/20,7/12/20,7/13/20,7/14/20,7/15/20,7/16/20,7/17/20,7/18/20,7/19/20,7/20/20,7/21/20,7/22/20,7/23/20,7/24/20,7/25/20,7/26/20,7/27/20,7/28/20,7/29/20,7/30/20,7/31/20,8/1/20,8/2/20,8/3/20,8/4/20,8/5/20,8/6/20,8/7/20,8/8/20,8/9/20,8/10/20,8/11/20,8/12/20,8/13/20,8/14/20,8/15/20,8/16/20,8/17/20,8/18/20,8/19/20,8/20/20,8/21/20,8/22/20,8/23/20,8/24/20,8/25/20,8/26/20,8/27/20,8/28/20,8/29/20,8/30/20,8/31/20,9/1/20,9/2/20,9/3/20,9/4/20,9/5/20,9/6/20,9/7/20,9/8/20,9/9/20,9/10/20,9/11/20,9/12/20,9/13/20,9/14/20,9/15/20,9/16/20,9/17/20,9/18/20,9/19/20,9/20/20,9/21/20
Alameda,37.64629437,-121.8929271,"1,671,329","20,641","1,235.01",77.24,83,0,0,1,1,1,1,2,2,2,3,5,5,7,11,11,18,27,30,38,48,68,71,118,135,135,178,220,220,270,283,313,313,359,443,443,566,588,634,674,674,766,806,845,888,888,964,1007,1063,1114,1164,1193,1241,1242,1352,1403,1439,1470,1500,1533,1568,1603,1636,1706,1749,1776,1809,1863,1917,1961,2023,2064,2101,2133,2178,2234,2367,2351,2392,2457,2522,2560,2609,2708,2760,2847,2874,2986,3049,3097,3195,3289,3390,3470,3515,3548,3641,3725,3805,3805,3945,3985,4033,4232,4216,4217,4320,4373,4481,4533,4638,4702,4924,4924,5007,5267,5275,5382,5493,5493,5670,5762,5964,6156,6384,6472,6556,6855,6855,6925,7245,7407,7485,7725,7731,7976,8321,8478,8627,8858,9110,9237,9256,9383,9643,9869,10214,10330,10330,10438,10633,10773,11131,11139,11484,11524,11524,11909,12136,12884,12884,13213,13213,13631,13631,14112,14548,14558,14558,14973,15123,15437,15836,16184,16469,16693,16723,16786,17275,17385,17621,17847,17847,18040,18187,18445,18695,18852,18977,19131,19131,19350,19496,19596,19710,19819,19837,19991,20022,20097,20097,20162,20364,20494,20558,20641
Alpine,38.59678594,-119.8223594,"1,129",2,177.15,0.00,0,0,0,0,0,0,0,0,0,0,0,0,0,0,0,0,0,0,0,0,0,0,0,0,0,0,0,0,0,0,0,0,1,1,1,1,1,1,1,1,1,1,2,2,2,2,2,2,2,2,2,1,1,2,2,2,2,2,2,2,2,2,2,2,2,2,2,2,2,2,2,2,2,2,2,2,2,2,2,2,2,2,2,2,2,2,2,2,2,2,2,2,2,2,2,2,2,2,2,2,2,2,2,2,2,2,2,2,2,2,2,2,2,2,2,2,2,2,2,2,2,2,2,2,2,2,2,2,2,2,2,2,2,2,2,2,2,2,2,2,2,2,2,2,2,2,2,2,2,2,2,2,2,2,2,2,2,2,2,2,2,2,2,2,2,2,2,2,2,2,2,2,2,2,2,2,2,2,2,2,2,2,2,2,2,2,2,2,2,2,2,2,2,2,2,2,2,2,2,2,2,2,2,2,2,2
Amador,38.44583082,-120.65696,"39,752",286,719.46,15.09,0,0,0,0,0,0,0,0,0,0,0,0,0,0,0,0,0,0,0,0,0,1,1,1,2,2,2,2,2,2,2,2,2,3,3,3,0,3,3,3,3,7,7,7,7,7,7,7,7,7,7,7,7,8,8,8,8,8,8,8,8,8,8,8,8,8,8,8,8,8,8,8,8,8,9,9,9,9,9,10,10,10,10,10,10,10,10,10,10,10,10,10,19,10,10,10,10,10,10,10,10,10,10,10,10,10,10,11,12,12,12,12,13,13,22,16,19,20,20,20,21,22,22,24,26,26,31,31,33,34,35,36,36,40,40,40,45,48,49,51,51,54,57,62,65,65,71,71,76,81,84,89,110,115,125,126,126,137,137,156,162,164,164,182,185,195,198,208,208,208,210,211,262,262,264,265,265,265,268,270,275,276,278,278,280,280,280,280,280,280,280,280,280,280,280,280,280,286,286,286,286,286,286,286,286,286
Butte,39.66727762,-121.6005252,"219,186","2,764","1,261.03",145.08,16,0,0,0,0,0,0,0,0,0,0,0,0,0,0,0,0,0,0,0,0,0,1,2,2,4,5,5,5,5,5,8,8,9,10,11,11,11,12,13,13,13,14,14,14,15,16,16,16,16,16,16,16,16,16,16,16,16,16,16,16,16,16,16,16,17,17,18,18,18,18,18,20,20,20,22,22,22,22,24,26,30,31,34,34,34,34,40,40,40,44,44,44,51,51,55,60,65,65,65,68,71,73,73,74,74,74,82,88,90,90,94,94,94,111,119,127,133,143,143,143,168,168,189,206,206,206,206,206,275,295,319,338,338,338,338,416,437,487,522,522,522,640,658,683,722,758,758,758,820,866,883,907,941,941,941,941,1012,1012,1060,1060,1095,1095,1238,1238,1280,1305,1370,1370,1370,1370,1421,1494,1517,1549,1582,1618,1637,1664,1718,1765,1815,1886,1948,2026,2069,2146,2241,2274,2327,2406,2446,2450,2463,2463,2590,2605,2629,2640,2642,2695,2704,2720,2738,2748,2764
Calaveras,38.20537103,-120.552913,"45,905",311,677.49,82.78,0,0,0,0,0,0,0,0,0,0,0,2,2,2,2,2,2,2,2,2,2,2,2,2,2,2,3,3,3,3,3,3,3,3,3,4,4,5,5,5,5,8,8,8,8,9,9,11,11,12,12,12,12,12,13,13,13,13,13,13,13,13,13,13,13,13,13,13,13,13,13,13,13,13,13,13,13,13,13,13,13,13,13,13,13,13,13,14,15,15,15,15,15,15,15,15,16,19,19,19,19,19,21,25,25,26,26,26,26,26,26,28,28,28,28,29,29,29,32,32,32,32,32,40,53,53,53,53,53,61,61,61,67,67,67,67,75,75,75,87,87,87,87,94,94,94,99,99,99,99,99,108,108,125,125,125,125,136,136,136,136,147,147,147,147,161,161,174,174,174,174,174,181,181,181,197,197,197,197,223,223,223,236,236,236,236,257,257,257,273,273,273,273,286,286,286,298,298,298,298,305,305,305,311,311,311
Colusa,39.17881957,-122.2331726,"21,547",510,"2,366.92",162.44,1,0,0,0,0,0,0,0,0,0,0,0,0,0,0,0,0,0,0,0,0,0,0,0,0,0,0,0,1,1,1,1,1,1,1,2,2,2,2,3,3,3,3,3,3,3,3,3,3,3,3,3,3,3,3,3,3,3,3,3,3,3,3,3,3,3,3,3,3,3,3,3,3,3,3,3,3,3,3,3,3,4,4,5,5,5,5,5,5,5,5,5,5,7,7,7,7,7,7,7,7,7,7,7,7,7,7,7,7,7,7,7,7,7,7,11,14,16,17,17,17,35,46,59,70,70,70,70,70,86,98,103,103,113,113,113,135,140,147,173,173,173,223,234,242,250,263,263,263,273,292,304,312,323,323,323,331,357,359,361,362,362,362,391,396,397,401,409,409,409,415,420,421,421,418,419,419,424,426,430,434,439,441,441,445,445,456,466,467,470,472,475,475,478,485,487,489,489,489,496,499,499,502,509,509,510
Contra Costa,37.91923498,-121.9289527,"1,153,526","15,958","1,383.41",114.35,121,0,0,0,1,1,3,3,9,9,9,10,17,25,29,29,34,39,39,41,46,51,61,71,86,108,131,147,168,168,187,212,249,250,307,307,386,417,442,462,484,511,530,539,552,552,615,631,648,685,693,707,749,763,770,786,805,817,820,842,862,891,907,934,945,947,969,985,999,1014,1036,1048,1048,1066,1080,1089,1100,1121,1146,1155,1192,1209,1234,1259,1296,1321,1336,1353,1375,1384,1404,1426,1450,1468,1506,1513,1547,1577,1633,1668,1706,1774,1798,1829,1877,1921,1959,1983,2026,2071,2111,2148,2240,2294,2369,2454,2523,2576,2676,2688,2802,2971,3132,3248,3326,3432,3564,3662,3878,4092,4241,4357,4460,4605,4661,4852,5023,5140,5233,5378,5538,5606,5731,5931,6202,6425,6627,6770,6933,7073,7304,7714,7577,7670,7806,7966,8033,8176,8324,8532,8760,9022,9182,9404,9787,10103,10482,10756,11013,11228,11408,11668,11886,11895,12108,12362,12527,12663,12906,13181,13259,13398,13562,13700,13938,13938,14035,14111,14212,14411,14527,14639,14712,14740,14885,14966,15058,15203,15351,15424,15489,15544,15640,15734,15837,15958
Del Norte,41.74228275,-123.8974063,"27,812",136,489.00,43.15,0,0,0,0,0,0,0,0,0,0,0,0,0,0,0,0,0,0,0,0,0,0,0,0,0,0,0,0,0,0,0,0,0,0,1,2,2,2,2,2,2,2,2,2,2,2,2,2,2,2,2,2,2,2,2,2,2,3,3,3,3,3,3,3,3,3,3,3,3,3,3,3,3,3,4,4,4,4,8,8,13,15,15,20,23,23,37,40,40,44,44,45,45,46,46,47,47,47,47,47,47,47,47,47,47,47,47,47,48,48,48,48,48,48,48,49,49,49,49,50,50,50,50,51,51,51,58,58,58,58,58,58,60,60,60,61,61,61,62,62,66,66,66,68,79,79,87,87,87,87,88,88,88,88,88,88,88,90,90,90,96,99,99,100,100,104,104,106,106,106,106,108,112,112,114,116,116,116,116,121,121,122,122,122,123,123,123,124,124,124,123,124,124,124,124,128,129,129,129,133,135,135,135,136,136,136
El Dorado,38.77965956,-120.5233166,"192,843","1,073",556.41,33.71,5,0,0,0,0,0,0,0,0,0,0,0,0,0,0,0,0,0,0,0,0,0,0,2,2,3,3,9,12,12,12,15,18,18,19,22,22,22,22,28,29,30,32,32,32,34,35,35,36,36,36,36,38,39,40,42,42,42,42,44,44,44,47,47,47,47,53,54,54,54,54,54,56,60,60,62,64,64,64,67,67,67,67,67,74,74,78,78,80,84,84,90,90,96,96,96,98,102,106,106,109,111,111,111,113,113,113,117,118,121,125,130,130,130,145,150,153,158,158,158,158,178,178,198,206,206,226,226,226,264,280,292,307,307,307,307,350,363,381,394,394,394,443,464,486,508,513,513,513,513,555,589,613,637,637,637,637,668,668,716,716,729,729,755,755,785,793,827,827,827,827,849,877,877,885,896,900,901,924,932,938,942,951,958,967,967,973,980,988,1001,1007,1008,1011,1013,1019,1025,1032,1034,1035,1046,1051,1054,1058,1064,1068,1073
Fresno,36.75733899,-119.6466953,"999,101","27,769","2,779.40",129.92,101,0,0,0,0,0,0,0,1,1,1,2,2,1,1,1,2,2,2,3,6,6,6,6,13,18,19,27,31,43,43,53,68,82,94,100,103,108,124,146,156,173,191,201,201,222,251,265,295,311,315,315,351,371,419,443,443,458,458,498,538,538,615,615,633,633,672,777,777,813,841,885,945,984,984,1074,1074,1156,1192,1192,1287,1338,1338,1372,1417,1448,1482,1482,1535,1658,1658,1714,1743,1743,1882,1914,1944,2014,2080,2122,2122,2216,2318,2395,2395,2547,2547,2706,2788,2788,3058,3187,3245,3245,3485,3672,3892,4053,4374,4474,4474,4811,4811,5289,5626,5626,5851,6110,6110,6924,7281,7627,7627,7906,8282,8282,8756,8941,9124,9565,9954,9954,10639,10970,11412,11756,12148,12564,12564,12564,13209,13336,14312,14439,14439,15083,15083,15759,15945,16625,16625,17031,17290,17846,17846,17978,18344,19157,19157,19900,19900,21010,21798,22167,22535,22840,23197,23414,23618,23932,24071,24367,24612,24821,24963,25185,25542,25785,25978,26147,26325,26471,26565,26640,26724,26783,26917,27076,27196,27232,27312,27381,27487,27560,27668,27769
Glenn,39.59875897,-122.3938452,"28,393",550,"1,937.10",264.15,0,0,0,0,0,0,0,0,0,0,0,0,0,0,0,0,0,0,0,0,0,0,0,0,0,0,0,0,0,1,1,2,2,2,2,2,2,2,2,2,2,3,3,3,3,4,4,4,4,4,4,4,4,4,5,5,5,5,5,5,5,5,5,5,5,5,5,5,5,6,6,6,6,6,6,9,9,9,9,9,12,12,12,12,12,12,12,12,13,14,14,16,16,16,17,17,17,17,18,18,19,19,23,23,24,24,24,32,34,34,42,42,42,42,42,66,74,87,87,87,87,103,103,115,122,122,122,122,122,146,153,159,164,164,164,176,183,190,200,214,214,214,219,237,251,251,265,265,265,265,303,311,315,325,325,325,332,332,346,352,360,360,360,360,436,436,436,436,436,407,413,421,423,423,424,425,425,425,433,433,434,435,440,440,453,453,463,467,470,475,474,475,488,497,497,519,522,522,522,529,539,547,548,550,550,550
Humboldt,40.69923009,-123.876044,"135,558",485,357.78,56.06,3,1,1,1,1,1,1,1,1,1,1,1,1,1,1,1,1,1,1,1,1,1,2,2,4,5,10,12,14,18,18,21,27,28,37,44,44,44,49,50,50,50,50,50,50,50,51,52,52,52,52,52,52,52,52,53,53,53,53,53,54,54,54,54,54,54,54,55,55,55,55,57,61,64,64,68,68,72,77,77,86,88,88,88,93,93,93,94,98,98,98,99,101,101,102,103,104,104,104,104,105,105,105,105,105,106,106,106,107,107,108,108,110,110,112,113,122,127,129,129,129,133,133,133,138,144,144,144,144,154,157,161,165,165,165,165,167,175,178,181,181,181,189,195,200,203,203,205,205,205,217,228,231,233,233,233,233,245,245,280,280,282,282,286,286,293,299,309,309,309,309,320,333,342,345,345,345,359,360,361,364,368,368,368,388,393,397,403,409,409,409,409,434,434,442,447,447,447,473,479,481,482,482,482,482,485
Imperial,33.0393082,-115.3669042,"181,215","11,583","6,391.85",299.09,25,0,0,0,0,0,0,0,0,0,0,0,2,2,2,2,2,2,2,2,4,4,6,6,6,9,9,17,21,25,25,33,38,43,52,55,57,65,68,73,75,79,79,87,87,100,117,127,143,155,155,160,175,195,232,251,251,251,281,284,319,319,333,358,358,368,400,419,455,512,512,512,564,603,647,712,786,786,786,876,902,985,1076,1076,1145,1145,1274,1352,1352,1443,1634,1634,1634,1751,1798,2025,2493,2568,2568,2568,3013,3133,3386,3405,3724,4157,4157,4298,4389,4478,4659,4744,4800,4800,4800,5270,5549,5744,5838,6041,6041,6187,6242,6523,6824,6979,7039,7039,7190,7343,7464,7654,7759,7827,7827,7977,8119,8145,8310,8397,8531,8531,8606,8606,8799,8919,8967,9067,9067,9162,9189,9241,9298,9366,9409,9409,9448,9513,9513,9601,9601,9693,9693,9693,9867,9919,9957,10035,10058,10058,10145,10268,10304,10325,10366,10393,10393,10396,10486,10509,10573,10641,10667,10667,10719,10719,10746,10773,11001,11041,11041,11041,11056,11093,11183,11218,11274,11274,11291,11392,11435,11457,11534,11558,11558,11583
Inyo,36.51112084,-117.41119779999998,"18,039",187,"1,036.64",22.17,0,0,0,0,0,0,0,0,0,0,0,0,0,0,0,0,0,0,0,0,0,0,0,0,0,1,2,3,5,8,8,8,9,9,10,10,11,11,11,11,11,12,12,12,12,12,17,17,17,18,18,18,18,19,19,19,19,19,19,19,19,19,19,19,19,19,19,19,19,19,19,19,19,19,19,19,19,19,19,19,19,19,19,19,19,19,19,19,19,19,20,20,20,20,20,20,20,20,22,22,22,22,22,22,22,23,23,24,24,24,24,24,24,24,25,27,27,27,29,27,30,31,31,32,32,33,33,33,33,34,34,34,34,34,35,35,37,37,38,37,37,37,40,40,41,41,44,44,40,40,46,47,50,50,51,51,61,64,66,84,86,64,89,106,106,113,115,127,127,127,127,148,149,149,158,164,164,164,167,168,172,172,174,174,179,179,181,182,182,183,183,183,183,183,183,185,186,186,186,186,187,187,187,187,187,187
Kern,35.34329425,-118.7277796,"900,202","31,509","3,500.21",158.74,130,0,0,0,0,0,0,0,0,0,0,0,0,0,0,0,0,1,1,3,4,5,5,12,13,15,29,33,47,51,60,83,110,142,173,210,230,239,252,271,303,337,371,396,436,462,533,565,578,610,623,643,671,683,699,735,755,809,828,847,866,893,939,969,1005,1016,1045,1073,1133,1166,1228,1254,1286,1316,1343,1393,1428,1473,1515,1537,1571,1605,1644,1695,1757,1824,1871,1876,1941,2007,2076,2145,2250,2322,2376,2418,2462,2534,2650,2720,2794,2870,2942,3016,3130,3195,3281,3367,3452,3512,3590,3706,3793,3890,3965,4049,4108,4182,4300,4340,4478,4548,4655,4768,4939,5100,5130,5245,5369,5543,5759,5979,6195,6339,6502,6601,6759,6921,7074,7233,7728,8447,9234,10068,11188,12323,13360,14192,14651,15003,16896,17344,18411,19335,19882,20545,20651,21228,21433,21724,22009,22626,23583,24440,24995,25179,25499,25888,26266,26570,26788,26968,27184,27184,27378,27658,27915,28140,28234,28520,28612,28854,28961,29105,29324,29324,29459,29602,29763,29858,30040,30080,30179,30202,30371,30440,30563,30622,30735,30850,30916,31076,31148,31261,31379,31509
Kings,36.07409056,-119.8159973,"152,940","7,430","4,858.11",419.77,147,0,0,0,0,0,0,0,0,0,0,0,0,0,0,0,0,0,0,0,0,0,0,0,0,0,0,0,2,2,2,3,4,5,5,5,5,5,5,5,8,8,9,10,10,12,13,13,18,20,28,30,32,32,35,47,47,52,67,71,79,96,123,146,158,172,198,233,233,244,265,275,319,319,325,348,358,372,399,399,416,416,457,488,506,517,647,688,698,704,714,735,746,1122,1137,1168,1187,1452,1483,1492,1538,1576,1637,1688,1724,1759,1759,1831,1831,1870,1976,2057,2057,2091,2158,2158,2234,2284,2298,2318,2318,2394,2394,2504,2583,2583,2600,2634,2673,2755,2823,2855,2855,2898,2918,2970,3078,3108,3172,3209,3209,3247,3398,3398,3465,3696,3696,3772,3813,3842,3966,4036,4106,4146,4380,4380,4453,4453,4453,4453,4453,4453,4453,4453,4453,5067,5127,5243,5310,5409,5514,5543,5631,5631,5659,5703,5892,5921,5957,5977,6021,6090,6103,6142,6340,6340,6392,6392,6422,6688,6737,6788,6847,6878,6894,6918,7039,7057,7097,7125,7144,7158,7158,7268,7283,7430
Lake,39.10124298,-122.7536244,"64,386",492,764.14,201.91,27,0,0,0,0,0,0,0,0,0,0,0,0,0,0,0,0,0,0,0,0,0,0,0,0,0,0,0,0,0,0,0,0,0,0,0,0,1,1,2,3,4,4,4,4,4,5,6,6,6,6,6,6,6,6,6,6,6,6,6,6,6,7,7,7,7,8,8,8,8,8,8,8,8,8,8,8,8,8,10,11,12,12,12,12,12,12,14,19,23,23,21,21,21,26,30,30,30,30,30,30,30,30,31,32,32,32,34,34,34,34,34,35,35,40,41,41,42,42,45,51,56,60,79,85,85,87,87,96,98,100,101,108,108,108,121,122,133,137,140,140,140,151,156,158,166,168,168,168,175,180,181,183,195,195,195,208,211,211,212,220,220,220,240,240,253,267,268,268,268,272,275,281,281,282,290,291,299,303,304,314,315,324,332,345,345,346,350,350,360,359,362,368,370,372,378,390,393,397,416,418,433,433,459,465,492
Lassen,40.67311306,-120.59350990000002,"30,573",735,"2,404.08",49.06,4,0,0,0,0,0,0,0,0,0,0,0,0,0,0,0,0,0,0,0,0,0,0,0,0,0,0,0,0,0,0,0,0,0,0,0,0,0,0,0,0,0,0,0,0,0,0,0,0,0,0,0,0,0,0,0,0,0,0,0,0,0,0,0,0,0,0,0,0,0,0,0,0,0,0,0,0,0,0,0,0,0,0,0,2,2,4,4,4,5,5,5,5,5,5,5,5,6,6,6,8,8,9,9,9,9,9,9,9,9,9,9,9,11,11,15,15,89,172,220,220,229,229,233,234,234,242,242,242,267,267,269,261,275,337,428,441,444,473,488,491,508,512,515,515,538,555,555,555,555,558,558,631,631,631,631,626,632,632,633,638,638,638,683,683,683,694,695,695,703,703,703,703,703,703,704,704,704,704,714,715,716,716,716,716,716,716,716,716,720,720,720,720,725,727,747,727,727,727,727,729,730,731,731,731,735
Los Angeles,34.30828379,-118.2282411,"10,039,107","261,446","2,604.28",125.76,649,1,1,1,7,11,13,14,14,14,20,27,32,40,53,53,94,144,190,231,292,292,407,536,662,812,1229,1465,1465,1829,2474,3019,3518,4045,4566,4605,5955,6377,6936,7559,7955,8443,8453,8894,9433,10047,10517,10854,11400,12021,12341,13823,15153,16447,17537,18545,19133,19567,20423,20996,22485,23220,24262,24894,25699,26225,27836,28665,29511,30319,31241,31703,32263,33211,34538,35392,36316,37360,38011,38458,39573,40895,42037,43070,44121,45017,46023,47845,48761,49860,51678,53746,55001,56011,57219,58261,59692,61068,62382,63844,64690,65945,67111,68959,70529,72057,73018,73832,75162,77260,78348,79655,81709,83414,86017,88512,89633,91577,93391,95385,97918,100958,103850,105665,107792,107806,107826,115024,116570,120764,123256,124992,127439,130394,133549,136357,140576,143207,147678,150424,153152,155917,159045,162025,165134,166868,168935,172325,174017,176028,178642,183456,186036,188541,190857,192177,193877,195805,198165,201200,204258,206778,208563,210543,210874,214283,214425,218831,220867,221971,223230,224105,225827,227346,229054,230662,231695,232893,233777,235386,236986,238458,239756,240749,241768,242521,243935,244999,246407,247542,248334,248821,249241,249859,251024,252066,253176,253985,254656,255049,256148,257271,258516,259817,260797,261446
Madera,37.21513971,-119.76655890000002,"157,327","4,391","2,791.00",278.40,95,0,0,0,0,0,0,1,1,1,1,1,1,1,1,1,1,1,1,1,3,3,3,3,6,6,7,10,11,15,18,21,23,25,28,28,28,28,28,28,28,30,32,32,33,33,33,33,33,33,34,34,36,36,39,39,39,40,41,44,46,46,46,46,51,51,54,55,55,62,66,67,67,69,69,69,69,70,71,71,81,82,82,83,82,84,84,85,90,94,98,104,106,106,114,117,129,141,155,163,172,172,178,188,188,198,198,226,250,275,295,314,314,314,334,359,370,383,415,415,415,488,488,541,566,566,578,578,578,713,857,857,857,893,893,893,1003,1054,1054,1179,1179,1179,1179,1451,1530,1530,1630,1630,1630,1630,1723,1850,1886,1943,1943,1943,1943,2114,2114,2208,2267,2302,2302,2463,2463,2590,2759,2924,2924,2924,2924,3129,3236,3278,3339,3339,3339,3484,3509,3551,3567,3674,3674,3674,3783,3836,3876,3889,3953,3953,3953,3953,4025,4064,4079,4150,4150,4150,4226,4230,4267,4270,4296,4296,4296,4391
Marin,38.07122463,-122.7210631,"258,826","6,591","2,546.50",97.36,34,0,0,0,0,0,0,0,0,0,1,1,3,3,5,5,9,11,15,15,38,38,38,38,47,53,60,65,68,74,93,99,107,108,118,131,137,141,143,148,149,154,154,153,164,170,171,184,187,187,189,195,199,200,209,212,212,223,224,224,226,235,237,239,240,240,241,247,247,255,257,259,265,271,271,279,279,299,317,317,336,343,343,352,369,388,403,417,420,436,436,450,483,483,501,506,525,530,551,571,589,635,635,651,664,697,730,751,772,842,861,917,1030,1110,1250,1349,1470,1573,1636,1746,1936,2210,2210,2394,2446,2710,2719,2719,2809,2989,3232,3227,3364,3434,3434,3702,3888,3947,4078,4157,4164,4314,4376,4427,4490,4522,4611,4624,4624,4637,4769,4817,4934,4987,4994,4994,5092,5180,5180,5199,5257,5287,5327,5404,5404,5471,5583,5674,5710,5750,5774,5788,5832,5832,5852,5879,5879,5930,5942,5965,5999,6054,6068,6068,6164,6164,6295,6321,6285,6297,6310,6339,6339,6368,6378,6407,6429,6450,6464,6470,6477,6505,6522,6557,6557,6591
Mariposa,37.57978556,-119.9073334,"17,203",75,435.97,5.81,0,0,0,0,0,0,0,0,0,0,0,0,0,0,0,0,0,0,0,0,0,0,0,0,0,0,0,0,0,0,0,0,0,0,0,0,0,0,0,0,0,0,0,0,0,0,0,0,0,0,0,0,0,0,0,0,0,0,0,1,1,3,13,13,13,14,14,15,15,15,15,15,15,15,15,15,15,15,15,15,15,15,15,15,15,15,15,16,16,16,16,16,16,16,16,16,16,16,16,16,16,16,16,16,16,16,16,17,17,18,18,18,18,18,18,21,21,22,23,23,23,25,26,27,27,27,27,27,31,31,31,31,31,31,31,32,34,34,35,35,35,37,38,41,41,44,44,46,46,46,48,51,53,53,54,56,57,59,59,60,60,60,61,62,62,63,63,63,64,64,64,64,69,69,69,69,69,69,70,70,71,71,71,71,71,71,73,73,74,74,74,74,74,74,74,74,75,75,75,75,75,75,75,75,75,75
Mendocino,39.4381191,-123.3911313,"86,749",851,980.99,97.98,2,0,0,0,0,0,0,0,0,0,0,0,0,0,0,0,0,0,0,1,1,1,1,1,2,2,2,2,2,3,4,4,4,4,4,4,4,4,4,4,4,4,4,4,4,4,4,4,4,5,5,5,5,5,5,11,11,11,11,11,12,12,12,12,12,12,12,12,12,12,12,12,12,12,12,13,13,13,14,14,14,15,15,21,21,21,21,22,23,25,30,30,30,30,30,30,33,33,33,33,36,36,36,36,38,38,38,38,47,47,54,54,54,54,62,62,72,74,76,76,76,76,78,85,85,85,85,85,85,92,98,107,107,113,113,132,146,155,165,177,185,194,199,207,217,234,234,249,257,265,274,280,293,312,312,317,322,341,341,363,363,380,431,472,472,478,489,529,529,537,541,556,579,579,584,605,624,629,645,653,656,659,673,689,704,704,714,716,724,737,754,766,773,777,778,778,778,785,789,802,808,817,822,833,849,851
Merced,37.18922369,-120.7209035,"277,680","8,750","3,151.11",152.33,0,0,0,0,0,0,0,0,0,0,0,0,0,0,0,0,0,0,0,0,0,0,0,1,1,2,2,4,7,8,9,10,10,12,16,16,27,29,29,34,40,52,59,65,65,74,76,79,82,86,90,90,92,93,100,102,102,103,108,116,118,125,134,140,140,143,147,152,155,157,163,163,173,177,180,189,189,200,200,216,222,226,234,251,251,251,261,268,273,280,280,283,283,283,301,310,310,320,334,334,334,367,387,391,391,409,409,409,470,470,538,564,564,616,661,710,741,791,824,824,824,824,979,1131,1208,1272,1272,1272,1272,1623,1623,1793,1793,1884,1884,1884,2183,2260,2313,2403,2403,2403,2694,2813,2994,3123,3245,3245,3245,3245,3510,3906,4065,4065,4285,4285,4285,4583,4583,4855,4855,5012,5012,5736,5736,6102,6224,6777,6777,6777,6777,7041,7229,7229,7334,7428,7493,7574,7653,7693,7744,7814,7890,7890,8032,8032,8081,8122,8202,8277,8297,8327,8381,8415,8440,8487,8541,8541,8575,8616,8645,8692,8719,8750,8750,8750
Modoc,41.58965602,-120.7244817,"8,841",24,271.46,33.93,0,0,0,0,0,0,0,0,0,0,0,0,0,0,0,0,0,0,0,0,0,0,0,0,0,0,0,0,0,0,0,0,0,0,0,0,0,0,0,0,0,0,0,0,0,0,0,0,0,0,0,0,0,0,0,0,0,0,0,0,0,0,0,0,0,0,0,0,0,0,0,0,0,0,0,0,0,0,0,0,0,0,0,0,0,0,0,0,0,0,0,0,0,0,0,0,0,0,0,0,0,0,0,0,0,0,0,0,0,0,0,0,0,0,0,0,0,0,0,0,0,0,0,0,0,0,0,0,0,0,0,0,0,0,0,0,0,0,0,0,0,0,0,0,0,0,0,0,0,0,0,2,2,2,2,2,2,4,4,4,4,5,5,5,5,5,5,5,5,5,5,5,5,5,5,5,5,5,5,5,5,7,9,10,12,12,13,15,16,21,19,21,21,21,22,22,22,22,22,22,23,23,23,23,24,24
Mono,37.93899289,-118.8872409,"14,444",165,"1,142.34",20.77,0,0,0,0,0,0,0,0,0,0,0,0,0,0,0,0,0,0,0,0,0,1,1,1,1,4,4,6,8,11,13,13,13,18,18,19,19,19,19,19,20,20,21,21,23,23,23,23,23,23,23,24,24,24,24,24,24,24,24,26,26,26,26,26,26,26,26,27,28,28,29,29,32,32,33,33,33,33,34,34,34,34,34,34,34,34,34,34,35,35,35,35,37,37,37,37,37,37,37,37,38,38,38,37,37,37,37,37,37,37,37,37,37,37,40,40,40,40,40,40,40,41,42,42,41,41,45,45,47,48,49,49,49,50,51,52,52,54,63,65,76,76,83,84,84,101,104,111,112,113,118,125,128,142,142,145,145,145,146,153,153,153,154,158,158,160,160,160,160,160,161,161,161,162,162,162,162,162,162,162,162,162,162,162,162,162,162,162,162,162,162,162,162,162,162,162,163,163,163,163,163,163,163,164,165,165
Monterey,36.21862405,-121.2413397,"434,061","9,550","2,200.15",225.77,83,0,0,0,0,0,0,0,0,0,0,0,0,0,0,0,0,2,2,4,5,11,11,14,20,24,24,24,32,36,36,40,42,48,53,57,62,62,62,64,69,71,79,82,87,87,100,108,119,119,136,141,148,150,154,169,169,183,183,185,191,206,213,222,235,235,237,241,247,250,267,279,279,299,299,308,317,322,341,341,349,349,355,362,371,395,413,429,429,469,477,509,530,545,571,586,621,640,667,732,751,763,791,814,865,899,949,995,1015,1075,1121,1156,1181,1225,1291,1341,1397,1416,1429,1444,1548,1605,1642,1691,1748,1791,1915,2064,2151,2239,2270,2343,2419,2540,2682,2790,2835,2913,2983,3059,3162,3228,3353,3379,3545,3726,3865,3953,4002,4082,4140,4288,4457,4542,4797,4822,4924,4966,4966,5120,5156,5212,5293,5446,5494,5628,5803,5890,6057,6461,6548,6662,6785,6785,6892,6974,7081,7226,7274,7393,7451,7522,7619,7685,7980,7980,8068,8149,8244,8326,8439,8570,8629,8661,8698,8738,8761,8904,8992,9011,9089,9197,9337,9360,9467,9550
Napa,38.50735751,-122.332839,"137,744","1,626","1,180.45",90.75,12,0,0,0,0,0,0,0,0,0,1,1,0,0,0,0,0,0,0,0,0,0,1,2,2,2,6,6,9,10,14,14,15,18,18,20,20,22,22,25,25,32,32,34,34,38,38,39,44,47,47,48,48,54,57,58,60,60,64,66,67,67,68,70,70,74,75,78,78,78,78,79,79,81,81,83,83,90,90,92,92,94,95,96,101,101,101,109,109,111,111,112,112,113,113,124,126,129,141,141,153,157,161,163,168,183,183,190,199,202,206,216,224,224,239,239,251,258,270,270,270,310,317,333,344,344,376,376,436,448,453,466,477,477,477,518,530,561,578,583,583,583,632,661,685,711,737,737,737,766,806,860,865,888,888,888,888,980,1007,1025,1046,1046,1046,1074,1129,1142,1142,1206,1206,1206,1245,1264,1282,1293,1306,1317,1328,1348,1358,1374,1382,1397,1403,1413,1431,1434,1446,1454,1466,1475,1484,1501,1514,1518,1528,1536,1543,1556,1563,1576,1580,1587,1592,1604,1614,1626
Nevada,39.30394768,-120.7627281,"99,755",511,512.26,44.11,5,0,0,0,0,0,0,0,0,0,0,0,0,0,0,0,1,1,1,1,1,1,1,2,3,4,7,8,12,12,17,21,26,26,30,31,31,32,32,34,34,34,34,34,34,34,34,34,34,36,36,36,38,38,36,37,37,37,37,39,41,41,41,41,41,41,41,41,41,41,41,41,41,41,41,41,41,41,41,41,41,41,41,41,41,41,41,41,41,41,41,41,41,41,42,48,49,49,50,50,50,50,50,52,52,52,52,55,57,57,71,75,75,75,82,92,92,101,108,108,108,113,113,117,123,123,129,129,129,151,155,159,163,163,163,163,183,185,197,204,204,204,228,231,242,251,255,255,255,255,273,288,293,299,299,299,299,316,316,321,321,322,322,357,357,357,357,362,372,373,373,385,394,398,401,406,411,421,423,430,432,435,438,442,446,447,450,452,453,456,461,467,469,470,476,478,483,482,486,494,496,497,503,506,506,511
Orange,33.70147516,-117.76459979999998,"3,175,692","52,201","1,643.77",74.19,138,1,1,1,3,3,3,3,3,4,5,5,6,9,14,14,17,22,29,53,65,78,95,125,152,187,256,321,403,431,464,502,606,656,711,786,834,882,931,1016,1079,1138,1221,1277,1283,1299,1376,1425,1501,1556,1636,1676,1691,1753,1827,1845,1969,2074,2126,2151,2252,2393,2537,2636,2743,2819,2873,3004,3092,3240,3380,3502,3557,3602,3749,3968,4125,4222,4376,4434,4500,4742,4841,4941,5157,5336,5469,5578,5646,5744,5923,6100,6261,6474,6574,6678,6783,7064,7321,7440,7527,7614,7737,7987,8153,8269,8573,8759,8999,9197,9292,9576,9988,10422,10595,10737,11016,11511,11960,12462,12608,13064,13843,14413,15065,15778,16191,16854,17882,18892,20225,21517,22650,23901,24715,25255,26120,27031,27904,28309,29011,29426,29986,30976,31743,32648,33358,33953,34373,34646,34833,35272,35778,36196,36833,37391,37813,38066,38131,38711,38754,39076,39641,40527,40527,41823,42171,42854,43367,43709,43925,44212,44507,44936,45308,45801,45954,46307,46642,47090,47459,47782,48190,48444,48538,48825,49142,49142,49258,49509,49732,49845,49996,50190,50471,50613,50760,50930,50974,51124,51259,51399,51646,51873,52063,52201
Placer,39.06167234,-120.7240569,"398,329","3,488",875.66,76.82,22,0,1,1,2,2,5,5,5,7,7,7,7,4,7,5,5,5,9,9,9,9,12,12,20,30,30,30,41,53,53,57,78,90,97,97,103,106,106,117,117,123,123,124,127,128,129,130,130,131,132,132,133,133,136,139,139,141,143,145,145,147,150,159,159,162,162,163,165,165,168,169,170,170,170,172,174,174,175,175,177,176,176,184,185,184,185,188,194,196,199,214,215,217,228,240,259,265,275,284,294,304,314,327,344,358,372,390,411,432,460,476,490,502,519,534,556,579,593,611,627,643,684,724,754,786,828,877,911,938,970,993,1021,1055,1077,1114,1151,1167,1203,1235,1280,1363,1403,1442,1479,1531,1559,1605,1605,1685,1753,1790,1822,1876,1912,1925,1925,1953,1998,2039,2099,2186,2186,2319,2377,2377,2486,2543,2582,2582,2625,2643,2663,2689,2705,2740,2777,2795,2833,2852,2875,2899,2947,2973,3003,3027,3062,3083,3115,3154,3182,3182,3220,3238,3249,3276,3301,3316,3325,3353,3373,3385,3407,3428,3466,3488
Plumas,40.00355989,-120.8395236,"18,807",49,260.54,21.27,0,0,0,0,0,0,0,0,0,0,0,0,0,0,0,0,0,0,0,0,0,0,0,0,0,0,0,0,0,0,0,0,1,1,1,2,3,3,3,3,3,3,4,4,4,4,4,4,4,4,4,4,4,4,4,4,4,4,4,4,4,4,4,4,4,4,4,4,4,4,4,4,4,4,4,4,4,4,4,4,4,4,4,4,4,4,4,4,4,4,4,4,4,4,4,4,4,4,4,4,4,4,4,4,4,4,4,5,5,5,6,6,6,6,6,6,7,7,7,7,7,8,9,10,11,11,11,11,11,13,15,15,17,17,17,19,20,21,22,23,23,23,24,25,27,28,28,28,28,29,29,31,32,33,33,33,33,33,33,34,34,34,34,36,36,37,38,39,39,39,39,39,40,40,40,40,40,40,40,40,40,40,40,40,41,41,42,45,45,45,45,45,45,45,45,46,48,48,48,48,49,49,49,49,49,49
Riverside,33.74314981,-115.9933578,"2,470,546","57,419","2,324.14",138.92,738,0,0,0,0,0,0,0,1,1,4,6,8,8,14,14,15,15,16,22,28,28,29,46,57,68,105,149,183,195,291,371,371,493,493,638,799,946,1016,1179,1280,1350,1431,1619,1619,1961,1961,2105,2457,2457,2638,2847,2847,2960,3218,3315,3315,3563,3643,3735,3942,4031,4079,4079,4180,4354,4454,4672,4756,4756,4992,4992,5189,5248,5248,5440,5618,5618,5618,5952,6053,6184,6343,6464,6464,6464,7004,7139,7139,7341,7486,7486,7486,7982,8155,8155,8303,8777,8777,8777,9206,9590,9911,10240,10490,10490,10490,11285,11694,11951,12467,12778,12778,12778,13800,14431,14905,15142,15643,15643,15643,16634,17296,18041,18720,19450,19450,19450,20555,21101,21957,23334,24765,24765,24765,25748,26481,27371,28177,28695,28695,28695,29983,30890,31982,32813,33467,33467,33467,33467,35187,36159,36629,37011,37011,37011,37011,38487,38487,39741,40452,40452,40452,41983,41983,43376,43983,45662,45662,45662,45662,47490,48630,48956,49482,49482,49944,50744,51200,51538,51734,51860,51860,51918,52909,53153,53306,53703,53987,53987,53987,53987,54572,54735,54868,55073,55073,55073,55766,55986,56201,56374,56681,56681,56681,57419
Sacramento,38.45106826,-121.3425374,"1,552,058","21,628","1,393.50",161.08,331,2,2,2,2,2,2,2,2,2,10,11,17,17,29,29,33,40,40,45,53,53,53,88,88,113,113,164,164,164,224,224,224,314,390,390,442,462,525,580,580,653,653,707,739,816,853,879,896,914,925,940,954,971,987,1019,1019,1037,1045,1053,1068,1077,1090,1107,1117,1127,1133,1142,1153,1160,1165,1167,1173,1181,1183,1194,1211,1222,1237,1245,1250,1255,1266,1272,1289,1293,1302,1310,1319,1349,1373,1400,1400,1429,1439,1463,1490,1519,1537,1569,1588,1624,1642,1670,1704,1716,1753,1794,1825,1892,1940,1976,2069,2160,2243,2374,2440,2512,2666,2666,2776,3004,3223,3397,3559,3559,4004,4236,4236,4566,4776,4932,5152,5339,5489,5714,5938,6174,6395,6511,6693,6935,7326,7686,7971,8247,8554,8554,8903,9018,9418,9514,9664,9820,9820,10067,10122,10174,10174,10544,10544,10795,10795,12040,12274,12274,13216,13615,13615,13615,14326,14602,14760,14764,15246,15247,15516,16331,16623,16742,16909,17150,17150,17588,18052,18052,18413,18607,18813,18813,18955,19128,19460,19524,19669,19669,20063,20184,20435,20545,20660,20961,21171,21171,21297,21628
San Benito,36.60308176,-121.069975,"62,808","1,310","2,085.72",179.91,9,2,2,2,2,2,2,2,2,2,2,2,2,2,3,3,3,3,3,3,5,5,5,6,6,7,9,13,14,14,14,17,21,23,23,23,23,23,23,33,33,34,35,35,35,39,39,41,44,44,44,44,44,45,47,47,47,47,47,48,50,50,51,51,51,51,52,53,53,54,55,55,56,58,58,59,59,60,61,61,63,64,64,66,69,70,72,76,76,85,85,87,87,87,88,90,96,102,105,105,107,109,109,109,112,121,125,129,129,140,153,161,164,170,181,185,191,194,198,205,205,213,213,239,257,257,265,273,273,292,304,311,311,336,362,362,398,408,418,434,437,448,458,486,494,513,521,525,536,536,553,601,609,622,622,643,647,689,689,699,699,709,715,765,765,767,773,815,815,828,836,848,872,902,918,947,970,978,987,998,1018,1042,1081,1090,1097,1112,1123,1146,1162,1177,1188,1197,1207,1209,1209,1213,1223,1238,1240,1245,1254,1260,1272,1290,1301,1310
San Bernardino,34.84060306,-116.1774685,"2,180,085","52,649","2,415.00",135.68,178,0,0,0,0,0,0,0,0,0,0,0,0,0,0,0,1,2,3,5,9,10,17,17,31,38,54,54,76,76,111,125,183,254,304,353,372,373,530,547,641,729,810,810,887,977,977,996,1032,1219,1286,1406,1489,1489,1608,1666,1666,1732,1772,1827,1928,2058,2113,2182,2182,2182,2329,2432,2562,2629,2902,2902,3015,3078,3153,3198,3311,3463,3511,3593,3707,3795,3984,4146,4315,4365,4365,4567,4567,4914,5034,5200,5246,5355,5501,5650,5650,5930,6040,6040,6247,6417,6593,6742,6976,7161,7359,7515,7796,8014,8454,8714,8959,9156,9361,10010,10407,10769,11290,11290,11501,11797,12550,12746,13152,13676,13676,14922,15345,15932,16586,17414,18275,18912,19043,19502,20456,21468,21468,23238,23566,23772,24099,25067,25775,26185,26796,26796,27992,27992,29962,32309,31688,32230,32696,32980,33432,34017,34237,34635,34939,35452,35712,36072,36072,38290,38290,39374,40338,41124,41564,42150,42947,43469,43943,44603,45035,45246,45666,46051,46407,46892,47145,47373,47642,47879,48245,48615,48615,49325,49558,49691,49691,49909,50210,50385,50543,50699,50709,50978,51252,51467,51750,52287,52471,52649
San Diego,33.03484597,-116.7365326,"3,338,330","44,925","1,345.73",128.00,348,2,2,2,2,3,3,3,3,3,3,3,5,8,10,16,55,55,60,80,127,127,155,201,226,238,293,341,413,484,515,603,733,849,966,1112,1209,1326,1404,1454,1530,1628,1693,1761,1804,1847,1930,2012,2087,2158,2213,2268,2325,2491,2643,2826,2943,2943,3043,3141,3432,3432,3564,3711,3927,3927,4020,4319,4319,4429,4662,4776,5065,5161,5161,5391,5391,5662,5836,5836,6026,6140,6140,6315,6559,6559,6701,6797,6882,7100,7100,7385,7481,7481,7554,7674,7798,7940,8345,8345,8619,8619,8837,8998,8998,9314,9440,9610,9730,9730,10092,10350,10484,10794,11096,11294,11626,11961,12401,12837,13334,13832,14149,14623,15207,15696,15696,16726,16726,17578,17842,18402,18863,19371,19371,19929,20887,21446,21855,21855,23114,23682,24135,24520,25107,25608,26098,26098,26701,27507,27507,28287,28688,29048,29048,29883,29883,30516,30516,31127,31127,31779,32330,32975,32975,33157,33393,34065,34065,34344,34678,34960,35376,35608,35912,36203,36540,36727,36994,37222,37499,37784,38047,38300,38604,38871,39121,39446,39899,40342,40650,40652,40868,41324,41608,41969,42414,42679,42887,43181,43445,43619,44007,44293,44577,44925
San Francisco,37.75215114,-122.4385672,"881,549","10,807","1,225.91",93.93,62,0,0,0,0,2,2,9,9,9,14,14,18,23,28,28,40,43,51,70,76,84,108,131,152,178,223,279,308,340,374,397,434,450,497,529,568,583,622,676,724,797,857,872,957,987,1013,1019,1058,1137,1157,1216,1231,1233,1302,1340,1354,1408,1424,1468,1490,1499,1523,1543,1602,1624,1728,1754,1806,1853,1891,1943,1954,1977,1994,1999,2026,2054,2091,2131,2179,2185,2198,2320,2350,2367,2386,2399,2408,2437,2473,2532,2588,2570,2587,2613,2644,2698,2712,2747,2779,2793,2809,2840,2878,2906,2928,2952,2971,2982,3020,3057,3058,3058,3185,3219,3249,3297,3400,3468,3512,3561,3603,3648,3719,3776,3776,3776,3992,4020,4071,4145,4316,4426,4522,4590,4640,4696,4860,4975,5116,5202,5305,5363,5459,5564,5679,5787,5932,6022,6065,6197,6423,6575,6723,6811,6916,6989,7081,7228,7326,7432,7548,7623,7692,7834,7944,8053,8157,8292,8346,8427,8528,8611,8702,8791,8871,8936,8981,9060,9149,9215,9349,9428,9494,9544,9617,9696,9755,9839,9915,9979,9979,10074,10120,10188,10263,10302,10378,10430,10490,10569,10640,10696,10745,10807
San Joaquin,37.93433732,-121.2730061,"762,148","19,841","2,603.30",168.34,48,0,0,0,0,0,0,0,0,0,0,1,1,6,8,8,8,13,14,17,25,31,31,41,51,68,71,90,93,113,123,136,151,173,180,185,191,206,217,223,237,253,257,266,293,314,341,365,371,400,415,428,449,460,487,495,505,512,528,529,540,543,557,560,570,574,578,579,581,597,605,612,621,629,638,644,659,670,689,699,709,716,733,752,752,752,752,771,771,842,858,858,858,908,982,1080,1024,1050,1118,1161,1195,1259,1309,1388,1444,1547,1652,1716,1749,1888,1927,1926,2519,2519,2400,2560,2742,2884,3031,3093,3093,3291,3856,3914,4298,4474,4474,4474,4474,5600,5817,6065,6279,6279,6279,6988,7216,7428,7680,7819,7819,7819,8321,8799,9595,9826,10126,10126,10126,10675,10923,11209,11342,11483,11483,11483,11885,11958,12034,12119,12119,12303,12303,12864,13870,13870,14276,14651,14651,14651,15008,15201,15379,15677,15778,15888,16068,16131,16565,16795,16845,16989,17114,17493,17637,17807,17915,18194,18331,18438,18557,18558,18558,18558,18558,18854,19019,19108,19364,19564,19623,19701,19793,19793,19793,19841
San Luis Obispo,35.38822029,-120.4039028,"283,111","3,393","1,198.47",103.14,24,0,0,0,0,0,0,0,0,0,0,0,0,0,0,1,3,3,7,13,16,21,27,27,42,46,54,59,67,67,71,80,80,89,93,93,95,95,95,99,102,104,110,114,117,117,120,125,127,131,132,132,134,134,149,163,165,166,169,173,181,184,188,196,201,202,204,208,211,211,214,220,226,227,232,237,240,243,243,246,247,249,251,253,259,258,259,263,263,268,269,269,269,271,278,279,288,291,291,291,299,302,306,317,324,324,324,347,356,376,389,404,404,404,442,453,473,489,508,508,508,567,611,642,675,701,701,701,765,808,845,877,905,905,905,1006,1078,1112,1158,1213,1213,1213,1306,1369,1393,1467,1500,1500,1500,1644,1644,1710,1740,1783,1783,1783,1902,1926,1970,2047,2047,2093,2093,2254,2278,2300,2324,2439,2439,2439,2562,2571,2579,2579,2613,2665,2665,2679,2735,2769,2792,2842,2882,2917,2981,2981,3006,3035,3047,3074,3083,3101,3116,3145,3171,3194,3222,3222,3240,3278,3293,3316,3332,3360,3369,3393
San Mateo,37.4228808,-122.32755459999998,"766,573","9,598","1,252.07",127.97,76,0,1,2,2,2,2,2,2,2,8,15,20,20,32,32,41,64,80,89,100,110,117,142,161,165,195,239,274,277,309,309,388,453,486,538,555,579,589,617,633,638,652,652,701,721,747,767,797,838,838,920,935,958,966,989,1019,1019,1080,1099,1136,1177,1197,1233,1233,1281,1315,1341,1377,1397,1425,1425,1464,1497,1515,1536,1575,1602,1602,1671,1687,1697,1738,1783,1833,1833,1833,1904,1963,2022,2061,2104,2104,2165,2188,2212,2244,2299,2330,2330,2394,2437,2475,2494,2533,2533,2553,2594,2625,2653,2678,2721,2721,2721,2825,2901,2961,2996,3049,3083,3083,3141,3232,3311,3376,3441,3536,3536,3599,3692,3743,3787,3846,3949,3949,4045,4168,4254,4333,4403,4465,4465,4551,4674,4776,4885,4957,5022,5022,5124,5198,5306,5398,5469,5544,5544,5683,5744,5758,5891,5978,6110,6110,6318,6431,6535,6640,6803,6952,6952,7150,7228,7321,7382,7472,7535,7535,7670,7788,7849,7911,7978,8074,8074,8169,8260,8311,8390,8452,8617,8617,8617,8750,8807,8895,8966,9077,9077,9166,9242,9264,9332,9332,9522,9522,9598
Santa Barbara,34.65329488,-120.0188492,"446,499","8,880","1,988.81",99.89,18,0,0,0,0,0,0,0,0,0,0,0,0,0,0,0,1,2,2,8,9,9,13,18,18,24,26,32,47,64,68,88,99,111,139,152,168,174,192,218,228,243,260,264,267,284,313,334,354,373,385,394,416,429,451,460,469,469,471,473,485,485,506,506,514,514,526,613,613,722,1250,1250,1362,1371,1371,1387,1387,1418,1474,1474,1517,1520,1520,1540,1551,1551,1551,1551,1604,1636,1636,1649,1649,1649,1669,1697,1714,1737,1787,1787,1817,1817,1864,1910,1910,1971,1971,2069,2115,2115,2253,2319,2319,2319,2446,2509,2590,2631,2742,2712,2712,2896,2896,2896,3261,3261,3261,3261,3261,3742,3808,3868,3868,3931,3931,3931,4323,4412,4635,4759,4759,4759,4991,5124,5282,5444,5576,5576,5576,5576,5633,6021,6094,6167,6167,6167,6167,6526,6526,6652,6652,6704,6704,6704,6996,7074,7083,7274,7274,7274,7274,7454,7508,7508,7578,7653,7685,7725,7800,7869,7916,7951,8014,8052,8143,8143,8164,8229,8300,8361,8404,8434,8479,8499,8550,8579,8608,8642,8690,8718,8741,8785,8803,8846,8862,8880
Santa Clara,37.23104908,-121.6970462,"1,927,852","20,511","1,063.93",98.56,101,3,9,11,11,20,20,32,38,38,43,48,52,79,95,91,138,155,175,189,196,263,263,302,375,459,542,574,591,646,848,890,956,1019,1019,1148,1207,1207,1285,1380,1380,1442,1484,1566,1666,1666,1793,1833,1870,1870,1870,1922,1922,1962,1987,2018,2040,2084,2105,2122,2134,2163,2179,2205,2231,2244,2255,2268,2281,2290,2307,2339,2341,2362,2364,2391,2391,2418,2453,2453,2483,2492,2492,2492,2571,2617,2652,2675,2688,2701,2707,2731,2776,2776,2819,2832,2850,2892,2920,2942,2973,3017,3032,3063,3117,3157,3197,3230,3254,3288,3363,3398,3458,3547,3606,3727,3832,3888,3984,3984,4162,4265,4370,4572,4750,4849,5077,5273,5408,5478,5552,5678,5863,5983,6298,6542,6725,6951,7046,7131,7300,7456,7795,8046,8321,8533,8719,8833,9041,9215,9215,9612,9731,9913,10321,10626,10794,11030,11030,11336,11336,11475,11687,12694,12962,12962,13059,13865,13865,14207,14429,14636,15085,15258,15496,15496,15688,16151,16151,16306,16393,16607,17013,17013,17349,17349,17802,17993,18190,18190,18611,18611,18717,18854,18854,19143,19417,19549,19613,19683,19760,19891,20129,20252,20410,20511
Santa Cruz,37.05580291,-122.0066524,"273,213","2,218",811.82,105.05,0,0,0,0,0,0,0,0,0,0,2,2,4,7,7,7,9,13,13,14,15,15,15,22,22,24,25,32,34,41,44,45,49,54,57,59,69,69,76,76,76,80,80,88,91,91,96,96,98,101,104,106,108,111,114,115,115,120,124,125,127,131,132,134,137,137,138,138,139,140,141,141,141,146,146,149,149,157,159,163,165,168,174,186,192,192,200,200,205,206,206,212,213,217,217,219,219,221,226,231,234,235,239,249,254,255,257,257,260,269,273,283,286,296,296,322,330,337,344,349,349,349,379,399,410,417,455,457,459,501,503,506,537,568,569,569,600,602,706,736,772,772,772,830,848,878,885,898,907,920,980,1030,1076,1109,1152,1152,1152,1196,1196,1213,1229,1238,1238,1243,1287,1316,1357,1371,1420,1454,1454,1505,1546,1569,1605,1617,1628,1636,1698,1714,1726,1734,1747,1746,1744,1744,1755,1878,1896,1923,1931,1931,1931,1931,1993,2013,2021,2043,2043,2065,2096,2108,2175,2189,2218,2218
Shasta,40.76391419,-122.0396884,"180,080",709,393.71,71.08,22,0,0,0,0,0,0,0,0,1,1,1,1,1,1,1,1,1,1,1,1,1,1,2,2,3,3,3,3,4,4,6,7,7,11,12,17,20,21,23,24,24,24,24,24,25,25,25,26,26,26,26,26,26,28,30,30,30,30,30,31,31,31,31,31,31,31,31,31,31,31,31,32,32,32,33,33,33,34,34,34,34,34,34,36,36,36,36,37,37,37,37,39,39,39,40,40,42,42,42,46,46,47,48,48,49,50,51,51,51,62,76,80,81,86,88,92,96,97,101,105,112,112,129,135,135,148,154,154,163,171,176,176,187,195,200,203,215,220,227,227,242,242,255,268,276,291,291,291,311,323,348,360,369,369,369,390,397,404,411,411,418,418,459,469,469,476,488,488,488,488,511,515,521,531,531,531,531,553,554,557,562,562,562,570,572,575,578,581,581,581,581,600,606,611,612,612,612,612,645,652,661,668,668,687,709
Sierra,39.57713498,-120.52007009999998,"3,005",6,199.67,0.00,0,0,0,0,0,0,0,0,0,0,0,0,0,0,0,0,0,0,0,0,0,0,0,0,0,0,0,0,0,0,0,0,0,0,0,0,0,0,0,0,0,0,0,0,0,0,0,0,0,0,0,0,0,0,0,0,0,0,0,0,0,0,0,0,0,0,0,0,0,0,0,0,0,0,0,0,0,0,0,0,0,0,0,1,1,1,1,1,1,1,1,1,1,1,1,1,1,1,1,1,1,1,1,1,1,1,1,1,1,1,1,1,1,1,1,1,1,1,1,1,1,1,1,1,1,1,1,1,1,1,1,1,1,1,1,1,1,1,1,1,1,1,1,1,1,1,1,1,1,1,2,2,2,2,2,2,2,3,3,3,3,3,3,4,4,5,5,6,6,6,6,6,6,6,6,6,6,6,6,6,6,6,6,6,6,6,6,6,6,6,6,6,6,6,6,6,6,6,6,6,6,6,6,6,6,6
Siskiyou,41.59198861,-122.5407434,"43,539",161,369.78,39.05,0,0,0,0,0,0,0,0,0,0,0,0,0,0,0,0,0,0,0,0,0,0,2,2,2,3,3,3,3,3,4,3,3,3,3,3,3,4,4,4,4,5,5,5,5,5,5,5,5,5,5,5,5,5,5,5,5,5,5,5,5,5,5,5,5,5,5,5,5,5,5,5,5,5,5,5,5,5,5,6,6,6,6,6,6,6,6,6,6,6,7,7,7,7,8,9,9,9,9,12,12,13,14,14,14,15,16,18,20,20,21,21,22,23,24,25,26,26,26,27,27,28,28,31,31,31,31,31,32,32,33,33,41,41,41,41,43,43,44,44,44,44,50,53,55,60,60,61,61,65,66,67,72,72,73,73,73,88,88,90,92,93,93,102,102,106,109,111,111,111,113,114,114,114,115,123,123,123,124,125,126,127,128,128,137,137,138,140,143,144,137,144,144,150,150,154,155,155,155,156,158,159,160,161,161,161
Solano,38.26827353,-121.9357113,"447,643","6,175","1,379.45",112.59,90,0,0,0,0,0,0,0,0,0,3,6,6,6,6,6,7,7,8,8,13,13,13,14,21,24,31,34,34,34,34,43,49,54,61,73,73,73,88,99,112,115,121,121,121,135,140,141,169,169,169,180,180,181,191,199,199,199,199,249,254,263,266,266,266,267,320,337,337,342,351,351,379,388,388,408,408,410,410,410,430,435,435,449,455,455,455,455,499,509,509,517,517,517,546,547,559,565,566,566,590,590,617,643,643,657,657,685,687,687,811,860,860,860,933,1020,1064,1094,1118,1118,1118,1126,1126,1402,1476,1476,1476,1476,1476,1826,1922,1985,2075,2075,2075,2075,2313,2407,2483,2554,2554,2554,2759,2857,2982,3070,3129,3129,3129,3129,3283,3462,3520,3611,3611,3611,3611,3806,3806,3959,3959,4029,4029,4274,4274,4338,4414,4596,4596,4596,4596,4767,4943,5006,5048,5048,5048,5206,5231,5280,5328,5388,5388,5388,5512,5547,5588,5631,5671,5671,5671,5671,5762,5778,5805,5820,5820,5820,5937,5987,6007,6054,6085,6085,6085,6175
Sonoma,38.52746429,-122.8862506,"494,336","7,112","1,438.70",152.12,52,0,1,1,1,1,1,1,1,3,3,3,3,3,1,2,5,4,8,6,9,22,22,29,29,34,37,44,50,58,58,73,78,91,95,105,107,111,111,120,136,142,145,145,147,152,160,163,172,180,180,181,182,192,194,217,217,218,220,222,228,232,244,248,252,257,261,272,286,292,300,309,309,312,333,337,351,364,373,387,391,411,433,444,467,482,500,515,524,530,531,548,553,564,566,579,593,610,624,642,653,664,671,680,701,722,752,758,765,774,803,822,835,853,885,935,956,974,1006,1006,1092,1118,1136,1185,1229,1267,1359,1359,1359,1466,1487,1519,1561,1650,1703,1819,1886,1941,1979,2027,2068,2121,2169,2212,2241,2300,2404,2466,2599,2599,2617,2662,2748,2842,2944,3055,3113,3113,3208,3208,3358,3431,3556,3670,3753,3825,3859,4063,4157,4293,4377,4465,4779,4863,4942,5067,5120,5212,5351,5422,5469,5588,5654,5654,5718,5917,6067,6142,6142,6142,6303,6360,6488,6516,6561,6623,6666,6701,6701,6777,6777,6827,6987,6998,7060,7112
Stanislaus,37.55862499,-120.9970722,"550,660","16,351","2,969.35",165.26,32,0,0,0,0,0,0,0,0,0,0,2,2,2,2,2,3,3,5,5,5,5,5,8,11,12,13,17,23,29,31,33,39,44,51,58,65,71,81,90,95,103,116,121,131,146,163,177,187,206,221,226,232,236,251,264,264,286,294,312,339,339,380,380,411,411,428,461,461,476,488,496,508,517,517,537,537,559,571,571,593,598,598,611,621,629,646,659,670,683,683,699,744,744,750,767,792,816,840,865,937,937,1023,1072,1072,1110,1212,1242,1267,1267,1322,1473,1514,1599,1639,1714,1789,1871,1940,2000,2115,2165,2165,2310,2391,2391,2531,2660,2660,2889,3004,4364,4364,4633,4732,4973,5356,5517,5777,6077,6077,6344,6508,6835,6984,7401,7603,7603,7861,7994,8228,8492,8745,8890,8890,9061,9221,9308,9308,9408,9408,9566,9665,10264,10264,10855,11592,11953,11953,12379,12541,12668,12935,13084,13120,13282,13380,13483,13521,13886,14101,14257,14482,14544,14710,14786,14902,15021,15162,15277,15382,15441,15635,15685,15749,15838,15926,15976,15976,16052,16052,16150,16229,16289,16319,16351
Sutter,39.03417539,-121.6945899,"96,971","1,642","1,693.29",182.53,0,0,0,0,0,0,0,0,0,0,0,0,0,0,0,0,0,0,0,0,0,0,0,0,0,0,2,2,3,6,6,9,10,14,14,16,16,16,16,19,20,37,37,37,37,23,24,24,24,25,25,26,26,26,44,44,44,45,45,29,30,30,31,31,31,31,31,31,31,31,32,33,34,34,35,37,37,37,38,40,40,40,40,40,40,40,40,42,42,42,42,43,46,46,46,46,48,51,55,55,65,65,67,69,69,83,86,88,89,89,97,99,101,101,161,125,127,140,147,152,160,176,176,197,206,206,243,252,252,275,323,337,337,372,388,403,441,441,471,491,491,520,539,553,553,567,601,615,637,647,670,731,731,755,768,786,797,840,840,893,893,921,942,952,996,1019,1041,1091,1091,1094,1137,1157,1186,1186,1213,1223,1223,1260,1283,1312,1325,1347,1368,1368,1409,1409,1436,1436,1461,1465,1445,1465,1468,1526,1530,1542,1564,1564,1564,1599,1608,1621,1631,1642,1642,1642
Tehama,40.12570935,-122.2370171,"65,084",509,782.07,82.97,11,0,0,0,0,0,0,0,0,0,0,0,0,0,0,0,0,0,0,0,0,0,0,0,0,0,0,0,0,0,0,0,0,0,0,1,1,1,1,1,1,1,1,1,1,1,1,1,1,1,1,1,1,1,1,1,1,1,1,1,1,1,1,1,1,1,1,1,1,1,1,1,1,1,1,1,1,2,2,2,2,2,2,3,3,3,3,3,4,4,4,4,4,4,5,6,6,7,8,8,9,11,12,12,20,21,21,27,28,28,32,34,34,34,53,54,59,62,62,62,62,75,75,82,88,88,88,88,88,94,98,98,98,104,107,107,121,126,126,134,134,134,151,151,165,173,189,189,189,189,214,219,227,227,234,234,234,246,249,271,271,276,276,276,303,304,305,312,318,318,318,330,340,342,352,357,368,381,388,394,402,402,410,417,419,421,422,429,436,442,447,455,453,458,458,466,466,471,476,475,484,485,487,490,498,509
Trinity,40.64917670000001,-123.114713,"12,285",15,122.10,16.28,0,0,0,0,0,0,0,0,0,0,0,0,0,0,0,0,0,0,0,0,0,0,0,0,0,0,0,0,0,0,0,0,0,0,0,0,0,0,0,0,0,0,0,0,0,0,0,0,0,0,0,0,0,0,0,0,0,0,0,0,0,0,0,0,0,0,0,0,0,0,1,1,1,2,2,1,1,1,1,1,1,1,1,1,1,1,1,1,1,1,1,1,1,1,1,1,1,2,2,2,2,2,2,2,2,2,2,2,2,2,2,2,2,2,2,2,2,2,2,2,2,2,2,2,2,2,2,2,2,2,2,2,2,2,2,2,2,2,2,2,2,2,2,3,3,3,3,3,3,3,3,4,5,5,5,5,5,5,5,5,5,5,5,5,5,6,6,8,8,8,8,8,8,8,8,8,10,10,10,10,11,11,11,13,13,13,13,13,13,13,13,13,13,14,14,15,16,15,14,15,15,15,15,15,15,15
Tulare,36.22026558,-118.8020203,"466,195","15,599","3,346.02",197.77,0,0,0,0,0,0,0,0,0,0,0,0,1,1,2,2,2,3,4,7,7,11,12,16,17,17,18,20,24,29,35,43,45,74,81,81,116,135,157,157,168,203,203,227,264,296,352,372,382,397,411,422,422,441,453,472,491,504,532,578,626,640,680,720,743,757,858,916,969,1013,1079,1140,1159,1241,1268,1295,1338,1426,1430,1436,1539,1552,1603,1641,1641,1641,1641,1771,1796,1835,1844,1844,1844,1897,2004,2026,2083,2116,2116,2116,2220,2381,2432,2475,2564,2564,2564,2664,2664,2881,3004,3046,3046,3046,3177,3434,3533,3646,3705,3705,3705,3872,4156,4323,4521,4627,4627,4627,5009,5175,5298,5509,5678,5678,5678,5942,6209,6332,6480,6683,6683,6683,6896,7120,7603,7876,8210,8210,8210,8534,8862,9076,9241,9454,9454,9454,9745,9990,10078,10334,10475,10475,10475,10862,11549,11643,11847,12105,12105,12105,12451,12718,12836,12836,13022,13117,13196,13303,13431,13609,13673,13775,13884,13890,14079,14079,14305,14442,14552,14677,14677,14677,14677,14816,14967,15043,15114,15114,15114,15270,15361,15486,15517,15599,15599,15599
Tuolumne,38.02644018,-119.9525093,"54,478",221,405.67,49.56,0,0,0,0,0,0,0,0,0,0,0,0,0,0,0,0,0,0,0,0,0,0,0,0,0,0,0,0,0,0,0,2,2,2,2,2,2,2,2,1,1,1,1,1,1,1,2,2,2,2,2,2,2,2,2,2,3,3,3,4,4,4,4,4,4,4,4,2,2,2,2,2,2,2,2,2,2,2,2,2,2,2,2,2,2,3,3,3,4,4,4,4,4,4,4,4,5,5,7,7,7,7,7,8,8,8,9,9,9,9,9,9,10,12,12,14,15,22,22,22,28,28,28,30,43,43,43,43,43,57,58,60,64,64,73,73,76,80,84,85,85,85,101,104,109,109,126,126,126,131,131,132,134,141,141,141,141,144,144,147,147,152,152,155,155,159,159,160,160,160,160,165,166,166,170,172,172,172,177,179,189,189,189,189,189,189,189,190,193,193,194,194,196,197,211,212,213,213,213,216,216,216,220,221,221,221
Ventura,34.44465746,-119.0910613,"846,006","12,406","1,466.42",128.96,78,0,0,0,0,0,0,0,0,0,1,1,2,2,5,5,4,10,13,17,19,26,30,35,39,50,61,83,98,109,126,149,160,177,189,203,221,226,243,263,274,298,309,314,317,350,365,384,396,416,422,428,443,451,465,476,476,497,503,508,517,535,544,559,566,577,595,608,631,652,666,666,678,700,725,748,764,764,764,825,837,858,883,912,937,961,982,1017,1038,1062,1078,1078,1078,1152,1164,1190,1216,1261,1274,1303,1341,1381,1404,1466,1518,1534,1567,1633,1655,1706,1753,1835,1865,1946,2030,2161,2260,2287,2336,2444,2527,2740,2926,3096,3240,3240,3240,3240,3789,3858,3858,4093,4093,4246,4246,4246,4619,4787,4968,4968,5192,5192,5192,5955,6049,6156,6392,6392,6392,6392,6830,6997,7103,7344,7344,7344,7344,7877,7877,7953,8035,8146,8146,8634,8740,8740,8790,9090,9090,9090,9090,9297,9490,9587,9744,9865,9959,10126,10261,10313,10412,10483,10606,10705,10775,10866,10899,11031,11109,11171,11254,11315,11463,11475,11475,11600,11700,11759,11855,11903,11932,12073,12167,12236,12328,12406
Yolo,38.68278902,-121.9018288,"220,500","2,754","1,248.98",86.17,7,0,0,0,0,0,1,1,1,1,1,1,1,1,2,2,2,4,4,5,5,6,6,6,8,10,11,13,16,16,16,24,25,28,33,37,37,37,50,56,67,71,75,88,93,101,102,116,125,126,137,137,142,146,151,157,157,161,161,162,163,164,169,169,171,171,171,172,172,172,172,172,174,177,177,182,182,183,184,184,185,185,185,186,190,190,194,198,200,207,207,210,211,211,213,213,216,216,221,221,225,226,227,240,240,252,253,255,265,265,302,310,321,330,347,366,386,408,438,458,479,505,505,555,583,583,613,677,677,723,760,802,839,839,884,929,999,1023,1062,1101,1101,1162,1196,1200,1225,1275,1315,1342,1394,1424,1446,1477,1494,1510,1510,1544,1572,1614,1614,1660,1660,1690,1721,1834,1834,1898,1918,1966,1966,2019,2046,2076,2118,2147,2164,2184,2205,2239,2255,2274,2287,2310,2335,2386,2424,2438,2451,2478,2495,2524,2541,2564,2565,2597,2611,2633,2650,2677,2689,2710,2710,2721,2732,2740,2747,2754
Yuba,39.26255932,-121.3535644,"78,668","1,118","1,421.16",157.62,0,0,0,0,0,0,0,0,0,0,0,0,0,0,0,0,0,0,0,0,0,0,2,3,3,0,3,3,3,3,4,6,7,8,8,9,9,11,11,13,15,15,15,15,15,15,15,15,15,15,16,16,16,16,16,16,16,16,16,16,17,18,19,19,19,19,19,19,19,20,20,20,21,23,23,25,25,25,25,26,28,28,28,28,28,28,28,28,28,28,29,30,30,30,30,31,31,31,32,32,32,32,33,34,34,35,35,36,37,37,39,41,42,42,43,43,49,51,57,61,65,71,71,94,103,103,106,106,128,139,154,163,163,180,192,198,221,221,236,252,252,257,289,309,309,319,338,356,372,382,397,441,441,465,471,485,502,533,533,572,572,588,600,646,666,678,688,740,740,758,758,786,821,821,829,844,844,859,880,883,893,900,909,909,927,927,944,944,975,994,994,994,994,1031,1037,1044,1057,1057,1057,1085,1092,1108,1112,1118,1118,1118
