,City/Community,Latitude,Longitude,cases_final,case_rate_final,adj_case_rate_final,deaths_final,death_rate_final,adj_death_rate_final,population
1,City of Agoura Hills,34.151189,-118.761421,1062,5085,5184,19,91,90,20883
2,City of Alhambra,34.092668,-118.126349,6918,7977,7930,209,241,171,86724
3,City of Arcadia,34.137287,-118.038801,2754,4769,4760,137,237,154,57754
4,City of Artesia,33.867489,-118.080837,2081,12391,11738,73,435,363,16795
5,City of Avalon,33.333892,-118.33172,16,414,415,0,0,0,3869
6,City of Azusa,34.132619,-117.906025,6339,12668,12688,119,238,290,50040
7,City of Baldwin Park,34.082895,-117.972331,13194,17187,17042,317,413,464,76769
8,City of Bell,33.97979,-118.179821,6810,18744,18768,120,330,437,36332
9,City of Bell Gardens,33.966123,-118.155274,8392,19484,19736,112,260,393,43071
10,City of Bellflower,33.887202,-118.126882,10840,13945,13780,197,253,279,77735
11,City of Beverly Hills,34.077973,-118.401463,2702,7827,7994,33,96,55,34520
12,City of Bradbury,34.15345,-117.968512,39,3648,4113,0,0,0,1069
13,City of Burbank,34.187365,-118.323732,8999,8396,8144,243,227,180,107180
14,City of Calabasas,34.137358,-118.668533,1297,5332,5313,32,132,109,24323
15,City of Carson,33.837833,-118.255323,9920,10571,10414,254,271,210,93846
16,City of Cerritos,33.867515,-118.068483,3090,6172,6305,59,118,79,50067
17,City of Claremont,34.096047,-117.71686,2295,6290,6708,56,153,94,36484
18,City of Commerce,33.996161,-118.151913,2403,18387,18233,40,306,301,13069
19,City of Compton,33.893486,-118.22554,17193,17210,17275,240,240,311,99904
20,City of Covina,34.089347,-117.88219,6420,13093,12920,164,334,283,49032
21,City of Cudahy,33.9627,-118.182871,4820,19797,19829,60,246,377,24347
22,City of Culver City,34.005741,-118.39677,2242,5624,5589,110,276,189,39865
23,City of Diamond Bar,33.998945,-117.816083,3279,5701,5578,85,148,114,57515
24,City of Downey,33.936964,-118.132973,17641,15439,15160,301,263,258,114263
25,City of Duarte,34.138871,-117.970873,2323,10551,10232,97,441,301,22016
26,City of El Monte,34.074171,-118.028872,17263,14721,14563,435,371,375,117269
27,City of El Segundo,33.916558,-118.402125,744,4432,4465,6,36,32,16786
28,City of Gardena,33.882398,-118.307513,6423,10476,10438,193,315,239,61310
29,City of Glendale,34.147289,-118.248237,20272,9817,9402,628,304,209,206493
30,City of Glendora,34.135797,-117.864654,4855,9201,9095,178,337,254,52764
31,City of Hawaiian Gardens,33.830252,-118.07306,2245,15297,15183,24,164,187,14676
32,City of Hawthorne,33.914608,-118.347119,10634,11977,11847,210,237,270,88787
33,City of Hermosa Beach,33.865584,-118.396413,1026,5216,5066,10,51,68,19670
34,City of Hidden Hills,34.163756,-118.661141,91,4815,6696,2,106,66,1890
35,City of Huntington Park,33.980372,-118.217115,11275,18955,18851,172,289,374,59484
36,City of Industry,34.006533,-117.923025,173,39588,44776,6,1373,1278,437
37,City of Inglewood,33.956071,-118.344054,13812,12160,12004,310,273,285,113582
38,City of Irwindale,34.104517,-117.934167,253,17341,17271,7,480,435,1459
39,City of La Canada Flintridge,34.209828,-118.199558,771,3726,4643,17,82,51,20693
40,City of La Habra Heights,33.960594,-117.951422,117,2145,2212,2,37,16,5455
41,City of La Mirada,33.902264,-118.009463,4322,8714,8568,115,232,173,49599
42,City of La Puente,34.032205,-117.953359,6717,16505,16183,120,295,303,40697
43,City of La Verne,34.112079,-117.76505,2917,8764,8922,50,150,94,33282
44,City of Lakewood,33.847671,-118.133848,7371,9172,9155,100,124,107,80362
45,City of Lancaster,34.701724,-118.145003,22520,13938,14034,283,175,206,161570
46,City of Lawndale,33.898468,-118.353944,3636,10817,10534,54,161,187,33614
47,City of Lomita,33.793505,-118.317638,1514,7304,7369,34,164,134,20729
48,City of Lynwood,33.925443,-118.199846,13378,18568,18712,236,328,488,72047
49,City of Malibu,34.035244,-118.696535,447,3449,3703,8,62,30,12961
50,City of Manhattan Beach,33.889363,-118.397237,1386,3850,3904,17,47,42,35999
51,City of Maywood,33.988398,-118.187642,5252,18724,18998,92,328,478,28049
52,City of Monrovia,34.147528,-117.999381,3204,8258,8334,78,201,184,38800
53,City of Montebello,34.015306,-118.11092,10227,15887,15789,218,339,279,64375
54,City of Monterey Park,34.049478,-118.132381,4842,7777,7824,193,310,166,62262
55,City of Norwalk,33.906999,-118.083442,16220,15071,14771,375,348,344,107622
56,City of Palmdale,34.579169,-118.119083,24863,15640,15817,310,195,253,158968
57,City of Palos Verdes Estates,33.787502,-118.397314,488,3609,4191,9,67,26,13522
58,City of Paramount,33.897531,-118.165029,10012,17871,17747,154,275,365,56023
59,City of Pico Rivera,33.989581,-118.088477,11206,17432,17140,269,418,371,64284
60,City of Pomona,34.05829,-117.762727,24515,15722,15541,459,294,354,155931
61,City of Rancho Palos Verdes,33.745153,-118.404956,1554,3635,3909,58,136,57,42747
62,City of Redondo Beach,33.845386,-118.388506,2899,4220,4413,50,73,74,68697
63,City of Rolling Hills,33.760079,-118.347422,59,3041,4966,2,103,33,1940
64,City of Rolling Hills Estates,33.78352,-118.353089,291,3587,4658,8,99,45,8113
65,City of Rosemead,34.080255,-118.07648,4975,8988,8751,151,273,212,55350
66,City of San Dimas,34.107113,-117.803513,3258,9439,9502,94,272,186,34516
67,City of San Fernando,34.284055,-118.438854,5307,21563,21262,64,260,316,24612
68,City of San Gabriel,34.096429,-118.108061,3264,7970,7670,205,501,347,40954
69,City of San Marino,34.121248,-118.105733,388,2922,2975,10,75,65,13277
70,City of Santa Clarita,34.412654,-118.553711,20667,9376,9466,265,120,134,220424
71,City of Santa Fe Springs,33.945654,-118.083822,2890,15737,15700,38,207,175,18364
72,City of Santa Monica,34.011795,-118.491576,4864,5261,5172,183,198,134,92446
73,City of Sierra Madre,34.16131,-118.058046,474,4313,4184,13,118,63,10989
74,City of Signal Hill,33.796699,-118.167731,1145,9706,9900,8,68,68,11797
75,City of South El Monte,34.045436,-118.046184,3438,16462,16346,67,321,356,20885
76,City of South Gate,33.955686,-118.205231,18746,19098,18886,231,235,300,98155
77,City of South Pasadena,34.116008,-118.152108,1333,5116,5171,40,154,122,26053
78,City of Temple City,34.107566,-118.057936,2382,6534,6348,122,335,221,36455
79,City of Torrance,33.837073,-118.341361,7517,5036,5049,220,147,105,149268
80,City of Vernon,34.005188,-118.23187,124,59330,61596,0,0,0,209
81,City of Walnut,34.026332,-117.842314,1771,5800,5874,39,128,92,30532
82,City of West Covina,34.071623,-117.940172,12964,11978,11736,266,246,209,108235
83,City of West Hollywood,34.090421,-118.370723,2386,6457,6524,39,106,72,36951
84,City of Westlake Village,34.144461,-118.798775,117,1400,1419,1,12,8,8360
85,City of Whittier,33.974549,-118.033988,11186,12794,12656,243,278,258,87432
86,Los Angeles - Adams-Normandie,34.029168,-118.302471,1209,14740,14339,18,219,223,8202
87,Los Angeles - Alsace,34.029518,-118.362359,1603,12881,12625,19,153,214,12445
88,Los Angeles - Angeles National Forest,34.271741,-118.270808,5,12500,3344,0,0,0,40
89,Los Angeles - Angelino Heights,34.068386,-118.251997,290,11591,11965,6,240,241,2502
90,Los Angeles - Arleta,34.24198,-118.432247,7119,20713,20270,115,335,368,34370
91,Los Angeles - Atwater Village,34.115653,-118.257841,1430,9750,9820,27,184,134,14666
92,Los Angeles - Baldwin Hills,34.015103,-118.356156,2775,8916,9106,64,206,162,31125
93,Los Angeles - Bel Air,34.098543,-118.460043,407,4829,5604,2,24,13,8429
94,Los Angeles - Beverly Crest,34.112721,-118.424323,659,5261,6136,5,40,22,12525
95,Los Angeles - Beverlywood,34.04488,-118.394534,946,7181,7540,2,15,17,13173
96,Los Angeles - Boyle Heights,34.037767,-118.205363,17549,20198,20178,304,350,428,86884
97,Los Angeles - Brentwood,34.085266,-118.486201,1588,5130,5023,17,55,40,30955
98,Los Angeles - Brookside,34.059099,-118.336275,33,5680,6390,2,344,290,581
99,Los Angeles - Cadillac-Corning,34.042316,-118.381937,722,10139,9910,10,140,141,7121
100,Los Angeles - Canoga Park,34.208313,-118.601142,9503,14555,14405,170,260,325,65289
101,Los Angeles - Carthay,34.071259,-118.372874,959,6677,9286,74,515,331,14363
102,Los Angeles - Central,34.016414,-118.25807,7660,19645,20105,133,341,562,38992
103,Los Angeles - Century City,34.052414,-118.418918,637,4980,5834,14,109,51,12792
104,Los Angeles - Century Palms/Cove,33.932513,-118.268073,6315,18702,18894,98,290,463,33766
105,Los Angeles - Chatsworth,34.256595,-118.596153,3708,10005,10368,80,216,148,37061
106,Los Angeles - Cheviot Hills,34.041244,-118.409804,464,5059,5560,7,76,39,9171
107,Los Angeles - Chinatown,34.061769,-118.241141,739,9213,9354,15,187,104,8021
108,Los Angeles - Cloverdale/Cochran,34.039013,-118.356498,1613,11084,10758,23,158,162,14553
109,Los Angeles - Country Club Park,34.054658,-118.325255,1561,10302,9943,79,521,397,15153
110,Los Angeles - Crenshaw District,34.023079,-118.335898,1483,10724,10781,29,210,167,13829
111,Los Angeles - Crestview,34.049756,-118.378614,1038,9131,9469,46,405,369,11368
112,Los Angeles - Del Rey,33.989676,-118.424085,2043,6825,6995,32,107,87,29936
113,Los Angeles - Downtown,34.044782,-118.258191,4133,15025,16203,52,189,157,27507
114,Los Angeles - Eagle Rock,34.134715,-118.205257,3700,9346,9166,113,285,207,39589
115,Los Angeles - East Hollywood,34.092362,-118.292118,3291,11237,10818,113,386,347,29287
116,Los Angeles - Echo Park,34.082126,-118.255039,1346,9442,9511,21,147,141,14256
117,Los Angeles - El Sereno,34.081304,-118.177511,6252,14954,14755,111,265,257,41808
118,Los Angeles - Elysian Park,34.078172,-118.240281,517,9051,8716,4,70,58,5712
119,Los Angeles - Elysian Valley,34.094131,-118.241507,1316,12939,12756,26,256,223,10171
120,Los Angeles - Encino,34.157137,-118.50121,3480,7704,8180,63,139,73,45172
121,Los Angeles - Exposition,34.026819,-118.349963,366,11004,10602,7,210,224,3326
122,Los Angeles - Exposition Park,34.018567,-118.298121,6264,13946,14135,86,191,253,44917
123,Los Angeles - Faircrest Heights,34.038906,-118.370833,274,7611,7438,3,83,66,3600
124,Los Angeles - Figueroa Park Square,33.932438,-118.287062,1363,15629,15692,25,287,294,8721
125,Los Angeles - Florence-Firestone,33.97487,-118.26715,9336,19678,19947,122,257,384,47445
126,Los Angeles - Glassell Park,34.118324,-118.231842,3451,10920,10867,52,165,138,31604
127,Los Angeles - Gramercy Place,33.950741,-118.310231,1352,12560,13166,23,214,162,10764
128,Los Angeles - Granada Hills,34.290387,-118.503629,6632,11397,11363,186,320,233,58191
129,Los Angeles - Green Meadows,33.950768,-118.263271,3993,18568,18660,55,256,348,21505
130,Los Angeles - Hancock Park,34.06933,-118.328634,1059,6215,6640,7,41,41,17039
131,Los Angeles - Harbor City,33.781806,-118.294561,2570,8841,8871,34,117,102,29070
132,Los Angeles - Harbor Gateway,33.861729,-118.294368,4995,11456,11287,70,161,174,43600
133,Los Angeles - Harbor Pines,33.782678,-118.304552,173,7181,7151,1,42,25,2409
134,Los Angeles - Harvard Heights,34.043619,-118.304639,2606,14450,14325,72,399,475,18035
135,Los Angeles - Harvard Park,33.98197,-118.297633,7277,19183,19053,99,261,296,37935
136,Los Angeles - Highland Park,34.112176,-118.186688,5815,12017,11817,106,219,235,48391
137,Los Angeles - Historic Filipinotown,34.070174,-118.271139,2078,14982,14397,78,562,550,13870
138,Los Angeles - Hollywood,34.101547,-118.337152,5638,8260,7863,69,101,103,68254
139,Los Angeles - Hollywood Hills,34.120522,-118.346451,1594,5416,6238,28,95,84,29434
140,Los Angeles - Hyde Park,33.983395,-118.327968,3770,13209,13213,78,273,251,28541
141,Los Angeles - Jefferson Park,34.024095,-118.322475,1174,14542,14375,14,173,169,8073
142,Los Angeles - Koreatown,34.054536,-118.304279,5611,10854,10643,124,240,244,51693
143,Los Angeles - Lafayette Square,34.043442,-118.334834,540,11845,11616,10,219,238,4559
144,Los Angeles - Lake Balboa,34.198325,-118.498247,5468,12956,12829,63,149,161,42206
145,Los Angeles - Lakeview Terrace,34.274612,-118.37751,2332,17757,17610,41,312,352,13133
146,Los Angeles - Leimert Park,34.005642,-118.324802,1614,10594,10660,22,144,103,15235
147,Los Angeles - Lincoln Heights,34.081004,-118.20552,5131,15741,15485,162,497,436,32597
148,Los Angeles - Little Armenia,34.094497,-118.304996,1174,14629,13508,83,1034,867,8025
149,Los Angeles - Little Bangladesh,34.06545,-118.300379,2814,9928,10057,29,102,117,28343
150,Los Angeles - Little Tokyo,34.046868,-118.241688,405,12927,15230,11,351,247,3133
151,Los Angeles - Longwood,34.036019,-118.343513,590,13708,13532,9,209,214,4304
152,Los Angeles - Los Feliz,34.131631,-118.299536,1069,4947,5411,22,102,75,21608
153,Los Angeles - Manchester Square,33.967363,-118.3115,972,11387,11876,11,129,101,8536
154,Los Angeles - Mandeville Canyon,34.091782,-118.509091,162,5186,5899,1,32,14,3124
155,Los Angeles - Mar Vista,34.013373,-118.437052,2089,4919,5132,37,87,69,42471
156,Los Angeles - Marina Peninsula,33.972542,-118.46061,150,3440,4462,2,46,23,4360
157,Los Angeles - Melrose,34.082861,-118.334547,8292,10672,10569,212,273,271,77696
158,Los Angeles - Mid-city,34.049434,-118.353784,1226,8157,8167,45,299,272,15030
159,Los Angeles - Miracle Mile,34.05939,-118.353441,1010,5616,5482,16,89,80,17985
160,Los Angeles - Mission Hills,34.266501,-118.457461,4361,18077,17675,123,510,383,24124
161,Los Angeles - Mt. Washington,34.099551,-118.216776,2871,11891,11743,63,261,232,24145
162,Los Angeles - North Hills,34.238631,-118.478069,9424,15305,15058,141,229,260,61575
163,Los Angeles - North Hollywood,34.190367,-118.390865,21010,13875,13459,351,232,260,151421
164,Los Angeles - Northridge,34.237496,-118.528881,7669,10988,10935,179,256,215,69797
165,Los Angeles - Pacific Palisades,34.044873,-118.530791,858,4030,4809,14,66,33,21291
166,Los Angeles - Pacoima,34.265442,-118.416467,17355,22545,22449,229,297,404,76979
167,Los Angeles - Palisades Highlands,34.089709,-118.549834,149,3874,4666,1,26,18,3846
168,Los Angeles - Palms,34.023719,-118.412505,2634,6003,6596,61,139,179,43877
169,Los Angeles - Panorama City,34.224448,-118.445118,13601,18074,17970,272,361,467,75250
170,Los Angeles - Park La Brea,34.069657,-118.355482,645,4750,4103,1,7,8,13580
171,Los Angeles - Pico-Union,34.045977,-118.280283,7166,17126,16981,234,559,665,41842
172,Los Angeles - Playa Del Rey,33.960959,-118.448447,115,3598,4329,1,31,17,3196
173,Los Angeles - Playa Vista,33.979177,-118.414829,614,5609,5716,9,82,88,10947
174,Los Angeles - Porter Ranch,34.279442,-118.557334,2492,7002,7388,37,104,67,35588
175,Los Angeles - Rancho Park,34.037135,-118.429312,378,5762,6530,2,30,24,6560
176,Los Angeles - Regent Square,34.032868,-118.383135,260,9353,9173,3,108,97,2780
177,Los Angeles - Reseda,34.198583,-118.538493,11609,15152,14906,292,381,350,76617
178,Los Angeles - Reseda Ranch,34.215335,-118.552912,707,15250,15221,3,65,72,4636
179,Los Angeles - Reynier Village,34.036199,-118.387224,273,6457,6554,2,47,34,4228
180,Los Angeles - San Pedro,33.735148,-118.295414,7326,9388,9470,116,149,130,78038
181,Los Angeles - Shadow Hills,34.254228,-118.360596,400,9005,9443,5,113,76,4442
182,Los Angeles - Sherman Oaks,34.151808,-118.438938,5943,6811,7311,110,126,110,87254
183,Los Angeles - Silverlake,34.095745,-118.270619,3228,7323,7656,123,279,242,44083
184,Los Angeles - South Carthay,34.057071,-118.375161,737,6956,8011,6,57,42,10595
185,Los Angeles - South Park,33.999632,-118.273942,7393,19475,19928,108,285,485,37961
186,Los Angeles - St Elmo Village,34.042923,-118.342309,705,15380,15895,42,916,1352,4584
187,Los Angeles - Studio City,34.137095,-118.388941,1417,6315,6822,48,214,170,22440
188,Los Angeles - Sun Valley,34.214573,-118.370525,9555,18206,17876,149,284,288,52483
189,Los Angeles - Sunland,34.254694,-118.328636,2314,11339,11476,57,279,199,20408
190,Los Angeles - Sycamore Square,34.05804,-118.34373,29,4482,5830,2,309,675,647
191,Los Angeles - Sylmar,34.312919,-118.447215,16252,19724,19446,242,294,348,82398
192,Los Angeles - Tarzana,34.157081,-118.549144,3374,10928,10983,79,256,166,30876
193,Los Angeles - Temple-Beaudry,34.063548,-118.264778,5113,12950,12607,110,279,313,39482
194,Los Angeles - Thai Town,34.102022,-118.304348,907,9247,9284,20,204,153,9809
195,Los Angeles - Toluca Lake,34.150204,-118.357406,516,5928,7026,4,46,39,8704
196,Los Angeles - Toluca Terrace,34.166749,-118.358506,146,11179,14034,7,536,984,1306
197,Los Angeles - Toluca Woods,34.159363,-118.35782,111,5974,6546,0,0,0,1858
198,Los Angeles - Tujunga,34.251243,-118.288445,2979,10712,10491,67,241,197,27810
199,Los Angeles - University Hills,34.06828,-118.168416,272,7932,8177,1,29,19,3429
200,Los Angeles - University Park,34.027987,-118.27881,3595,13094,14640,58,211,416,27456
201,Los Angeles - Valley Glen,34.182068,-118.426211,3892,12966,12762,70,233,221,30016
202,Los Angeles - Valley Village,34.163337,-118.39502,2089,8451,8755,80,324,268,24720
203,Los Angeles - Van Nuys,34.201395,-118.462997,14742,15819,15732,335,359,449,93194
204,Los Angeles - Venice,33.994031,-118.462553,1751,5167,6338,13,38,38,33885
205,Los Angeles - Vermont Knolls,33.968094,-118.294918,2874,16709,16629,56,326,362,17200
206,Los Angeles - Vermont Square,33.999441,-118.298048,1484,19381,19252,23,300,348,7657
207,Los Angeles - Vermont Vista,33.954252,-118.281528,7609,18475,18841,104,253,384,41186
208,Los Angeles - Vernon Central,34.000393,-118.251655,11143,21430,21917,163,313,527,51998
209,Los Angeles - Victoria Park,34.044033,-118.324726,1057,12585,12326,11,131,106,8399
210,Los Angeles - View Heights,33.985086,-118.348321,228,6172,6122,7,189,149,3694
211,Los Angeles - Watts,33.940599,-118.241781,7581,17765,18665,101,237,431,42674
212,Los Angeles - Wellington Square,34.035885,-118.333668,587,11943,11867,9,183,194,4915
213,Los Angeles - West Adams,34.036169,-118.307919,4035,14604,14396,150,543,518,27630
214,Los Angeles - West Hills,34.211319,-118.635548,3083,7604,7963,115,284,185,40545
215,Los Angeles - West Los Angeles,34.040358,-118.450027,2464,6547,6884,53,141,151,37636
216,Los Angeles - West Vernon,33.999278,-118.309388,10211,19035,18944,190,354,441,53644
217,Los Angeles - Westchester,33.952314,-118.406497,2576,4992,4834,49,95,88,51603
218,Los Angeles - Westlake,34.057106,-118.272349,7804,13148,13234,314,529,638,59355
219,Los Angeles - Westwood,34.06604,-118.43853,2849,5265,4273,26,48,42,54109
220,Los Angeles - Wholesale District,34.041536,-118.23326,6425,17783,16437,108,299,336,36129
221,Los Angeles - Wilmington,33.785903,-118.253219,8507,15060,15008,90,159,199,56487
222,Los Angeles - Wilshire Center,34.061749,-118.289292,5655,11272,11127,132,263,271,50170
223,Los Angeles - Winnetka,34.212542,-118.575815,6851,13229,12979,81,156,164,51786
224,Los Angeles - Woodland Hills,34.167672,-118.60534,5171,7598,7770,88,129,85,68055
225,Unincorporated - Acton,34.482033,-118.208203,495,6210,6847,6,75,52,7971
226,Unincorporated - Agua Dulce,34.49836,-118.330912,289,6950,8734,3,72,56,4158
227,Unincorporated - Altadena,34.193547,-118.136022,3357,7696,7931,76,174,132,43620
228,Unincorporated - Anaverde,34.536921,-118.13245,150,9947,10369,0,0,0,1508
229,Unincorporated - Angeles National Forest,34.320443,-118.002386,33,2651,3525,1,80,127,1245
230,Unincorporated - Arcadia,34.108393,-118.014081,612,7668,7819,15,188,148,7981
231,Unincorporated - Athens Village,33.93413,-118.302612,1075,21952,22055,30,613,693,4897
232,Unincorporated - Athens-Westmont,33.919744,-118.273945,6418,15122,15219,104,245,269,42442
233,Unincorporated - Avocado Heights,34.038608,-117.989237,1091,16103,15862,13,192,187,6775
234,Unincorporated - Azusa,34.113002,-117.896106,2380,14947,14635,38,239,284,15923
235,Unincorporated - Bassett,34.058473,-117.978678,2641,17824,17572,47,317,298,14817
236,Unincorporated - Bouquet Canyon,34.591679,-118.360703,49,4567,5404,1,93,82,1073
237,Unincorporated - Bradbury,34.144843,-117.967795,52,48148,3146,24,22222,934,108
238,Unincorporated - Canyon Country,34.463007,-118.437618,855,11064,11562,4,52,60,7728
239,Unincorporated - Castaic,34.609083,-118.626573,3758,13821,13277,17,63,108,27191
240,Unincorporated - Cerritos,33.879413,-118.093527,72,12266,12007,1,170,171,587
241,Unincorporated - Claremont,34.160321,-117.704441,41,5840,7049,4,570,429,702
242,Unincorporated - Covina,34.068396,-117.852435,2350,13972,13652,43,256,227,16819
243,Unincorporated - Covina (Charter Oak),34.104717,-117.861669,1540,11716,11442,18,137,143,13144
244,Unincorporated - Del Aire,33.922302,-118.372261,316,7193,7139,3,68,63,4393
245,Unincorporated - Del Rey,33.98265,-118.412366,32,10063,11610,1,314,67,318
246,Unincorporated - Del Sur,34.757167,-118.282651,171,7081,7723,3,124,83,2415
247,Unincorporated - Desert View Highlands,34.589308,-118.153561,366,14681,14798,5,201,174,2493
248,Unincorporated - Duarte,34.124147,-117.993223,856,19332,19160,10,226,279,4428
249,Unincorporated - East Covina,34.088015,-117.835411,34,10334,16386,1,304,91,329
250,Unincorporated - East La Mirada,33.921757,-117.983975,507,9580,9658,7,132,119,5292
251,Unincorporated - East Lancaster,34.666755,-118.000512,17,14912,15093,0,0,0,114
252,Unincorporated - East Los Angeles,34.03227,-118.169557,25050,19997,19955,433,346,412,125269
253,Unincorporated - East Pasadena,34.137943,-118.076517,222,3467,3354,10,156,110,6403
254,Unincorporated - East Rancho Dominguez,33.893982,-118.194375,2800,18291,18538,52,340,468,15308
255,Unincorporated - East Whittier,33.927628,-117.994355,477,8990,8776,8,151,127,5306
256,Unincorporated - El Camino Village,33.887095,-118.335495,843,9589,9679,15,171,162,8791
257,Unincorporated - El Monte,34.063283,-118.060455,24,16552,19997,0,0,0,145
258,Unincorporated - Elizabeth Lake,34.659254,-118.377441,82,4937,5313,1,60,54,1661
259,Unincorporated - Florence-Firestone,33.967507,-118.242435,13685,21150,21398,218,337,477,64705
260,Unincorporated - Franklin Canyon,34.107184,-118.413671,1,8333,4845,0,0,0,12
261,Unincorporated - Glendora,34.159997,-117.844191,69,10455,10929,3,455,237,660
262,Unincorporated - Hacienda Heights,34.000117,-117.977849,5259,9403,9467,100,179,123,55926
263,Unincorporated - Hawthorne,33.910813,-118.330218,322,12808,12615,3,119,126,2514
264,Unincorporated - Hi Vista,34.684663,-117.749368,45,4098,4630,0,0,0,1098
265,Unincorporated - Kagel/Lopez Canyons,34.30405,-118.367576,272,19263,21990,2,142,144,1412
266,Unincorporated - La Crescenta-Montrose,34.233897,-118.237162,1129,5702,6019,15,76,63,19801
267,Unincorporated - La Habra Heights,33.947493,-117.959732,16,2367,3065,1,148,88,676
268,Unincorporated - La Rambla,33.739973,-118.30164,274,13205,12245,21,1012,721,2075
269,Unincorporated - La Verne,34.146242,-117.747243,167,8186,8714,1,49,34,2040
270,Unincorporated - Ladera Heights,33.997223,-118.374147,402,5685,5925,10,141,66,7071
271,Unincorporated - Lake Hughes,34.672083,-118.43159,42,6287,6758,1,150,517,668
272,Unincorporated - Lake Los Angeles,34.621087,-117.859916,1602,12329,12682,18,139,155,12994
273,Unincorporated - Lake Manor,34.238119,-118.651061,131,7973,8998,2,122,88,1643
274,Unincorporated - Lennox,33.938082,-118.358648,3566,15819,15809,53,235,361,22542
275,Unincorporated - Leona Valley,34.625652,-118.308496,114,6511,8305,1,57,39,1751
276,Unincorporated - Littlerock,34.531805,-117.978906,539,13405,13440,7,174,156,4021
277,Unincorporated - Littlerock/Juniper Hills,34.460892,-117.924379,126,9715,10760,2,154,69,1297
278,Unincorporated - Littlerock/Pearblossom,34.533074,-117.894544,536,15018,15315,11,308,344,3569
279,Unincorporated - Llano,34.489897,-117.750089,41,4675,4894,1,114,60,877
280,Unincorporated - Marina del Rey,33.976415,-118.447398,400,4250,3646,4,43,39,9411
281,Unincorporated - Monrovia,34.12181,-118.003093,378,9740,9617,0,0,0,3881
282,Unincorporated - Newhall,34.345823,-118.524402,69,31364,32536,1,455,228,220
283,Unincorporated - North Lancaster,34.776192,-118.164928,163,13606,14088,2,167,94,1198
284,Unincorporated - North Whittier,34.036907,-118.005945,1121,13409,13260,28,335,281,8360
285,Unincorporated - Northeast San Gabriel,34.118447,-118.082372,1636,6806,6898,41,171,137,24036
286,Unincorporated - Palmdale,34.610872,-118.013818,111,13183,13860,4,475,475,842
287,Unincorporated - Palos Verdes Peninsula,33.783326,-118.344296,23,3704,4927,0,0,0,621
288,Unincorporated - Pearblossom/Llano,34.490978,-117.898461,129,6595,7438,1,51,20,1956
289,Unincorporated - Pellissier Village,34.035105,-118.030169,170,27464,27441,1,162,128,619
290,Unincorporated - Placerita Canyon,34.381746,-118.473213,3,652,824,0,0,0,460
291,Unincorporated - Pomona,34.057073,-117.822804,61,3148,7537,2,103,253,1938
292,Unincorporated - Quartz Hill,34.65065,-118.216515,1229,9523,9597,20,155,112,12906
293,Unincorporated - Rancho Dominguez,33.858588,-118.218347,388,14581,15839,5,188,119,2661
294,Unincorporated - Roosevelt,34.72856,-117.961328,93,9989,11057,0,0,0,931
295,Unincorporated - Rosewood,33.904733,-118.250286,165,12830,13595,4,311,242,1286
296,Unincorporated - Rosewood/East Gardena,33.893832,-118.274025,154,12909,13777,6,503,350,1193
297,Unincorporated - Rosewood/West Rancho Dominguez,33.898481,-118.261341,509,15144,14860,13,387,330,3361
298,Unincorporated - Rowland Heights,33.988423,-117.905457,3666,7185,7201,79,155,114,51022
299,Unincorporated - San Francisquito Canyon/Bouquet C,34.531371,-118.436065,15,1748,2357,0,0,0,858
300,Unincorporated - San Jose Hills,34.011338,-117.902657,3514,17378,17182,72,356,384,20221
301,Unincorporated - San Pasqual,34.139208,-118.102508,39,1916,2053,0,0,0,2035
302,Unincorporated - Sand Canyon,34.399939,-118.402092,17,5519,15606,0,0,0,308
303,Unincorporated - Santa Catalina Island,33.371439,-118.418922,164,61423,73704,2,749,1010,267
304,Unincorporated - Santa Monica Mountains,34.081372,-118.741676,719,3861,4349,13,70,71,18621
305,Unincorporated - Saugus,34.476703,-118.475785,132,85161,80859,0,0,0,155
306,Unincorporated - Saugus/Canyon Country,34.474829,-118.42355,40,11236,21386,1,281,353,356
307,Unincorporated - South Antelope Valley,34.506009,-118.090201,28,6154,6941,0,0,0,455
308,Unincorporated - South El Monte,34.04168,-118.027003,348,19387,18820,5,279,367,1795
309,Unincorporated - South San Gabriel,34.04654,-118.089542,942,10646,10069,45,509,325,8848
310,Unincorporated - South Whittier,33.933263,-118.031039,8445,14260,13979,152,257,273,59222
311,Unincorporated - Southeast Antelope Valley,34.523981,-118.02838,79,10115,10767,0,0,0,781
312,Unincorporated - Stevenson Ranch,34.365704,-118.591988,1173,5595,5482,6,29,37,20966
313,Unincorporated - Sun Village,34.571849,-117.937975,955,15822,16230,14,232,268,6036
314,Unincorporated - Sunrise Village,34.010443,-118.060595,195,15046,15604,1,77,63,1296
315,Unincorporated - Twin Lakes/Oat Mountain,34.312952,-118.615373,95,5730,5784,3,181,187,1658
316,Unincorporated - Val Verde,34.443295,-118.678544,339,10245,10012,1,30,50,3309
317,Unincorporated - Valencia,34.469311,-118.559974,199,6478,8107,1,33,23,3072
318,Unincorporated - Valinda,34.039402,-117.931788,3774,16148,15843,71,304,310,23371
319,Unincorporated - View Park/Windsor Hills,33.995636,-118.348841,708,6085,6339,14,120,62,11635
320,Unincorporated - Walnut Park,33.969159,-118.221719,3077,19061,18833,53,328,364,16143
321,Unincorporated - West Antelope Valley,34.764495,-118.571712,57,3772,4930,1,66,28,1511
322,Unincorporated - West Carson,33.825166,-118.292716,2277,10310,9877,136,616,381,22086
323,Unincorporated - West LA,34.055557,-118.455017,234,24580,22397,17,1786,1000,952
324,Unincorporated - West Puente Valley,34.042319,-117.958665,1725,17539,17194,22,224,216,9835
325,Unincorporated - West Rancho Dominguez,33.890656,-118.263075,201,14790,14550,5,368,293,1359
326,Unincorporated - West Whittier/Los Nietos,33.978731,-118.067945,4248,15777,15531,84,312,291,26925
327,Unincorporated - Westfield/Academy Hills,33.777154,-118.356453,44,3385,3594,0,0,0,1300
328,Unincorporated - Westhills,34.192386,-118.66252,42,5006,6021,0,0,0,839
329,Unincorporated - White Fence Farms,34.621624,-118.168018,284,7711,7992,2,54,36,3683
330,Unincorporated - Whittier,34.01183,-118.035023,321,8483,8497,10,264,180,3784
331,Unincorporated - Whittier Narrows,34.034179,-118.062312,14,116667,67362,1,8333,3606,12
332,Unincorporated - Willowbrook,33.919012,-118.236547,6113,17509,17745,92,264,330,34913
333,Unincorporated - Wiseburn,33.909707,-118.365784,521,8644,8506,12,199,178,6027
334,Unincorporated - Charter Oak,34.058593,-117.872684,0,0,0,0,0,0,20
335,Unincorporated - Harbor Gateway,33.852233,-118.29822,0,0,0,0,0,0,1
336,Unincorporated - West Chatsworth,34.225342,-118.660415,0,0,0,0,0,0,12
337,City of Long Beach,33.768683,-118.193374,53607,11076.1926,,945,195.2543886,,483984
338,City of Pasadena,34.147772,-118.144383,11328,6493.588384,,349,200.0584698,,174449