City/Community,Latitude,Longitude,6/26/20,6/27/20,6/28/20,6/29/20,6/30/20,7/1/20,7/2/20,7/5/20,7/6/20,7/7/20,7/8/20,7/9/20,7/10/20,7/11/20,7/12/20,7/13/20,7/14/20,7/15/20,7/16/20,7/17/20,7/18/20,7/19/20,7/20/20,7/21/20,7/22/20,7/23/20,7/24/20,7/25/20,7/26/20,7/27/20,7/28/20,7/29/20,7/30/20,7/31/20,8/1/20,8/2/20,8/3/20,8/4/20,8/5/20,8/6/20,8/7/20,8/8/20,8/9/20,8/10/20,8/11/20,8/12/20,8/13/20,8/14/20,8/15/20,8/16/20,8/17/20,8/18/20,8/19/20,8/20/20,8/21/20,8/22/20,8/23/20,8/24/20,8/25/20,8/26/20,8/27/20,8/28/20,8/29/20,8/30/20,8/31/20,9/1/20,9/2/20,9/3/20,9/4/20,9/5/20,9/6/20,9/7/20,9/8/20,9/9/20,9/10/20,9/11/20,9/12/20,9/13/20
City of Agoura Hills,34.151189,-118.761421,1,1,1,1,1,1,1,1,1,1,1,1,1,1,1,1,1,1,1,1,1,1,1,1,1,1,1,1,1,1,1,2,2,2,2,2,2,2,2,2,2,2,2,2,2,2,2,2,2,2,2,2,2,2,2,2,2,2,2,2,2,2,2,2,2,2,2,2,2,2,2,2,2,2,1,1,1,1
City of Alhambra,34.092668,-118.126349,10,10,10,10,11,10,11,11,11,11,11,11,11,11,11,11,12,13,13,13,14,14,14,14,14,14,14,14,14,14,16,16,16,17,17,17,18,18,18,19,19,19,19,19,20,20,20,20,20,20,20,21,22,23,23,23,23,23,23,23,23,23,23,23,23,24,24,24,24,24,24,24,24,24,25,26,27,27
City of Arcadia,34.137287,-118.038801,8,8,8,8,8,8,9,9,9,9,9,9,10,11,11,11,11,11,12,12,12,12,12,12,12,12,12,12,12,13,13,14,15,15,16,17,17,19,20,20,21,22,22,22,22,22,25,27,27,27,27,28,28,28,30,30,30,30,30,30,30,30,30,30,32,32,31,31,31,31,31,31,31,32,32,32,32,32
City of Artesia,33.867489,-118.080837,2,2,2,2,3,3,3,3,3,3,3,3,3,3,3,3,3,2,3,3,3,3,3,3,3,3,2,2,2,2,2,2,2,3,3,3,3,3,3,3,3,3,3,3,3,3,4,4,4,4,4,4,4,4,4,4,4,4,4,4,4,5,5,5,5,5,5,6,6,6,6,6,6,6,6,7,7,7
City of Avalon,33.333892,-118.33172,0,0,0,0,0,0,0,0,0,0,0,0,0,0,0,0,0,0,0,0,0,0,0,0,0,0,0,0,0,0,0,0,0,0,0,0,0,0,0,0,0,0,0,0,0,0,0,0,0,0,0,0,0,0,0,0,0,0,0,0,0,0,0,0,0,0,0,0,0,0,0,0,0,0,0,0,0,0
City of Azusa,34.132619,-117.906025,8,8,8,8,8,8,8,8,8,8,9,9,9,9,9,9,9,9,9,9,9,9,9,9,12,12,12,12,12,13,13,13,13,13,13,14,14,14,15,15,15,15,15,15,15,15,15,15,15,15,15,15,16,15,15,15,15,15,16,16,17,17,17,17,18,18,18,18,18,18,18,18,18,18,18,19,19,20
City of Baldwin Park,34.082895,-117.972331,11,14,14,14,15,17,18,19,21,26,26,28,28,28,28,31,33,35,33,39,40,41,41,42,46,46,46,45,45,46,47,48,49,52,52,51,51,52,53,54,56,58,58,58,59,61,64,68,68,68,69,69,70,70,71,72,73,73,75,75,75,75,76,76,76,76,76,79,79,79,79,80,80,80,80,80,80,81
City of Bell,33.97979,-118.179821,22,22,22,22,22,22,22,22,22,22,22,22,22,23,23,23,23,24,26,26,26,26,26,26,27,28,28,28,28,28,29,30,30,30,30,30,30,30,31,31,31,32,32,33,34,35,35,35,35,35,35,35,36,36,36,36,36,36,36,36,37,37,37,37,37,37,37,37,37,38,39,40,40,40,40,40,40,40
City of Bell Gardens,33.966123,-118.155274,11,11,11,11,11,12,12,12,12,12,12,12,12,12,12,12,12,12,12,13,13,13,13,13,13,13,14,14,14,14,15,15,16,16,16,17,17,17,17,17,17,17,17,17,18,18,19,19,20,20,20,20,20,20,20,21,21,21,21,21,21,21,21,21,21,21,21,21,21,21,21,21,21,21,21,21,21,21
City of Bellflower,33.887202,-118.126882,28,28,28,28,32,32,34,34,34,34,35,36,36,36,36,36,37,38,39,39,39,39,39,39,39,39,39,42,42,42,42,44,44,46,46,46,46,47,48,48,49,49,49,49,49,49,49,49,51,51,51,51,51,52,53,54,54,55,56,56,56,56,57,57,57,57,56,56,58,58,58,58,58,58,58,58,58,58
City of Beverly Hills,34.077973,-118.401463,6,6,6,6,6,7,7,7,7,7,7,7,7,7,8,8,8,8,8,8,8,8,8,8,8,9,9,9,9,9,9,9,9,10,10,10,10,10,10,10,10,10,10,10,10,10,10,10,10,10,10,10,11,11,11,11,11,11,11,11,11,11,11,11,11,11,11,12,12,12,12,12,12,12,12,12,12,12
City of Bradbury,34.15345,-117.968512,0,0,0,0,0,0,0,0,0,0,0,0,0,0,0,0,0,0,0,0,0,0,0,0,0,0,0,0,0,0,0,0,0,0,0,0,0,0,0,0,0,0,0,0,0,0,0,0,0,0,0,0,0,0,0,0,0,0,0,0,0,0,0,0,0,0,0,0,0,0,0,0,0,0,0,0,0,0
City of Burbank,34.187365,-118.323732,47,47,47,47,47,47,48,48,48,48,48,48,48,48,48,48,48,49,50,50,50,50,50,50,51,51,51,51,51,51,51,51,51,51,51,51,51,51,52,52,52,52,52,52,52,53,54,54,54,54,54,54,54,55,55,55,55,55,55,55,55,55,55,55,55,57,57,57,57,57,57,57,57,57,57,57,57,57
City of Calabasas,34.137358,-118.668533,10,10,10,10,10,10,10,10,11,11,11,11,11,11,11,11,11,11,11,11,11,11,11,11,11,11,11,11,11,11,11,11,11,12,12,12,12,12,12,12,12,12,12,12,12,12,12,12,12,12,12,12,12,12,12,12,12,12,12,12,12,12,12,12,12,12,12,12,12,12,12,12,12,12,12,12,12,12
City of Carson,33.837833,-118.255323,28,28,28,28,28,29,29,29,30,31,31,32,34,34,34,34,34,33,36,36,36,36,36,36,36,38,38,38,38,38,39,39,39,39,40,40,40,40,40,40,40,40,40,40,41,41,43,44,44,44,44,45,47,48,48,48,48,48,48,48,48,48,49,49,49,51,51,54,54,54,54,54,54,54,56,56,56,56
City of Cerritos,33.867515,-118.068483,5,5,5,5,5,5,5,5,5,5,6,6,7,7,7,7,7,7,7,7,7,7,7,7,7,7,8,8,9,9,9,9,9,9,9,9,9,10,10,11,11,12,12,12,12,13,13,13,13,13,13,13,13,13,13,13,13,13,13,13,13,13,13,13,13,13,13,13,13,13,13,13,13,14,14,14,14,14
City of Claremont,34.096047,-117.71686,2,2,3,3,2,2,2,2,2,2,2,2,2,3,3,3,3,3,3,3,3,3,3,4,4,4,4,4,4,4,4,5,5,5,5,5,5,5,5,6,6,6,6,6,7,7,8,8,8,8,8,8,8,8,8,8,8,8,8,8,10,10,10,10,10,10,10,10,10,10,10,10,10,10,10,10,10,10
City of Commerce,33.996161,-118.151913,1,1,1,1,1,1,1,1,1,1,1,1,1,1,1,1,2,2,2,2,2,2,2,2,2,2,2,2,2,3,3,4,4,4,4,4,4,4,4,4,4,4,4,4,4,4,4,4,4,4,4,4,5,7,8,8,9,9,10,10,10,10,10,10,10,10,10,10,10,10,10,10,10,10,11,11,11,11
City of Compton,33.893486,-118.22554,24,24,24,24,24,24,24,24,25,25,25,27,28,28,28,28,28,26,28,29,30,30,30,30,32,32,33,35,35,35,36,38,37,38,43,43,43,43,43,43,44,45,46,46,46,46,46,48,49,49,50,52,53,55,55,55,55,55,56,56,56,56,56,57,57,57,58,59,60,61,61,61,61,65,66,66,67,67
City of Covina,34.089347,-117.88219,8,8,8,9,9,9,9,9,9,9,10,10,11,11,12,12,12,12,11,11,11,11,11,11,11,11,11,11,11,12,12,13,13,13,14,15,15,15,16,16,17,17,17,17,18,18,19,19,20,20,20,21,21,22,22,22,22,22,22,23,24,25,25,25,25,26,27,28,28,28,28,29,29,29,29,30,32,36
City of Cudahy,33.9627,-118.182871,10,10,10,10,10,10,10,10,10,10,10,10,10,10,10,10,10,10,11,11,11,11,11,11,11,12,12,12,12,12,12,12,12,12,12,12,12,12,12,12,12,12,12,12,12,13,14,14,14,14,14,15,15,15,15,15,15,15,15,15,15,15,15,15,15,15,15,15,15,15,15,15,15,15,15,15,15,15
City of Culver City,34.005741,-118.39677,26,26,26,26,26,26,27,27,27,27,27,27,27,27,27,27,27,27,27,27,27,27,27,27,27,27,27,27,27,27,27,28,29,29,29,29,29,29,29,29,29,29,29,29,29,29,29,29,29,29,29,29,29,29,29,29,29,29,29,29,29,29,29,29,29,29,29,29,29,29,29,29,29,29,29,29,29,29
City of Diamond Bar,33.998945,-117.816083,3,3,3,3,4,4,4,4,4,4,4,4,4,4,4,4,4,4,4,4,4,4,4,4,4,4,4,4,4,5,5,5,5,5,5,5,5,5,5,5,5,5,5,5,5,6,6,7,7,7,7,7,7,7,7,7,7,8,8,8,8,8,8,8,8,8,8,8,9,9,9,9,9,9,9,9,9,9
City of Downey,33.936964,-118.132973,45,45,46,46,46,47,49,50,51,52,52,53,54,55,55,55,56,55,58,59,60,60,60,64,64,64,66,66,66,66,66,67,67,70,72,72,72,72,73,74,75,75,75,75,75,75,75,75,75,75,75,75,75,75,76,76,76,76,77,77,77,78,78,78,78,79,79,81,82,82,82,83,83,82,82,82,83,83
City of Duarte,34.138871,-117.970873,18,18,18,18,18,18,19,19,19,19,20,20,20,22,22,22,23,22,23,23,23,23,23,23,23,23,23,23,23,23,23,24,24,24,24,24,24,24,24,24,24,24,24,24,24,24,24,24,24,24,24,25,25,25,25,25,25,25,25,25,25,25,25,25,25,25,25,25,25,25,25,27,27,28,28,28,28,28
City of El Monte,34.074171,-118.028872,44,44,44,44,45,45,46,47,48,49,51,52,53,57,57,59,68,69,69,74,76,76,76,77,79,81,82,83,83,83,84,87,89,91,94,94,94,96,99,99,101,103,105,106,113,115,117,118,119,119,121,122,123,125,127,129,129,129,129,130,130,131,133,133,133,135,138,141,141,142,142,143,143,145,147,151,151,151
City of El Segundo,33.916558,-118.402125,0,0,0,0,0,0,0,0,0,0,0,0,0,0,0,0,0,0,0,0,0,0,0,0,0,0,0,0,0,0,0,0,0,0,0,0,0,0,0,0,0,0,0,0,0,0,0,0,0,0,0,1,1,1,1,1,1,1,1,1,1,1,1,1,1,1,1,1,1,1,1,1,1,1,1,1,1,1
City of Gardena,33.882398,-118.307513,30,30,30,30,30,30,31,31,31,31,31,31,32,33,33,33,34,32,34,34,34,34,34,34,34,34,34,34,34,34,34,34,34,34,34,34,34,34,35,35,35,35,35,35,36,36,36,37,37,36,36,36,36,36,37,37,37,37,38,40,39,40,40,40,40,41,42,43,43,43,43,43,43,44,46,46,47,47
City of Glendale,34.147289,-118.248237,105,106,106,106,106,108,109,110,111,112,114,114,114,115,116,116,119,120,122,122,122,122,123,125,127,129,130,130,130,130,131,132,134,138,140,140,140,142,142,143,144,145,145,145,145,146,147,148,148,148,149,150,154,155,155,157,157,157,159,160,161,161,161,161,161,162,162,162,163,164,164,165,165,168,170,172,172,172
City of Glendora,34.135797,-117.864654,10,10,10,10,10,10,10,10,11,12,12,13,13,14,14,14,15,15,19,23,23,23,24,26,29,29,30,32,32,32,32,34,36,37,38,38,38,39,42,43,47,49,49,49,50,51,55,55,55,56,56,57,57,58,59,61,61,61,61,61,62,62,63,63,63,63,63,65,65,65,65,65,65,65,65,66,66,66
City of Hawaiian Gardens,33.830252,-118.07306,1,1,1,1,1,1,1,1,1,1,1,1,1,1,1,1,1,1,1,1,1,1,1,1,1,1,1,1,1,1,1,1,1,1,1,1,1,1,1,1,1,1,1,1,1,1,2,2,2,2,2,2,2,2,2,2,2,2,2,2,2,2,2,2,2,2,2,2,2,2,2,2,2,2,2,2,2,2
City of Hawthorne,33.914608,-118.347119,22,22,22,22,22,22,23,23,23,23,25,26,26,26,26,26,26,27,27,28,28,28,28,29,29,29,29,29,29,29,29,29,29,29,29,29,29,29,29,30,30,30,30,30,30,32,32,32,32,33,33,33,34,34,35,36,36,36,37,38,39,39,39,39,39,40,40,40,42,42,42,42,42,42,42,42,42,42
City of Hermosa Beach,33.865584,-118.396413,2,2,2,2,2,2,2,2,2,2,2,2,2,2,2,2,2,2,2,2,2,2,2,2,2,2,2,2,2,2,2,2,2,2,2,2,2,2,2,2,2,2,2,2,3,3,3,3,3,3,3,3,3,3,3,3,3,3,3,4,4,4,4,4,4,4,4,4,4,4,4,4,4,4,4,4,4,4
City of Hidden Hills,34.163756,-118.661141,0,0,0,0,0,0,0,0,0,0,0,0,0,0,0,0,0,0,0,0,0,0,0,0,0,0,0,0,0,0,0,0,0,0,0,0,0,0,0,0,0,0,0,0,0,0,0,0,0,0,0,0,0,0,0,0,0,0,0,0,0,0,0,0,0,0,0,0,0,0,0,0,0,0,0,0,0,0
City of Huntington Park,33.980372,-118.217115,17,17,17,18,18,18,18,18,19,19,19,20,22,23,23,23,24,25,26,29,30,30,30,31,31,31,32,31,31,31,31,32,33,33,33,33,33,33,33,33,33,33,33,33,34,34,35,37,38,38,38,38,39,39,39,39,39,39,39,40,40,40,40,41,43,43,47,47,48,48,48,48,48,49,49,50,51,51
City of Industry,34.006533,-117.923025,2,2,2,2,2,2,2,2,2,2,2,2,2,2,2,2,2,2,2,2,2,2,2,2,2,2,2,2,2,2,2,2,2,2,2,2,2,2,2,2,2,2,2,2,2,2,2,2,2,2,2,2,2,2,2,2,2,2,2,2,2,2,2,2,2,2,2,2,2,2,2,2,2,2,2,2,2,2
City of Inglewood,33.956071,-118.344054,61,61,62,63,63,63,65,65,65,65,65,67,67,67,67,67,67,68,70,70,71,71,71,71,71,73,73,73,74,74,75,76,76,76,76,76,76,78,78,78,78,78,78,80,80,80,81,81,81,81,81,81,81,81,82,82,82,82,82,82,82,82,82,82,82,83,84,84,84,84,84,85,85,85,86,86,86,86
City of Irwindale,34.104517,-117.934167,0,0,0,0,0,0,0,0,0,0,0,0,0,0,0,0,0,0,0,0,0,0,0,0,0,0,0,0,0,0,0,0,0,1,2,2,2,2,2,2,2,2,2,2,2,2,2,2,2,2,2,2,2,2,2,2,2,2,2,2,2,2,2,2,2,2,2,2,2,2,2,2,2,2,2,2,2,2
City of La Canada Flintridge,34.209828,-118.199558,6,6,6,6,6,6,6,6,6,6,6,6,6,6,6,6,6,6,6,6,6,6,6,6,6,6,6,6,6,6,6,6,6,6,6,6,6,6,6,6,7,7,7,7,7,7,7,7,7,7,7,7,7,7,7,7,7,7,7,7,7,7,7,7,7,7,7,7,7,7,7,7,7,7,7,7,7,7
City of La Habra Heights,33.960594,-117.951422,0,0,0,0,0,0,0,0,0,0,0,0,0,0,0,0,0,0,0,0,0,0,0,0,0,0,0,0,0,0,0,0,0,0,0,0,0,0,0,0,0,0,0,0,0,0,0,0,0,0,0,0,0,0,0,0,0,0,0,0,0,0,0,0,0,0,0,0,0,0,0,0,0,0,0,0,0,0
City of La Mirada,33.902264,-118.009463,19,19,19,19,19,19,19,19,19,19,21,21,21,21,21,21,21,21,21,21,21,21,21,21,21,21,22,22,22,22,22,22,22,22,23,23,23,23,23,23,23,23,23,23,23,23,23,24,24,24,24,24,24,24,24,24,24,25,25,25,25,25,25,25,25,25,25,26,26,26,26,26,26,26,26,26,26,26
City of La Puente,34.032205,-117.953359,3,3,3,3,3,3,3,3,3,3,4,4,4,4,4,4,5,5,5,6,7,7,7,7,7,7,7,7,7,7,7,8,8,8,8,8,8,9,9,9,10,11,11,11,12,12,12,12,12,12,12,12,13,15,15,15,15,15,15,15,15,15,16,16,16,16,17,17,17,17,17,17,17,17,17,17,17,17
City of La Verne,34.112079,-117.76505,2,2,2,2,2,2,2,2,2,2,2,2,2,2,2,2,2,2,2,3,3,3,3,3,3,3,3,4,4,4,6,6,6,6,6,7,7,7,7,7,7,8,8,8,9,9,10,10,10,10,10,10,10,10,10,10,10,10,10,10,10,10,10,10,10,10,10,10,10,10,10,10,10,10,10,10,10,10
City of Lakewood,33.847671,-118.133848,7,7,7,7,7,7,7,7,7,7,7,7,7,7,7,7,7,8,7,7,7,7,7,7,8,8,8,7,7,7,7,7,7,7,7,7,7,7,7,7,8,8,8,8,8,8,8,8,8,8,8,8,8,8,9,9,9,9,9,10,10,10,10,10,11,12,12,12,12,12,12,12,12,12,13,13,13,13
City of Lancaster,34.701724,-118.145003,16,16,17,19,19,19,19,20,20,20,21,21,21,21,21,21,21,21,21,23,23,23,23,24,24,24,25,26,26,26,27,27,27,27,28,28,28,30,32,32,31,31,31,31,31,32,32,32,33,33,34,36,36,38,38,37,37,37,37,37,38,38,38,39,39,40,42,42,42,42,42,43,43,44,44,45,45,45
City of Lawndale,33.898468,-118.353944,7,7,7,7,7,7,7,7,7,7,8,7,8,8,8,8,8,8,8,8,8,8,8,8,8,8,8,8,8,8,8,9,9,9,9,9,9,9,9,9,9,9,9,9,9,9,9,9,9,9,9,9,9,9,9,9,9,9,9,9,10,10,10,10,10,10,10,10,10,10,10,10,10,10,10,10,10,10
City of Lomita,33.793505,-118.317638,6,6,6,6,6,6,6,6,6,6,7,7,7,7,7,7,7,7,7,7,7,7,7,7,7,7,7,7,7,7,7,7,7,7,7,7,7,7,7,7,7,7,7,7,7,8,8,8,8,8,8,8,8,8,8,8,8,8,8,8,8,8,8,8,8,8,9,9,9,9,9,9,9,9,9,9,9,9
City of Long Beach,33.768683,-118.193374,123,125,125,125,130,132,133,134,134,136,139,140,141,145,147,147,149,151,156,157,158,158,158,159,160,161,161,161,163,163,163,168,170,176,177,177,177,178,178,180,180,181,181,181,183,184,187,188,189,190,190,190,195,199,200,201,201,201,203,208,209,209,212,216,216,216,217,222,223,227,227,227,227,227,227,230,233,234
City of Lynwood,33.925443,-118.199846,55,55,56,56,56,58,58,59,59,60,60,62,63,64,64,64,65,66,68,68,69,69,69,69,70,72,74,74,74,74,74,77,77,78,78,78,78,78,80,82,82,82,83,83,85,85,85,85,85,85,85,85,85,85,85,85,85,85,85,86,86,87,87,87,87,89,91,92,92,92,92,92,92,93,94,95,95,95
City of Malibu,34.035244,-118.696535,1,1,1,1,1,1,1,1,1,1,2,2,2,2,2,2,2,2,2,2,2,2,2,2,2,2,2,2,2,2,2,2,2,2,2,2,2,2,2,2,2,2,2,2,2,3,3,3,3,3,3,3,3,3,3,3,3,3,3,3,3,3,3,3,3,3,3,3,3,3,3,3,3,3,3,3,3,3
City of Manhattan Beach,33.889363,-118.397237,3,3,3,3,3,3,3,4,4,4,4,4,4,4,4,4,4,4,4,4,4,4,4,4,4,4,4,4,4,4,4,4,4,4,4,4,4,4,4,4,4,4,4,4,4,4,4,4,4,4,4,4,4,4,4,4,4,4,4,4,4,4,4,4,4,5,5,5,5,5,5,5,5,5,5,5,5,5
City of Maywood,33.988398,-118.187642,17,17,17,17,17,17,18,18,19,21,22,22,22,22,22,22,23,22,23,23,24,24,24,25,24,24,24,24,24,24,24,24,25,25,25,26,26,26,27,27,27,27,27,28,28,28,28,29,30,30,30,30,30,30,30,30,30,30,30,30,31,31,31,31,31,31,31,32,32,32,32,32,32,33,33,33,33,33
City of Monrovia,34.147528,-117.999381,28,28,28,28,28,28,28,28,28,28,29,29,29,29,29,29,30,30,30,31,31,31,31,31,32,33,33,33,33,33,33,33,34,34,34,34,34,34,34,34,34,34,34,34,34,34,34,34,34,34,34,34,34,35,35,35,35,35,35,35,36,36,37,37,37,37,37,37,37,37,37,37,37,37,37,37,37,37
City of Montebello,34.015306,-118.11092,26,26,26,27,27,27,27,27,28,28,28,28,28,29,29,29,31,32,32,32,32,32,32,32,32,32,32,32,32,32,32,32,34,34,35,35,35,35,35,35,36,38,38,38,38,38,39,41,41,41,41,41,41,40,40,40,40,40,40,41,42,42,42,42,42,42,43,44,44,44,44,46,46,46,46,46,47,47
City of Monterey Park,34.049478,-118.132381,11,11,11,12,12,12,12,12,12,12,12,12,12,12,12,12,12,12,12,12,12,12,12,12,13,13,15,15,15,15,15,16,16,16,16,16,16,17,17,18,19,20,20,20,21,23,23,23,23,23,23,24,25,26,26,27,28,28,31,34,37,39,39,39,39,42,42,43,43,43,43,43,43,44,44,45,45,45
City of Norwalk,33.906999,-118.083442,26,26,27,27,27,28,29,29,29,30,31,32,32,34,35,35,37,37,37,40,41,41,43,44,44,45,45,45,45,45,45,45,45,45,45,46,46,49,51,53,53,53,54,54,54,56,57,57,57,58,58,58,60,64,65,65,66,66,66,68,68,69,69,69,69,69,69,69,70,70,70,70,70,69,69,70,71,71
City of Palmdale,34.579169,-118.119083,20,20,20,20,20,20,20,20,21,22,22,22,22,23,23,23,25,25,26,26,26,26,26,26,26,27,28,29,29,29,30,31,31,31,32,32,32,32,32,32,34,34,35,35,36,39,40,40,42,43,43,46,46,48,49,50,50,50,51,55,55,56,57,57,58,60,62,64,64,64,64,64,64,65,65,65,65,65
City of Palos Verdes Estates,33.787502,-118.397314,1,1,1,1,1,1,2,2,2,2,2,2,2,2,2,2,2,2,2,2,2,2,2,2,2,2,2,2,2,2,2,2,2,2,2,2,2,2,2,2,2,2,2,2,2,2,2,2,2,2,2,2,2,2,2,2,2,2,2,2,2,2,2,2,2,2,2,2,2,2,2,2,2,2,2,2,2,2
City of Paramount,33.897531,-118.165029,12,12,12,12,12,12,12,12,12,12,12,12,14,14,14,14,15,15,15,15,15,15,15,15,15,17,17,20,20,20,20,20,20,20,20,20,20,20,20,22,22,22,22,22,22,22,22,22,22,22,22,22,22,23,24,25,25,25,25,25,25,25,25,26,26,26,27,27,28,28,28,28,28,28,28,28,28,28
City of Pasadena,34.147772,-118.144383,89,89,89,89,89,91,93,95,96,97,97,97,98,100,100,100,100,101,101,101,101,101,102,102,102,103,104,104,104,104,104,105,105,106,108,108,109,109,110,111,111,111,111,111,111,111,111,111,111,111,111,111,111,111,111,111,111,111,111,111,111,111,111,111,111,111,111,116,117,117,117,117,117,117,117,117,120,120
City of Pico Rivera,33.989581,-118.088477,36,38,39,39,40,40,40,40,41,41,43,44,45,45,45,45,45,44,46,48,48,48,48,48,48,48,49,49,49,49,51,51,52,54,54,54,54,55,56,56,57,57,57,57,56,56,57,59,59,59,59,60,60,61,62,62,62,63,63,63,64,65,66,67,68,68,68,69,70,70,70,70,70,70,71,71,71,71
City of Pomona,34.05829,-117.762727,18,18,19,21,21,21,22,22,25,25,30,31,32,32,33,33,36,37,38,40,42,42,43,45,46,46,48,51,51,51,51,55,56,56,57,57,59,59,61,66,67,69,69,69,73,77,80,79,80,80,82,85,89,92,95,96,96,97,97,101,101,103,104,104,104,104,105,110,111,111,112,112,112,113,113,115,116,116
City of Rancho Palos Verdes,33.745153,-118.404956,12,12,12,12,12,12,12,12,12,12,12,12,12,12,12,12,12,12,12,12,12,12,12,12,12,12,12,12,12,12,12,12,12,12,12,12,12,12,12,12,12,12,12,12,12,12,12,12,12,12,12,12,12,12,12,12,12,12,12,12,12,12,12,12,12,13,13,13,13,13,13,13,13,13,13,13,13,13
City of Redondo Beach,33.845386,-118.388506,8,8,8,9,9,9,9,9,9,9,9,9,9,9,9,9,9,9,9,9,9,9,9,9,9,9,9,9,9,9,9,9,9,9,9,9,9,9,9,9,9,9,9,9,9,9,9,9,9,9,9,9,9,9,9,9,9,9,9,9,9,9,9,9,9,9,9,9,9,9,9,9,9,9,9,9,9,9
City of Rolling Hills,33.760079,-118.347422,0,0,0,0,0,0,0,0,0,0,0,0,0,0,0,0,0,0,0,0,0,0,0,0,0,0,0,0,0,0,0,0,0,0,0,0,0,0,0,0,0,0,0,0,0,0,0,0,0,0,0,0,0,0,0,0,0,0,0,0,0,0,0,0,0,0,0,0,0,0,0,0,0,0,0,0,0,0
City of Rolling Hills Estates,33.78352,-118.353089,2,2,2,2,2,2,2,2,2,2,2,2,2,2,2,2,2,2,2,2,2,2,2,2,2,2,2,2,2,2,2,2,2,2,2,2,2,2,2,2,2,2,2,2,2,2,2,2,2,2,2,2,2,2,2,2,2,2,2,2,2,2,2,2,2,2,2,2,2,2,2,2,2,2,2,2,2,2
City of Rosemead,34.080255,-118.07648,8,8,8,8,8,8,8,8,9,10,10,10,10,10,10,10,11,11,11,11,11,11,11,11,11,12,12,12,12,13,15,15,15,15,17,18,17,17,17,19,19,20,20,20,21,21,21,21,22,22,22,23,23,24,24,24,24,24,24,24,24,24,24,24,24,24,24,24,24,25,25,25,25,25,25,25,25,25
City of San Dimas,34.107113,-117.803513,2,2,2,2,2,2,2,2,2,2,2,2,2,2,2,2,2,2,2,2,2,3,3,3,3,3,3,3,3,3,3,3,4,4,4,4,4,5,8,8,8,10,10,10,10,10,10,10,10,10,10,10,10,10,10,10,10,11,11,11,11,12,12,12,13,14,14,14,14,14,14,14,14,14,14,14,14,14
City of San Fernando,34.284055,-118.438854,11,11,11,11,11,11,11,11,11,12,12,12,12,12,12,12,12,12,12,12,12,12,12,13,13,14,14,14,14,14,14,14,14,15,15,15,15,15,16,16,16,16,16,16,16,17,17,17,17,17,17,17,17,17,17,17,17,17,17,17,18,18,18,18,18,18,18,18,18,18,18,18,18,18,18,18,18,18
City of San Gabriel,34.096429,-118.108061,21,21,21,21,21,21,22,22,22,22,22,22,22,23,23,23,25,25,25,26,26,26,26,26,27,28,28,28,28,28,30,31,32,32,32,33,34,34,35,36,36,36,36,36,36,36,36,36,36,36,36,36,37,37,37,37,37,37,38,39,44,45,45,46,46,48,50,50,53,53,54,54,54,54,54,56,56,57
City of San Marino,34.121248,-118.105733,1,1,1,1,1,1,1,1,1,1,1,1,1,1,1,1,1,1,1,1,1,1,1,1,1,1,1,1,1,1,1,1,1,1,1,1,1,1,1,1,1,1,1,1,1,1,1,1,1,1,1,2,2,2,2,2,2,2,2,2,2,2,2,2,2,2,2,2,2,2,2,2,2,2,2,2,2,2
City of Santa Clarita,34.412654,-118.553711,24,24,24,24,24,25,25,26,27,27,29,30,30,30,31,31,32,34,33,33,33,33,33,33,33,33,33,35,35,35,35,35,34,35,35,35,35,36,37,37,40,40,40,40,40,40,40,40,40,40,40,41,41,41,41,41,41,41,41,42,42,43,43,43,43,43,43,43,44,44,44,44,44,44,45,45,45,45
City of Santa Fe Springs,33.945654,-118.083822,1,1,1,1,1,1,1,1,1,1,1,1,1,1,1,1,1,1,2,2,2,2,2,2,2,2,2,3,3,3,3,3,3,3,3,4,4,4,4,4,4,5,5,5,5,5,5,5,5,5,5,5,5,5,5,5,5,5,5,5,5,5,5,5,5,5,5,5,5,4,4,4,4,4,4,4,4,4
City of Santa Monica,34.011795,-118.491576,29,29,29,29,29,29,29,31,33,33,33,33,33,33,33,33,36,37,35,35,35,35,35,35,36,37,37,37,37,37,37,37,37,37,37,37,37,37,38,38,38,38,38,38,38,38,38,37,37,37,37,37,38,38,39,39,39,39,40,40,40,40,40,40,40,40,40,41,41,43,43,43,43,41,41,41,41,41
City of Sierra Madre,34.16131,-118.058046,2,2,2,2,3,3,3,3,3,3,3,3,3,3,3,3,3,3,3,3,3,3,3,3,3,3,3,3,3,3,3,3,3,3,3,3,3,3,3,3,3,3,3,3,3,3,3,3,3,3,3,3,3,3,3,3,3,3,3,3,3,3,3,3,3,3,3,3,3,3,3,3,3,3,3,3,3,3
City of Signal Hill,33.796699,-118.167731,0,0,0,0,0,0,0,0,0,0,0,0,0,0,0,0,0,0,0,0,0,0,0,0,0,0,0,0,0,0,0,0,0,0,0,0,0,1,1,1,1,1,1,1,1,1,1,1,1,1,1,1,1,1,1,1,1,1,1,1,1,2,2,2,2,2,2,2,2,2,2,2,2,2,2,2,2,2
City of South El Monte,34.045436,-118.046184,5,5,5,6,6,6,6,8,8,8,9,9,10,12,12,12,12,11,12,12,12,12,12,12,12,12,12,12,12,12,12,12,12,12,12,12,12,12,12,12,11,11,11,11,11,11,12,12,12,12,12,12,12,12,12,13,13,13,13,13,14,14,14,14,14,14,14,14,14,14,14,14,14,15,15,15,15,15
City of South Gate,33.955686,-118.205231,33,33,33,33,34,35,36,36,36,36,36,36,37,37,37,37,38,40,39,40,41,41,41,42,42,43,43,44,44,44,46,48,48,48,48,49,50,50,51,54,54,54,54,54,55,55,55,56,56,56,56,56,56,56,57,59,59,59,61,62,62,62,62,62,62,63,64,64,64,65,66,66,67,69,68,70,67,67
City of South Pasadena,34.116008,-118.152108,21,21,22,22,22,22,22,22,22,23,23,23,23,23,23,23,23,23,23,23,23,23,23,23,23,23,23,23,23,23,23,25,25,25,25,25,25,25,25,25,25,25,25,25,25,25,25,25,25,25,26,26,26,26,26,26,26,26,26,26,26,26,26,26,26,26,26,26,26,26,26,26,26,26,27,27,27,27
City of Temple City,34.107566,-118.057936,29,29,29,29,31,31,31,31,32,33,33,33,33,33,33,33,34,34,34,34,34,34,34,34,36,37,37,37,37,37,37,38,38,38,37,37,37,37,38,38,38,38,38,38,38,38,38,40,40,40,40,40,40,40,40,40,40,40,40,40,40,40,40,40,40,40,40,40,40,40,40,40,40,40,40,40,40,41
City of Torrance,33.837073,-118.341361,50,50,50,50,51,52,51,51,51,51,51,51,51,51,51,51,51,51,51,52,53,53,53,53,54,55,56,56,56,57,57,57,57,59,59,59,59,59,60,60,60,60,60,60,61,60,60,60,60,61,61,61,62,62,62,62,62,62,62,64,64,64,64,64,64,64,66,68,68,68,68,68,68,67,67,67,67,67
City of Vernon,34.005188,-118.23187,0,0,0,0,0,0,0,0,0,0,0,0,0,0,0,0,0,0,0,0,0,0,0,0,0,0,0,0,0,0,0,0,0,0,0,0,0,0,0,0,0,0,0,0,0,0,0,0,0,0,0,0,0,0,0,0,0,0,0,0,0,0,0,0,0,0,0,0,0,0,0,0,0,0,0,0,0,0
City of Walnut,34.026332,-117.842314,1,1,1,1,1,1,1,1,1,1,1,1,1,1,1,1,1,1,1,1,1,1,1,1,1,1,1,1,1,1,1,1,1,1,1,1,1,1,2,2,2,2,2,2,2,2,2,2,2,2,2,2,2,3,3,3,3,3,3,3,3,3,3,3,3,3,3,3,3,3,3,3,3,3,4,4,4,4
City of West Covina,34.071623,-117.940172,16,16,17,17,17,17,18,18,18,19,19,19,19,19,19,19,20,19,20,21,21,21,21,21,24,25,25,26,26,26,26,30,31,31,32,32,32,33,34,34,35,38,38,38,39,41,43,46,47,47,48,48,48,49,51,51,51,51,52,53,53,54,54,54,55,55,56,56,57,57,57,58,58,58,59,59,59,59
City of West Hollywood,34.090421,-118.370723,4,4,4,4,4,4,4,4,4,4,4,4,4,4,4,4,4,4,4,4,4,4,4,4,5,5,5,5,5,5,5,5,5,5,5,5,5,5,5,5,5,5,5,5,5,5,5,5,5,5,6,5,5,5,5,5,5,5,5,5,5,5,5,5,5,5,5,5,5,5,5,5,5,5,5,5,5,5
City of Westlake Village,34.144461,-118.798775,0,0,0,0,0,0,0,0,0,0,0,0,0,0,0,0,0,0,0,0,0,0,0,0,0,0,0,0,0,0,0,0,0,0,0,0,0,0,0,0,0,0,0,0,0,0,0,0,0,0,0,0,0,0,0,0,0,0,0,0,0,0,0,0,0,0,0,0,0,0,0,0,0,0,0,0,0,0
City of Whittier,33.974549,-118.033988,13,13,13,13,13,13,13,13,13,13,14,14,14,14,15,15,15,15,14,14,14,14,14,15,15,15,15,16,16,16,16,16,16,16,16,16,16,18,18,18,18,18,18,18,20,21,22,22,23,24,24,24,24,24,24,25,25,25,26,26,26,26,26,26,26,26,27,27,28,29,29,29,29,30,30,31,31,31
City of Los Angeles (inc. all communities),34.05501,-118.246178,1592,1603,1610,1620,1638,1650,1674,1690,1711,1727,1751,1773,1794,1816,1823,1829,1850,1866,1890,1906,1921,1927,1930,1952,1967,1986,2001,2024,2028,2034,2055,2085,2099,2128,2143,2153,2157,2179,2198,2212,2230,2244,2247,2255,2268,2283,2300,2315,2327,2330,2336,2369,2387,2401,2414,2435,2439,2444,2459,2478,2490,2502,2515,2515,2518,2531,2543,2556,2573,2582,2583,2593,2598,2622,2640,2649,2658,2658
Los Angeles - Adams-Normandie,34.029168,-118.302471,3,3,3,3,3,3,3,3,3,3,3,3,3,3,3,3,3,3,3,3,3,3,3,3,3,3,3,3,3,3,3,3,3,3,3,3,3,3,3,3,3,3,3,3,3,3,3,3,3,3,3,3,3,3,3,3,3,3,3,3,3,3,4,4,4,4,4,4,4,4,4,4,4,4,4,4,4,4
Los Angeles - Alsace,34.029518,-118.362359,0,0,0,0,0,0,0,0,0,0,0,0,0,0,0,0,0,0,1,1,1,1,1,1,1,1,1,1,1,1,1,1,1,1,1,1,1,1,1,1,2,2,2,2,2,2,2,2,2,2,2,2,2,2,2,2,2,2,2,2,2,2,2,2,2,2,2,2,2,2,3,3,3,3,3,3,3,3
Los Angeles - Angeles National Forest,34.271741,-118.270808,0,0,0,0,0,0,0,0,0,0,0,0,0,0,0,0,0,0,0,0,0,0,0,0,0,0,0,0,0,0,0,0,0,0,0,0,0,0,0,0,0,0,0,0,0,0,0,0,0,0,0,0,0,0,0,0,0,0,0,0,0,0,0,0,0,0,0,0,0,0,0,0,0,0,0,0,0,0
Los Angeles - Angelino Heights,34.068386,-118.251997,1,1,1,1,1,1,1,1,1,1,1,1,1,1,1,1,1,1,1,1,1,1,1,1,1,1,1,1,1,1,1,1,1,1,1,1,1,1,1,1,1,1,1,1,1,1,1,1,1,1,1,1,1,1,1,1,1,1,1,1,1,1,1,1,1,1,1,1,1,1,1,1,1,1,1,1,1,1
Los Angeles - Arleta,34.24198,-118.432247,10,10,10,10,10,10,10,10,10,10,10,10,10,11,11,11,11,11,12,12,12,12,12,12,12,12,12,15,15,15,16,16,16,16,16,16,16,16,16,17,19,19,19,19,19,19,19,19,20,20,20,21,21,21,21,23,23,23,23,24,24,24,24,24,24,24,25,25,25,25,25,25,25,25,25,25,25,25
Los Angeles - Atwater Village,34.115653,-118.257841,2,2,2,2,2,2,2,2,2,2,3,4,4,4,4,4,4,4,4,4,4,4,4,4,4,4,4,4,4,4,4,4,4,4,4,4,4,4,4,4,4,4,4,4,5,5,5,5,5,5,5,5,5,5,5,5,5,5,5,5,5,5,5,5,5,5,5,6,6,6,6,6,6,6,6,6,6,6
Los Angeles - Baldwin Hills,34.015103,-118.356156,22,22,22,22,22,22,22,22,22,22,22,22,22,23,23,23,23,23,23,23,23,23,23,23,23,23,23,23,23,23,23,23,23,23,23,23,23,23,24,25,25,26,26,26,26,26,26,26,26,26,26,26,26,26,26,26,26,26,26,26,26,26,26,26,26,26,26,26,26,26,26,26,26,26,26,26,26,26
Los Angeles - Bel Air,34.098543,-118.460043,0,0,0,0,0,0,0,0,0,0,0,0,0,0,0,0,0,0,0,0,0,0,0,0,0,0,0,0,0,0,0,0,0,0,0,0,0,0,0,0,0,0,0,0,0,0,0,0,0,0,0,0,0,0,0,0,0,0,0,0,0,0,0,0,0,0,0,0,0,0,0,0,0,0,0,0,0,0
Los Angeles - Beverly Crest,34.112721,-118.424323,2,2,2,2,2,2,2,2,2,2,2,2,2,2,2,2,2,2,2,2,2,2,2,2,2,2,2,2,2,2,2,2,2,2,2,2,2,2,2,2,2,2,2,2,2,2,2,2,2,2,2,2,2,2,2,2,2,2,2,2,2,2,2,2,2,2,2,2,2,2,2,2,2,2,2,2,2,2
Los Angeles - Beverlywood,34.04488,-118.394534,0,0,0,0,0,0,0,0,0,0,0,0,0,0,0,0,0,0,0,0,0,0,0,0,0,0,0,0,0,0,0,0,0,0,0,0,0,0,0,0,0,0,0,0,0,0,0,0,0,0,0,0,0,0,0,0,0,0,0,0,0,0,0,0,0,0,0,0,0,0,0,0,0,0,0,0,0,0
Los Angeles - Boyle Heights,34.037767,-118.205363,24,24,24,24,25,26,28,28,29,30,31,33,34,35,35,35,36,35,37,39,40,40,41,42,42,43,43,44,44,44,45,46,46,47,48,48,48,48,49,50,50,50,50,50,52,52,52,53,53,53,53,54,53,54,55,55,55,55,58,59,59,60,60,60,60,60,60,60,60,61,61,61,61,61,61,61,62,62
Los Angeles - Brentwood,34.085266,-118.486201,2,2,2,2,2,2,2,2,2,2,2,2,2,2,2,2,2,2,3,3,3,3,3,3,3,3,3,3,3,3,3,3,3,3,3,3,3,3,3,3,3,3,3,3,3,3,3,3,3,3,3,3,3,3,3,3,3,3,3,3,3,3,3,3,3,3,3,3,3,3,3,3,3,3,3,3,3,3
Los Angeles - Brookside,34.059099,-118.336275,0,0,0,0,0,0,0,0,0,0,0,0,0,0,0,0,0,0,0,0,0,0,0,0,0,0,0,0,0,0,0,0,0,0,0,0,0,0,0,0,0,0,0,0,0,0,0,0,0,0,0,0,0,0,0,0,0,0,0,0,0,0,0,0,0,0,0,0,0,0,0,0,0,0,0,0,0,0
Los Angeles - Cadillac-Corning,34.042316,-118.381937,1,1,1,1,1,1,1,1,1,1,1,1,1,1,1,1,1,1,1,1,1,1,1,1,1,1,1,1,1,1,1,1,1,1,1,1,1,1,1,1,1,1,1,1,1,1,1,1,1,1,1,1,1,1,1,1,1,1,1,1,1,1,1,1,1,1,1,1,1,1,1,1,1,1,1,1,1,1
Los Angeles - Canoga Park,34.208313,-118.601142,38,39,39,39,39,40,41,41,41,42,42,42,42,43,43,43,45,43,45,46,47,47,47,47,47,47,47,47,47,47,47,48,48,48,48,48,48,48,48,48,49,49,49,49,49,49,49,49,50,50,50,50,51,51,51,52,52,52,52,52,53,53,53,53,53,53,53,56,56,56,56,56,56,57,57,57,57,57
Los Angeles - Carthay,34.071259,-118.372874,8,8,8,8,9,10,10,10,10,10,10,10,10,10,10,10,10,10,10,11,11,11,11,11,11,11,11,11,11,11,11,11,11,11,11,11,11,12,12,12,13,13,13,13,13,13,13,13,13,13,13,13,13,13,13,13,13,14,14,14,14,14,14,14,14,14,14,14,14,14,14,14,14,15,15,15,15,15
Los Angeles - Central,34.016414,-118.25807,19,19,20,20,20,20,21,22,22,22,22,22,23,24,24,24,24,25,25,25,25,25,25,26,26,27,27,29,29,29,30,31,32,34,35,35,35,35,35,35,35,35,35,35,35,35,36,37,37,37,37,37,38,39,39,39,39,39,39,39,39,39,40,40,40,40,40,40,40,41,41,41,41,41,41,41,41,41
Los Angeles - Century City,34.052414,-118.418918,0,0,0,0,0,0,0,0,0,0,0,0,0,0,0,0,0,0,0,0,0,0,0,0,0,0,0,0,0,0,0,0,0,0,0,0,0,0,0,0,0,0,0,0,0,0,0,0,0,0,0,0,0,0,0,0,0,0,0,0,0,0,0,0,0,0,0,0,0,0,0,0,0,0,0,0,0,0
Los Angeles - Century Palms/Cove,33.932513,-118.268073,4,4,4,4,4,4,5,5,5,6,6,6,6,6,6,6,6,8,8,8,8,8,8,8,11,12,12,12,12,12,13,13,13,13,14,14,15,15,15,15,16,16,16,16,16,16,16,16,16,16,16,18,18,18,18,18,18,18,18,18,18,18,18,18,18,18,18,18,18,18,18,19,19,20,21,21,21,21
Los Angeles - Chatsworth,34.256595,-118.596153,32,32,32,32,32,32,32,32,32,32,32,32,32,32,32,32,32,33,33,33,33,33,33,33,33,33,33,33,33,33,33,33,33,33,34,34,34,34,34,34,34,34,34,34,34,34,34,34,34,34,34,34,34,34,34,34,34,34,34,34,34,34,34,34,34,34,34,34,35,35,35,35,35,35,35,35,35,35
Los Angeles - Cheviot Hills,34.041244,-118.409804,1,1,1,2,2,2,2,2,2,2,2,2,2,2,2,2,2,2,2,2,2,2,2,2,2,2,2,2,2,2,2,2,2,2,2,2,2,2,2,2,2,2,2,2,2,2,2,2,2,2,2,2,2,2,2,2,2,2,2,2,2,2,2,2,2,2,2,2,2,2,2,2,2,2,2,2,2,2
Los Angeles - Chinatown,34.061769,-118.241141,1,1,1,1,1,1,1,1,1,1,1,1,1,1,1,1,1,1,1,1,1,1,1,1,1,1,2,2,2,2,2,2,2,2,2,2,2,2,2,2,2,2,2,2,2,2,2,2,2,2,2,2,2,2,3,3,3,3,3,3,3,3,3,3,3,3,3,3,3,3,3,3,3,3,3,3,3,3
Los Angeles - Cloverdale/Cochran,34.039013,-118.356498,5,5,5,5,5,5,5,5,5,5,5,5,5,5,5,5,5,5,5,5,5,5,5,5,5,5,5,5,5,5,5,5,5,5,5,5,5,5,5,5,5,5,5,5,5,5,5,5,5,5,5,5,5,5,5,5,5,5,5,5,5,5,5,5,5,5,5,5,5,5,5,5,5,5,5,5,5,5
Los Angeles - Country Club Park,34.054658,-118.325255,20,20,20,20,20,20,20,20,20,20,20,20,20,20,20,20,20,20,21,21,21,21,21,21,21,22,21,22,22,22,22,22,22,22,22,22,22,22,22,22,22,22,22,22,22,22,22,22,22,22,22,22,22,22,22,22,22,22,22,22,22,22,22,22,22,22,22,22,22,22,22,22,22,22,22,22,22,22
Los Angeles - Crenshaw District,34.023079,-118.335898,2,2,2,2,2,2,2,2,2,2,2,2,2,2,2,2,2,2,2,2,2,2,2,2,2,2,2,2,2,2,2,2,2,2,2,2,2,2,2,2,2,2,2,2,2,2,3,3,3,3,3,3,3,3,3,3,3,3,3,3,3,3,3,3,3,3,3,3,3,3,3,3,3,3,3,3,3,3
Los Angeles - Crestview,34.049756,-118.378614,17,17,17,17,17,17,17,17,17,17,17,17,17,17,17,17,17,17,17,17,17,17,17,17,17,17,17,17,17,17,18,18,19,19,19,19,19,19,19,19,19,20,20,20,20,19,19,19,19,19,19,19,19,19,19,19,19,19,19,20,20,20,20,20,20,20,20,20,20,20,20,20,20,20,20,20,20,20
Los Angeles - Del Rey,33.989676,-118.424085,6,6,6,6,6,6,6,6,6,6,6,6,6,6,6,6,6,6,7,7,7,7,7,7,7,7,7,7,7,7,7,7,7,7,7,7,7,7,7,7,7,7,7,8,8,8,8,8,9,9,9,9,9,9,9,9,9,9,9,9,9,9,9,9,9,9,9,9,9,9,9,9,9,9,9,9,10,10
Los Angeles - Downtown,34.044782,-118.258191,6,7,8,8,8,9,9,9,9,9,10,10,10,10,10,10,10,10,10,11,11,11,11,11,11,11,11,12,12,12,12,12,12,12,12,13,13,13,13,13,13,13,13,13,13,12,12,12,12,12,12,13,13,13,13,13,13,13,13,13,13,13,13,13,13,13,13,13,13,13,13,13,13,13,14,15,15,15
Los Angeles - Eagle Rock,34.134715,-118.205257,16,16,16,16,16,16,16,16,16,16,16,16,16,16,16,16,16,16,16,16,16,16,16,16,16,17,17,17,18,18,18,18,18,18,18,18,18,18,18,17,17,17,17,17,17,17,17,17,17,17,17,17,17,17,17,18,18,18,18,18,18,18,18,18,18,19,19,19,19,19,19,20,20,20,20,23,23,23
Los Angeles - East Hollywood,34.092362,-118.292118,40,40,40,40,40,40,40,40,40,40,41,41,41,41,41,41,41,41,41,41,41,41,41,41,41,41,41,41,41,41,41,42,42,42,42,42,42,43,43,43,43,43,43,43,43,43,43,43,43,43,43,43,43,43,43,43,43,43,43,43,43,43,43,43,43,43,43,43,43,43,43,43,43,43,43,43,43,43
Los Angeles - Echo Park,34.082126,-118.255039,1,1,1,1,1,1,1,1,1,1,2,2,2,2,2,2,2,3,3,3,3,3,3,3,3,3,3,3,3,3,3,3,3,3,3,3,3,3,3,3,3,4,4,4,4,4,4,4,4,4,4,4,4,4,4,4,4,4,4,4,4,4,4,4,4,4,4,4,4,4,4,4,4,4,4,4,4,4
Los Angeles - El Sereno,34.081304,-118.177511,21,21,21,21,22,22,22,22,23,23,23,23,23,23,23,23,23,23,25,25,25,26,26,26,26,27,27,27,27,27,27,27,27,27,27,27,27,27,28,28,28,28,28,28,28,29,29,29,29,29,29,29,29,29,30,30,30,30,31,31,31,31,31,31,31,31,31,31,31,31,31,31,31,31,31,31,31,31
Los Angeles - Elysian Park,34.078172,-118.240281,0,0,0,0,0,0,0,0,0,0,0,0,0,0,0,0,0,0,0,0,0,0,0,0,0,0,0,0,0,0,0,0,0,0,0,0,0,0,0,0,0,0,0,0,0,0,0,0,0,0,0,0,0,0,0,0,0,0,0,0,0,0,0,0,0,0,0,0,0,0,0,0,0,0,0,0,0,0
Los Angeles - Elysian Valley,34.094131,-118.241507,0,0,0,0,0,0,0,0,0,0,0,0,1,1,1,1,1,1,1,1,1,1,1,1,1,1,1,1,1,1,1,1,1,1,1,1,1,1,1,1,1,1,1,1,1,1,1,2,2,2,2,3,3,3,3,3,3,3,3,3,3,3,3,3,3,3,3,3,3,3,3,3,3,3,3,3,3,3
Los Angeles - Encino,34.157137,-118.50121,15,14,14,14,14,14,14,14,14,14,14,14,14,14,14,14,14,14,14,13,13,13,13,13,13,14,14,14,14,14,14,14,14,14,14,14,14,14,14,15,15,15,15,15,15,15,15,15,16,16,16,16,17,17,17,17,17,17,17,17,17,17,17,17,17,17,17,17,17,18,18,18,18,18,18,18,18,18
Los Angeles - Exposition,34.026819,-118.349963,0,0,0,0,0,0,0,0,0,0,0,0,0,0,0,0,0,0,0,0,0,0,0,0,1,1,1,1,1,1,1,1,1,1,1,1,1,1,1,1,1,1,1,1,1,1,1,1,1,1,1,1,1,1,1,1,1,1,1,1,1,1,1,1,1,1,1,1,1,1,1,1,1,2,2,2,2,2
Los Angeles - Exposition Park,34.018567,-118.298121,12,12,12,12,12,12,12,12,13,13,13,13,14,16,16,16,16,16,16,16,16,16,16,17,17,17,17,17,17,17,17,19,19,19,19,19,19,19,19,19,19,19,19,19,19,19,19,19,19,19,19,19,19,19,19,19,19,19,20,20,21,21,21,21,21,21,21,21,21,21,21,21,21,21,21,21,21,22
Los Angeles - Faircrest Heights,34.038906,-118.370833,1,1,1,1,1,1,1,1,1,1,1,1,1,1,1,1,1,1,1,1,1,1,1,1,1,1,1,1,1,1,1,2,2,2,2,2,2,2,2,2,2,2,2,2,2,2,2,2,2,2,2,2,2,2,2,2,2,2,2,2,2,2,2,2,2,2,2,2,2,2,2,2,2,2,2,2,2,2
Los Angeles - Figueroa Park Square,33.932438,-118.287062,0,0,0,0,0,0,0,0,0,0,0,0,0,0,0,0,0,0,0,0,0,0,0,0,0,0,0,0,0,0,0,0,0,0,1,1,1,1,1,1,1,1,1,1,1,2,2,2,2,2,2,3,3,3,3,3,4,4,4,4,4,4,4,4,4,4,4,4,4,4,4,4,4,4,4,4,4,4
Los Angeles - Florence-Firestone,33.97487,-118.26715,15,15,15,15,15,15,15,15,15,15,15,16,17,17,17,17,18,18,19,19,19,19,19,19,19,19,19,19,19,19,19,21,21,21,21,21,21,21,21,22,22,22,22,22,22,23,23,23,23,23,23,23,23,23,23,23,23,23,24,25,25,25,25,25,25,26,26,26,26,26,26,26,26,26,27,27,27,27
Los Angeles - Glassell Park,34.118324,-118.231842,8,8,8,8,8,8,8,8,8,8,8,9,9,9,9,9,9,8,9,9,9,9,9,9,9,9,9,9,9,9,9,9,9,10,10,10,10,10,11,11,11,11,11,11,12,13,13,13,13,13,13,13,13,13,13,13,13,13,13,13,13,13,13,13,13,13,13,13,13,13,13,13,13,13,13,13,13,13
Los Angeles - Gramercy Place,33.950741,-118.310231,2,2,2,2,2,2,2,2,2,2,2,2,2,3,3,3,3,3,3,3,3,3,3,3,3,3,3,3,4,4,4,4,4,4,4,4,4,4,4,4,4,4,4,4,4,4,4,4,4,4,4,4,4,4,4,4,4,4,4,4,4,4,4,4,4,4,4,4,4,4,4,4,4,4,4,4,4,4
Los Angeles - Granada Hills,34.290387,-118.503629,51,51,52,52,54,54,54,55,55,55,56,56,56,56,56,56,56,56,56,56,56,56,56,56,56,56,56,56,56,56,56,56,56,57,57,57,57,58,59,59,60,60,60,60,60,62,62,61,61,61,61,61,61,61,62,62,62,62,62,62,62,62,62,62,62,62,63,63,63,63,63,63,63,63,62,62,63,63
Los Angeles - Green Meadows,33.950768,-118.263271,4,4,4,4,4,4,4,4,4,5,5,5,5,5,5,5,6,6,6,7,7,7,7,7,7,8,8,8,8,8,8,8,8,8,8,8,8,10,10,10,10,10,10,10,10,10,10,10,10,10,10,10,11,11,11,11,11,11,11,11,11,11,11,11,11,11,11,11,11,11,11,11,11,11,11,11,11,11
Los Angeles - Hancock Park,34.06933,-118.328634,2,2,2,2,2,2,2,2,2,2,2,2,2,2,2,2,2,2,2,2,2,2,2,2,2,2,2,2,2,2,3,3,3,3,3,3,3,3,3,3,3,3,3,3,3,3,3,3,3,3,3,3,3,3,3,3,3,3,3,3,3,3,3,3,3,3,3,3,3,3,3,3,3,3,3,3,3,3
Los Angeles - Harbor City,33.781806,-118.294561,7,7,7,7,7,7,7,7,7,8,9,9,9,9,9,9,9,9,9,9,9,9,9,9,9,9,9,9,9,9,9,9,9,9,9,9,9,9,9,9,9,9,9,9,9,9,9,9,9,9,9,9,9,9,10,10,10,10,10,10,10,10,10,10,10,10,10,10,10,10,10,10,10,10,10,10,10,10
Los Angeles - Harbor Gateway,33.861729,-118.294368,7,7,7,7,7,7,7,7,7,8,8,8,8,8,8,8,8,8,8,8,8,8,8,8,8,8,8,8,8,8,8,9,9,9,9,9,10,11,11,11,11,11,11,11,11,11,11,11,11,11,11,12,12,12,12,12,12,12,12,12,12,13,13,13,13,13,13,13,13,13,13,13,13,13,13,13,13,13
Los Angeles - Harbor Pines,33.782678,-118.304552,0,0,0,0,0,0,0,0,0,0,0,0,0,0,0,0,0,0,0,0,0,0,0,0,0,0,0,0,0,0,0,0,0,0,0,0,0,0,0,0,0,0,0,0,0,0,0,0,0,0,0,0,0,0,0,0,0,0,0,0,0,0,0,0,0,0,0,0,0,0,0,0,0,0,0,0,0,0
Los Angeles - Harvard Heights,34.043619,-118.304639,16,16,16,16,16,16,16,16,16,17,17,17,17,18,18,18,18,18,19,19,19,19,19,19,19,19,19,19,19,19,20,21,21,22,22,22,22,22,22,22,22,22,22,22,22,22,22,22,22,22,23,23,23,23,23,23,23,23,23,23,23,23,23,23,23,23,23,23,23,23,23,23,23,23,23,23,23,23
Los Angeles - Harvard Park,33.98197,-118.297633,8,8,8,8,8,8,9,9,9,9,9,10,10,10,10,10,12,12,11,11,12,12,12,13,14,14,15,14,15,15,16,16,16,16,17,17,16,16,16,16,16,16,16,16,16,16,16,16,17,17,17,17,17,17,17,17,17,17,17,18,18,18,18,18,18,18,18,19,20,20,20,20,20,22,22,22,22,22
Los Angeles - Highland Park,34.112176,-118.186688,5,6,6,6,7,7,9,9,9,9,9,10,10,13,13,13,13,16,13,13,13,13,13,16,15,15,15,15,15,15,15,15,15,16,16,16,16,17,17,18,19,18,18,18,18,18,18,18,18,18,18,18,18,18,18,18,18,18,18,18,18,18,19,19,18,18,18,18,19,19,19,19,21,21,21,21,21,21
Los Angeles - Historic Filipinotown,34.070174,-118.271139,8,8,8,8,8,8,8,8,8,8,8,8,8,8,8,8,8,8,8,8,8,8,8,10,10,10,10,10,10,10,11,11,11,11,12,12,13,13,13,13,13,13,13,13,13,13,13,13,13,13,13,13,13,13,13,13,13,13,13,13,13,14,14,14,14,14,14,14,14,14,14,14,14,14,14,14,15,15
Los Angeles - Hollywood,34.101547,-118.337152,6,6,6,6,6,6,6,6,6,6,6,6,6,6,6,6,6,6,6,6,6,6,6,6,6,6,6,6,6,6,8,8,8,9,9,9,9,9,9,9,9,9,9,9,9,9,9,9,9,9,9,10,11,11,11,11,11,11,11,11,11,12,12,12,12,12,13,13,13,13,13,13,13,14,14,14,14,14
Los Angeles - Hollywood Hills,34.120522,-118.346451,5,5,5,5,5,5,5,5,5,6,6,6,6,6,6,6,6,6,6,6,6,6,6,6,6,6,6,6,6,6,6,6,6,6,6,6,6,6,6,6,6,6,6,6,6,6,6,6,6,6,6,6,6,6,6,6,6,7,7,7,7,7,7,7,7,7,7,7,7,7,7,7,7,7,7,7,7,7
Los Angeles - Hyde Park,33.983395,-118.327968,5,5,5,5,5,5,5,5,5,6,7,7,7,8,8,8,8,8,8,8,10,11,11,12,12,12,12,12,12,12,12,12,12,12,12,12,12,12,13,14,14,13,13,14,14,14,14,14,14,14,14,14,14,14,14,14,14,14,14,14,14,14,14,14,14,14,14,14,14,14,14,14,14,14,14,14,14,14
Los Angeles - Jefferson Park,34.024095,-118.322475,1,0,0,0,0,0,0,0,0,0,0,0,0,0,0,0,0,0,0,0,0,0,0,0,0,0,0,0,0,0,0,0,0,0,0,0,0,0,0,0,0,0,0,0,0,0,0,0,0,0,0,0,0,0,0,0,0,0,0,0,0,0,0,0,0,0,0,0,0,0,0,0,0,0,0,0,0,0
Los Angeles - Koreatown,34.054536,-118.304279,18,18,18,18,18,18,18,19,19,19,19,20,20,20,20,20,20,20,20,21,21,21,21,21,21,21,21,22,22,22,21,21,22,23,23,23,23,23,23,23,23,23,23,23,23,23,24,24,24,25,25,25,26,27,27,27,27,27,27,27,27,27,27,27,27,27,27,27,27,27,27,28,28,28,27,27,27,27
Los Angeles - Lafayette Square,34.043442,-118.334834,0,0,0,0,1,1,1,1,1,1,1,1,1,1,1,1,1,1,1,1,1,1,1,2,2,2,2,2,2,2,2,2,2,2,3,3,3,3,3,3,3,3,3,3,3,3,3,3,3,3,3,3,3,3,3,3,3,3,3,3,3,3,3,3,3,3,3,3,3,3,3,3,3,3,3,3,3,3
Los Angeles - Lake Balboa,34.198325,-118.498247,9,9,9,9,9,9,10,10,10,10,10,10,11,11,11,11,11,11,11,12,12,12,12,12,12,12,12,12,12,12,12,12,12,12,12,12,12,13,13,13,13,14,14,14,14,14,14,14,14,14,14,14,15,16,16,16,16,17,17,17,18,18,18,18,18,18,18,18,19,19,19,19,19,19,19,19,19,19
Los Angeles - Lakeview Terrace,34.274612,-118.37751,5,6,6,7,8,8,8,8,8,9,10,9,11,11,11,14,16,16,16,17,17,17,17,17,17,17,17,17,17,18,18,18,19,19,19,19,19,19,20,21,21,21,21,21,21,22,21,21,21,21,21,21,21,21,21,21,21,21,21,21,21,21,21,21,21,21,21,21,21,22,22,22,22,22,23,23,23,23
Los Angeles - Leimert Park,34.005642,-118.324802,2,2,2,2,2,2,2,2,2,2,2,2,2,3,3,3,3,3,3,3,4,4,4,4,4,4,4,4,4,4,4,4,4,4,4,4,4,4,4,4,4,4,4,4,4,4,4,4,4,4,4,5,5,5,5,5,5,5,6,6,7,7,7,7,8,8,8,8,8,8,8,8,8,8,8,8,8,8
Los Angeles - Lincoln Heights,34.081004,-118.20552,29,29,29,29,29,29,31,32,33,33,33,33,34,34,34,35,36,36,36,37,38,38,38,39,40,40,40,40,40,41,41,41,41,41,41,41,41,41,41,41,41,41,41,41,42,43,43,45,45,45,45,45,45,45,45,45,45,46,46,46,46,46,46,46,46,46,46,46,47,47,47,47,47,47,47,47,47,47
Los Angeles - Little Armenia,34.094497,-118.304996,40,40,40,40,40,41,41,42,42,42,42,42,42,43,43,43,43,43,43,43,43,43,43,43,43,43,44,44,44,44,44,44,45,46,46,46,46,46,47,47,47,48,48,48,49,51,51,51,51,51,51,51,51,51,51,51,51,51,51,51,51,51,51,51,51,51,51,51,51,51,51,51,51,51,51,51,51,51
Los Angeles - Little Bangladesh,34.06545,-118.300379,4,4,4,4,4,4,4,4,4,4,4,4,4,4,4,4,4,4,4,4,4,4,4,4,4,4,4,4,4,4,5,5,5,5,5,5,5,5,5,5,5,5,5,5,5,5,5,5,5,5,5,5,5,5,5,5,5,5,5,5,5,5,5,5,5,5,5,5,5,5,5,5,5,5,5,5,5,5
Los Angeles - Little Tokyo,34.046868,-118.241688,2,2,2,2,2,2,2,2,2,2,2,2,2,2,2,2,2,2,2,2,2,2,2,2,2,2,2,2,2,2,2,2,2,2,2,2,2,2,2,2,2,2,2,2,2,2,2,2,2,2,2,2,2,2,2,2,2,2,2,2,2,2,2,2,2,2,2,2,2,2,2,2,2,2,2,2,2,2
Los Angeles - Longwood,34.036019,-118.343513,0,0,0,0,0,0,0,0,0,0,0,0,0,0,0,0,0,0,0,0,0,0,0,0,0,0,0,0,0,0,0,0,0,0,0,0,0,0,0,0,0,0,0,0,0,0,0,0,0,0,0,0,0,0,0,0,0,0,0,0,0,0,0,0,0,0,0,0,0,0,0,0,0,0,0,0,0,0
Los Angeles - Los Feliz,34.131631,-118.299536,1,1,1,1,1,1,1,1,1,2,2,2,2,2,2,2,2,2,2,2,2,2,2,2,2,2,2,2,2,2,2,2,2,2,2,2,2,2,2,2,2,2,2,2,2,2,2,2,2,2,2,2,2,2,2,2,2,2,2,2,2,2,2,2,2,2,2,2,2,2,2,2,2,2,2,2,2,2
Los Angeles - Manchester Square,33.967363,-118.3115,1,1,1,1,1,1,1,1,1,1,1,1,1,1,1,1,1,1,1,1,1,1,1,1,1,1,1,1,1,1,1,1,1,1,1,1,1,1,1,1,1,1,1,1,1,1,1,1,1,1,1,1,1,3,3,3,3,3,3,3,3,3,3,3,3,4,4,4,4,4,4,4,4,4,4,4,4,4
Los Angeles - Mandeville Canyon,34.091782,-118.509091,0,0,0,0,0,0,0,0,0,0,0,0,0,0,0,0,0,0,0,0,0,0,0,0,0,0,0,0,0,0,0,0,0,0,0,0,0,0,0,0,0,0,0,0,0,0,0,0,0,0,0,0,0,0,0,0,0,0,0,0,0,0,0,0,0,0,0,0,0,0,0,0,0,0,0,0,0,0
Los Angeles - Mar Vista,34.013373,-118.437052,5,5,5,5,5,5,5,5,5,5,5,5,5,5,5,5,5,5,5,5,5,5,5,5,5,5,5,5,5,5,5,5,5,5,5,5,5,5,5,5,5,5,5,5,5,5,5,5,5,5,5,5,5,5,5,5,5,5,5,5,5,5,5,5,5,5,5,5,6,6,6,6,6,6,6,6,6,6
Los Angeles - Marina Peninsula,33.972542,-118.46061,0,0,0,0,0,0,0,0,0,0,0,0,0,0,0,0,0,0,0,0,0,0,0,0,0,0,0,0,0,0,0,0,0,0,0,0,0,0,0,0,0,0,0,0,0,0,0,0,0,0,0,0,0,0,0,0,0,0,0,0,0,0,0,0,0,0,0,0,0,0,0,0,0,0,0,0,0,0
Los Angeles - Melrose,34.082861,-118.334547,44,45,45,45,45,45,46,46,46,46,46,46,46,46,46,46,46,47,46,46,46,46,46,46,47,47,47,48,48,48,49,50,50,52,52,54,54,54,55,55,55,56,56,57,56,56,57,57,58,58,58,58,58,59,61,63,63,63,63,64,64,65,67,67,67,68,69,69,69,69,69,69,69,70,70,70,70,70
Los Angeles - Mid-city,34.049434,-118.353784,20,20,20,20,20,20,20,20,20,20,20,20,20,20,20,20,20,20,20,20,20,20,20,20,20,20,20,20,20,20,20,20,20,20,20,20,20,20,20,20,20,20,20,20,20,20,21,21,21,21,21,21,21,21,21,22,22,22,23,23,23,23,23,23,23,23,23,23,23,23,23,24,24,24,24,24,24,24
Los Angeles - Miracle Mile,34.05939,-118.353441,5,5,5,5,5,5,5,5,5,5,5,5,5,5,5,5,5,5,5,5,5,5,5,5,5,5,5,5,5,5,5,5,5,5,5,5,5,5,5,5,5,5,5,5,5,5,5,5,5,5,5,5,5,5,5,5,5,5,5,5,5,5,6,6,6,6,6,6,6,6,6,6,6,6,6,6,6,6
Los Angeles - Mission Hills,34.266501,-118.457461,12,12,12,12,12,12,12,12,12,12,12,12,13,13,13,13,14,14,14,15,16,16,16,16,16,16,16,16,16,17,17,17,17,17,17,17,17,17,17,17,18,18,18,18,18,18,19,19,19,19,19,19,19,21,20,20,20,21,21,23,23,23,23,23,23,24,24,24,25,27,27,27,28,29,30,31,31,31
Los Angeles - Mt. Washington,34.099551,-118.216776,4,4,4,4,4,4,5,5,5,5,5,5,5,5,5,5,6,6,6,6,7,7,7,7,8,8,10,11,11,11,10,11,11,11,11,11,11,11,11,11,11,11,11,11,11,11,11,11,12,12,12,13,13,13,13,13,13,13,14,14,14,14,14,14,14,14,14,15,15,15,15,15,15,16,16,16,16,16
Los Angeles - North Hills,34.238631,-118.478069,28,28,28,29,30,30,32,32,32,32,32,32,32,32,33,33,33,33,33,34,34,34,34,34,34,34,34,34,34,34,34,34,34,34,34,35,35,36,36,37,38,38,38,39,39,38,38,38,38,38,38,40,40,40,40,41,41,41,41,41,42,43,43,43,43,43,43,43,44,44,44,44,44,44,44,44,44,44
Los Angeles - North Hollywood,34.190367,-118.390865,30,30,30,31,32,32,33,34,36,37,37,39,39,39,40,40,41,41,41,41,41,41,41,41,42,42,42,42,42,42,42,42,42,43,43,43,44,46,46,46,46,48,49,49,49,49,50,50,50,50,50,50,51,51,53,53,54,54,54,55,55,56,58,58,59,59,60,60,62,62,62,63,63,63,64,64,64,64
Los Angeles - Northridge,34.237496,-118.528881,34,36,36,36,36,35,35,35,35,35,35,36,36,36,36,36,36,36,36,37,37,37,37,37,37,37,37,38,38,38,38,39,39,39,39,39,39,39,39,39,39,39,39,39,39,40,40,40,40,40,40,40,41,41,41,41,41,41,41,41,41,41,41,41,41,41,41,41,42,42,42,42,42,42,42,42,42,42
Los Angeles - Pacific Palisades,34.044873,-118.530791,3,3,3,3,3,3,3,3,3,3,3,3,3,3,3,3,3,3,3,3,3,3,3,3,3,3,3,3,3,3,3,3,3,3,3,3,3,3,3,3,3,3,3,3,3,4,4,4,4,4,4,4,4,4,4,4,4,4,4,4,4,4,4,4,4,4,4,4,4,4,4,4,4,4,4,4,4,4
Los Angeles - Pacoima,34.265442,-118.416467,21,21,21,21,21,21,21,22,22,22,23,22,23,24,24,24,25,25,25,25,25,25,25,25,28,28,29,29,29,29,29,31,32,34,34,34,34,34,34,33,33,34,34,34,34,34,35,36,37,37,38,39,39,39,39,39,39,39,40,40,40,41,41,41,41,41,41,43,43,43,43,43,44,45,46,47,48,48
Los Angeles - Palisades Highlands,34.089709,-118.549834,0,0,0,0,0,0,0,0,0,0,0,0,0,0,0,0,0,0,0,0,0,0,0,0,0,0,0,0,0,0,0,0,0,0,0,0,0,0,0,0,0,0,0,0,0,0,0,0,0,0,0,0,0,0,0,0,0,0,0,0,0,0,0,0,0,0,0,0,0,0,0,0,0,0,0,0,0,0
Los Angeles - Palms,34.023719,-118.412505,24,24,24,25,25,25,25,25,25,25,26,26,26,26,26,26,26,26,26,26,26,26,26,26,26,26,28,27,27,27,28,28,28,28,28,28,28,28,28,28,28,28,28,28,28,28,28,28,28,28,28,28,28,28,29,29,29,29,29,29,29,29,29,29,29,29,29,29,29,29,29,29,29,29,28,29,29,28
Los Angeles - Panorama City,34.224448,-118.445118,55,55,55,55,55,55,55,55,55,56,56,57,58,59,60,62,63,65,65,66,67,67,67,69,69,70,71,73,73,74,74,75,76,76,76,76,76,76,77,77,78,78,78,80,80,81,82,82,82,82,82,83,83,84,84,84,84,84,85,85,85,86,86,86,86,87,88,87,87,87,87,87,87,87,89,89,89,89
Los Angeles - Park La Brea,34.069657,-118.355482,1,1,1,1,1,1,1,1,1,1,1,1,1,1,1,1,1,1,1,1,1,1,1,1,1,1,1,1,1,1,1,1,1,1,1,1,1,1,1,1,1,1,1,1,1,1,1,1,1,1,1,1,1,1,1,1,1,1,1,1,1,1,1,1,1,1,1,1,1,1,1,1,1,1,1,1,1,1
Los Angeles - Pico-Union,34.045977,-118.280283,65,65,65,65,65,66,66,66,67,67,68,69,69,70,70,70,70,71,72,73,73,73,73,74,75,76,77,78,78,78,78,78,78,78,78,78,78,78,79,80,81,81,81,81,83,83,83,83,83,83,83,85,85,85,85,86,86,86,86,86,87,88,88,88,88,88,90,91,91,91,91,91,91,91,91,92,92,92
Los Angeles - Playa Del Rey,33.960959,-118.448447,0,0,0,0,0,0,0,0,0,0,0,0,0,0,0,0,0,0,0,0,0,0,0,0,0,0,0,0,0,0,0,0,0,0,0,0,0,0,0,0,0,0,0,0,0,0,0,0,0,0,0,0,0,0,0,0,0,0,0,0,0,0,0,0,0,0,0,0,0,0,0,0,0,0,0,0,0,0
Los Angeles - Playa Vista,33.979177,-118.414829,0,0,0,0,0,0,0,0,0,0,0,0,0,0,0,0,0,0,0,0,0,0,0,0,0,0,0,0,0,0,0,0,0,0,0,0,0,0,0,0,0,0,0,0,0,0,0,0,0,0,0,0,0,0,0,0,0,0,0,0,0,0,0,0,0,0,0,0,0,0,0,0,0,0,0,0,0,0
Los Angeles - Porter Ranch,34.279442,-118.557334,6,6,6,6,6,6,6,6,6,6,6,6,6,6,6,6,6,6,6,6,6,6,6,6,6,6,6,6,6,6,6,6,6,6,6,6,6,6,6,6,6,6,6,6,6,6,6,6,6,6,6,6,6,6,6,6,6,6,6,6,6,6,6,6,6,6,6,6,6,6,6,6,6,6,6,6,6,6
Los Angeles - Rancho Park,34.037135,-118.429312,0,0,0,1,1,1,1,1,1,1,1,1,1,1,1,1,1,1,1,1,1,1,1,1,1,1,1,1,1,1,1,1,1,1,1,1,1,1,1,1,1,1,1,1,1,1,1,1,1,1,1,1,1,1,1,1,1,1,1,1,1,1,1,1,1,1,1,1,1,1,1,1,1,1,1,1,1,1
Los Angeles - Regent Square,34.032868,-118.383135,0,0,0,0,0,0,0,0,0,0,0,0,0,0,0,0,0,0,0,0,0,0,0,0,0,0,0,0,0,0,0,0,0,0,0,0,0,0,0,0,0,0,0,0,0,0,0,0,0,0,0,0,0,0,0,0,0,0,0,0,0,0,0,0,0,0,0,0,0,0,0,0,0,0,0,0,0,0
Los Angeles - Reseda,34.198583,-118.538493,46,47,47,47,47,49,49,49,50,50,52,52,53,53,53,53,53,53,54,55,56,56,56,57,58,58,59,59,59,60,60,61,62,63,63,63,63,63,63,63,63,63,63,63,65,66,66,66,67,67,67,69,70,71,71,73,73,73,73,74,74,74,74,74,75,76,76,76,76,76,76,76,76,76,77,78,78,78
Los Angeles - Reseda Ranch,34.215335,-118.552912,0,0,0,0,0,0,0,0,0,0,0,0,0,0,0,0,0,0,0,0,0,0,0,0,0,0,0,0,0,0,0,0,0,0,0,0,0,0,0,0,0,0,0,0,0,0,0,0,0,0,0,0,0,0,0,0,0,0,0,0,0,0,0,0,0,0,0,0,0,0,0,0,0,0,0,0,0,0
Los Angeles - Reynier Village,34.036199,-118.387224,0,0,0,0,0,0,0,0,0,0,0,0,0,0,0,0,0,0,0,0,0,0,0,0,0,0,0,0,0,0,0,0,0,0,0,0,0,0,0,0,0,0,0,0,0,0,0,0,0,0,0,0,0,0,0,0,0,0,0,0,0,0,0,0,0,0,0,0,0,0,0,0,0,0,0,0,0,0
Los Angeles - San Pedro,33.735148,-118.295414,21,21,21,21,21,21,21,22,22,22,22,22,22,22,22,22,22,22,22,22,22,23,23,23,23,23,23,23,23,23,23,23,23,23,23,23,23,23,23,23,24,24,24,25,25,25,25,25,25,25,25,25,25,25,25,25,25,25,25,25,25,25,26,26,26,26,26,26,26,26,26,26,26,27,27,27,27,27
Los Angeles - Shadow Hills,34.254228,-118.360596,0,0,0,0,0,0,0,0,0,0,0,0,0,0,0,0,0,0,0,0,0,0,0,0,0,0,0,0,0,0,0,0,0,0,0,0,0,0,0,0,0,0,0,0,0,0,0,0,0,0,0,0,0,0,0,0,0,0,0,0,0,0,0,0,0,0,0,0,0,0,0,0,0,0,0,0,0,0
Los Angeles - Sherman Oaks,34.151808,-118.438938,14,14,14,14,14,14,14,14,14,14,14,14,14,14,14,14,14,13,14,14,14,14,14,14,14,14,14,14,14,14,14,15,14,14,15,15,15,15,15,15,15,16,16,16,16,16,16,17,17,17,17,18,18,18,18,19,19,19,19,19,19,19,19,19,19,21,21,23,24,24,24,24,24,24,25,25,25,25
Los Angeles - Silverlake,34.095745,-118.270619,14,14,14,14,14,14,14,14,14,14,14,14,14,14,14,14,14,14,14,14,14,14,14,14,14,15,15,16,16,16,16,16,16,16,16,16,16,16,16,16,16,16,16,16,16,16,16,16,16,16,16,16,16,16,16,17,17,17,17,17,17,17,17,17,17,17,17,17,17,17,17,17,17,18,18,18,18,18
Los Angeles - South Carthay,34.057071,-118.375161,1,1,1,1,1,1,1,1,1,1,1,1,1,1,1,1,1,1,1,1,1,1,1,1,1,1,1,1,1,1,1,1,1,1,1,1,1,1,1,1,1,1,1,1,1,1,1,1,1,1,1,1,1,1,1,1,1,1,2,2,2,2,2,2,2,2,2,2,2,2,2,2,2,2,2,2,2,2
Los Angeles - South Park,33.999632,-118.273942,14,14,14,14,14,15,15,15,15,15,15,15,15,15,15,15,16,16,18,18,18,18,19,20,20,21,21,21,21,21,21,21,21,21,21,21,21,22,23,23,23,23,23,23,23,23,24,24,24,24,25,26,26,26,26,27,27,27,27,27,27,27,27,27,27,27,27,27,27,27,27,27,27,28,28,28,28,28
Los Angeles - St Elmo Village,34.042923,-118.342309,6,6,6,6,6,6,6,6,6,6,6,7,7,7,7,7,7,7,7,7,7,7,7,7,7,7,7,7,7,7,8,8,8,8,8,9,8,8,8,8,8,8,8,8,8,8,8,8,8,8,8,8,8,8,8,8,8,8,8,8,8,8,8,8,8,8,8,8,8,8,8,8,8,8,8,8,8,8
Los Angeles - Studio City,34.137095,-118.388941,8,8,8,8,8,8,8,8,8,8,8,8,9,9,9,9,9,9,9,9,9,9,9,9,9,10,9,9,9,9,9,9,9,9,9,9,9,9,9,9,9,9,9,9,9,9,9,9,9,10,10,10,10,10,10,10,10,10,10,10,11,11,11,11,11,11,11,11,11,11,11,11,11,11,11,11,11,11
Los Angeles - Sun Valley,34.214573,-118.370525,10,10,10,10,10,10,11,11,11,11,12,12,12,13,13,13,13,13,13,13,13,13,13,14,14,14,15,15,15,15,15,15,15,15,16,16,16,16,17,17,16,17,17,17,17,18,18,21,21,21,21,21,21,21,21,21,21,21,21,21,22,22,22,22,22,22,23,24,24,25,25,26,26,27,28,28,29,29
Los Angeles - Sunland,34.254694,-118.328636,20,20,21,22,22,22,23,23,24,24,24,24,24,24,24,24,24,23,24,24,24,24,24,24,24,24,24,24,24,24,24,24,25,25,25,25,25,25,25,25,25,25,25,25,25,25,25,26,26,26,26,26,26,26,26,26,26,26,26,26,27,27,27,27,27,27,27,27,28,28,28,28,28,28,29,29,29,29
Los Angeles - Sycamore Square,34.05804,-118.34373,0,0,0,0,0,0,0,0,0,0,0,0,0,0,0,0,0,0,0,0,0,0,0,0,0,0,0,0,0,0,0,0,0,0,0,0,0,0,0,0,0,0,0,0,0,0,0,0,0,0,0,0,0,0,0,0,0,0,0,0,0,0,0,0,0,0,0,0,0,0,0,0,0,0,0,0,0,0
Los Angeles - Sylmar,34.312919,-118.447215,53,54,54,54,55,55,55,56,56,55,55,56,56,56,56,56,56,56,57,57,57,57,57,57,57,57,57,58,58,58,58,58,59,62,63,63,63,65,66,68,68,68,68,68,68,69,72,72,72,72,72,73,75,75,75,76,76,76,76,77,77,77,77,77,77,77,78,78,78,79,79,79,79,80,81,81,81,81
Los Angeles - Tarzana,34.157081,-118.549144,26,26,26,26,26,26,26,26,27,27,28,28,29,30,30,30,30,30,30,30,31,31,31,32,32,32,33,33,33,34,34,36,36,36,36,36,36,36,36,36,36,36,37,37,37,37,37,37,37,37,37,37,37,37,37,37,37,37,37,37,37,37,37,37,37,37,37,37,37,37,37,37,37,37,37,37,37,37
Los Angeles - Temple-Beaudry,34.063548,-118.264778,14,14,14,14,14,14,14,14,15,15,16,16,16,16,16,16,16,17,17,17,17,17,17,19,19,19,19,19,19,19,20,21,21,21,21,23,23,23,23,22,23,23,23,23,23,23,23,24,24,24,24,24,24,24,24,25,25,25,25,26,26,26,26,26,26,26,26,26,26,26,26,26,26,26,26,26,26,26
Los Angeles - Thai Town,34.102022,-118.304348,0,0,0,0,0,0,0,0,0,0,0,0,0,0,0,0,0,0,0,0,0,0,0,0,0,0,0,0,0,0,0,0,0,0,0,0,0,0,0,0,0,0,0,0,0,0,0,0,0,0,0,0,0,0,0,0,0,0,0,0,0,0,0,0,0,0,0,0,0,0,0,0,0,0,0,0,0,0
Los Angeles - Toluca Lake,34.150204,-118.357406,0,0,0,0,0,0,0,0,0,0,0,0,0,0,0,0,0,0,0,0,0,0,0,0,0,0,0,0,0,0,0,0,0,0,0,0,0,0,0,0,0,0,0,0,0,0,0,0,0,0,0,0,0,0,0,0,0,0,0,0,0,0,0,0,0,0,0,0,0,0,0,0,0,0,0,0,0,0
Los Angeles - Toluca Terrace,34.166749,-118.358506,1,1,1,1,1,1,1,1,1,1,1,1,1,1,1,1,1,1,1,1,1,1,1,1,1,1,1,1,1,1,1,1,1,1,1,1,1,1,1,1,1,1,1,1,1,1,1,1,1,1,1,1,1,1,1,1,1,1,1,1,1,1,1,1,1,1,1,1,1,1,1,1,1,1,1,1,1,1
Los Angeles - Toluca Woods,34.159363,-118.35782,0,0,0,0,0,0,0,0,0,0,0,0,0,0,0,0,0,0,0,0,0,0,0,0,0,0,0,0,0,0,0,0,0,0,0,0,0,0,0,0,0,0,0,0,0,0,0,0,0,0,0,0,0,0,0,0,0,0,0,0,0,0,0,0,0,0,0,0,0,0,0,0,0,0,0,0,0,0
Los Angeles - Tujunga,34.251243,-118.288445,11,11,11,11,11,11,11,11,11,11,11,11,11,11,11,11,11,11,11,11,11,11,11,11,11,11,11,11,11,11,11,11,11,11,11,11,11,11,11,11,11,11,11,11,11,11,11,11,11,11,12,12,12,12,13,13,13,13,14,14,14,14,14,14,14,14,14,14,14,14,14,14,14,14,14,14,14,14
Los Angeles - University Hills,34.06828,-118.168416,1,1,1,1,1,1,1,1,1,1,1,1,1,1,1,1,1,1,1,1,1,1,1,1,1,1,1,1,1,1,1,1,1,1,1,1,1,1,1,1,1,1,1,1,1,1,1,1,1,1,1,1,1,1,1,1,1,1,1,1,1,1,1,1,1,1,1,1,1,1,1,1,1,1,1,1,1,1
Los Angeles - University Park,34.027987,-118.27881,6,6,6,6,7,7,7,8,8,8,9,10,11,11,11,11,12,14,14,14,14,14,14,14,14,14,14,15,15,15,15,15,15,15,15,15,15,15,15,16,17,17,17,17,17,17,17,17,17,17,17,18,18,18,18,18,19,19,19,19,19,19,19,19,19,19,19,19,19,19,19,19,19,19,19,19,19,19
Los Angeles - Valley Glen,34.182068,-118.426211,9,9,9,9,9,9,9,9,9,9,9,10,11,11,11,11,11,11,11,11,11,12,12,12,12,12,12,12,12,13,13,13,14,14,14,14,14,14,14,14,14,15,15,15,16,16,16,17,17,17,17,17,17,17,17,17,17,17,17,19,19,19,19,19,19,19,19,20,21,21,21,22,22,22,22,22,22,22
Los Angeles - Valley Village,34.163337,-118.39502,21,21,21,21,21,21,22,22,22,22,22,22,22,22,22,22,22,22,22,22,22,22,22,22,22,22,22,22,22,22,22,23,23,23,23,23,24,24,25,25,25,25,25,25,25,25,25,25,25,25,25,25,25,25,25,25,25,25,25,25,25,25,25,25,25,25,25,25,25,25,25,25,25,25,25,25,25,25
Los Angeles - Van Nuys,34.201395,-118.462997,40,40,42,42,42,43,44,44,44,44,45,48,48,48,49,49,49,50,51,51,51,51,51,51,51,54,54,56,55,55,57,58,59,60,60,61,62,63,64,64,64,64,64,65,66,66,66,67,68,68,68,69,70,71,71,71,71,71,71,71,71,71,72,72,72,73,73,73,73,74,74,75,76,77,79,79,82,82
Los Angeles - Venice,33.994031,-118.462553,2,2,2,2,2,2,2,2,2,2,2,2,2,2,2,2,2,2,2,2,2,2,2,2,2,2,2,2,2,2,2,2,2,2,2,2,2,2,2,2,2,2,2,2,2,2,2,2,2,2,2,2,2,2,2,3,3,3,3,3,3,3,3,3,3,3,3,3,3,3,3,3,3,3,3,3,3,3
Los Angeles - Vermont Knolls,33.968094,-118.294918,5,5,5,5,5,5,5,5,6,6,6,6,6,6,6,6,8,8,9,9,9,9,9,9,9,9,10,11,12,12,12,12,11,12,12,12,12,12,12,12,12,12,12,12,12,13,13,13,13,13,13,13,13,13,13,13,13,13,13,13,13,13,13,13,13,13,13,13,13,13,13,13,13,13,13,13,13,13
Los Angeles - Vermont Square,33.999441,-118.298048,2,2,2,2,2,2,2,2,2,2,2,2,2,2,2,2,2,2,2,2,2,2,2,2,2,2,2,2,2,2,2,2,2,2,3,3,3,3,3,3,3,3,3,3,3,3,3,3,3,3,3,3,3,3,3,3,3,3,3,3,3,3,3,3,3,3,3,3,3,3,3,3,3,3,3,3,3,3
Los Angeles - Vermont Vista,33.954252,-118.281528,11,11,11,12,12,12,12,13,13,14,14,14,14,14,14,14,15,16,15,15,16,16,16,16,16,17,17,17,17,17,17,17,18,18,19,20,20,20,21,21,23,23,23,23,23,23,23,23,24,24,24,24,24,24,24,24,24,24,24,24,24,24,24,24,24,24,24,24,24,24,24,24,24,24,24,24,24,24
Los Angeles - Vernon Central,34.000393,-118.251655,17,17,17,18,18,18,18,19,20,21,23,24,24,24,24,24,24,25,26,26,27,27,27,27,27,27,28,29,29,29,29,30,30,30,30,30,30,30,30,30,30,30,30,30,30,30,32,32,32,32,32,35,35,36,36,36,36,36,36,37,37,38,40,40,39,39,39,39,39,39,39,39,39,41,41,41,41,41
Los Angeles - Victoria Park,34.044033,-118.324726,2,2,2,2,2,2,2,2,2,2,2,2,2,2,2,2,2,2,2,2,2,2,2,2,2,2,2,2,2,2,2,2,2,2,2,2,2,2,2,2,2,2,2,2,2,2,3,3,3,3,3,3,3,3,3,3,3,3,3,3,3,3,3,3,3,4,4,4,4,4,4,4,4,4,4,4,4,4
Los Angeles - View Heights,33.985086,-118.348321,2,2,2,2,2,2,2,2,2,2,2,2,2,2,2,2,2,2,2,2,2,2,2,2,2,2,2,2,2,2,2,2,2,2,2,2,2,2,2,2,2,2,2,2,2,2,2,2,2,2,2,2,2,2,2,2,2,2,2,2,2,2,2,2,2,2,2,2,2,2,2,2,2,2,2,2,2,2
Los Angeles - Watts,33.940599,-118.241781,12,12,12,12,12,12,12,12,13,13,13,13,14,14,14,14,14,13,14,14,14,14,14,14,14,14,14,15,15,15,16,17,17,17,17,17,17,17,18,18,18,20,20,20,20,20,20,20,20,20,20,20,20,20,22,22,22,22,22,22,23,23,23,23,23,23,23,23,23,23,23,24,24,27,27,27,27,27
Los Angeles - Wellington Square,34.035885,-118.333668,0,0,0,0,0,0,0,0,0,0,0,0,0,0,0,0,0,0,0,0,0,0,0,0,0,0,0,0,0,0,0,0,0,0,0,0,0,0,0,0,0,0,0,0,0,0,0,0,0,0,0,0,0,0,0,0,0,0,0,0,0,0,0,0,0,0,0,0,0,0,0,0,0,0,0,0,0,0
Los Angeles - West Adams,34.036169,-118.307919,25,26,26,26,26,27,27,27,28,28,28,29,29,29,30,30,29,28,29,30,29,29,29,29,29,29,30,30,30,30,30,31,31,31,31,31,31,32,33,33,33,33,33,33,33,34,34,34,34,34,34,34,34,35,35,36,36,36,36,36,36,36,36,36,36,37,38,38,38,38,38,38,38,38,38,38,38,38
Los Angeles - West Hills,34.211319,-118.635548,22,22,22,22,22,22,23,23,25,25,25,25,25,25,25,25,25,26,26,26,26,26,26,26,27,27,27,27,27,27,30,30,30,30,30,30,30,30,30,30,30,30,30,30,30,30,30,30,30,30,30,30,30,30,30,30,30,30,30,30,30,30,30,30,30,30,30,30,30,30,30,30,30,30,30,30,30,30
Los Angeles - West Los Angeles,34.040358,-118.450027,7,7,7,7,7,7,7,7,7,7,7,8,8,9,9,9,9,10,10,10,10,10,10,10,10,10,10,11,11,11,11,11,11,11,12,12,12,13,13,13,13,13,13,13,13,13,13,13,13,13,13,13,13,13,13,13,13,13,13,13,13,14,14,14,15,16,16,16,16,16,16,16,16,16,16,16,16,16
Los Angeles - West Vernon,33.999278,-118.309388,22,23,23,23,26,26,26,26,26,26,26,27,30,30,30,30,30,30,30,30,30,30,30,30,31,31,32,32,33,33,33,35,35,36,36,36,36,37,37,38,38,38,38,38,38,38,38,38,38,38,38,39,40,40,41,42,42,42,42,43,44,44,44,44,44,44,45,45,45,45,45,45,45,45,47,47,47,47
Los Angeles - Westchester,33.952314,-118.406497,11,11,11,11,11,11,11,11,12,12,12,12,12,12,12,12,12,11,12,12,12,12,12,12,12,12,12,12,12,12,12,12,13,13,13,13,13,13,13,13,13,13,13,13,13,13,13,13,13,13,13,13,13,13,13,13,13,13,13,14,15,15,15,15,15,15,15,15,15,15,15,15,15,15,15,15,15,15
Los Angeles - Westlake,34.057106,-118.272349,98,98,99,99,99,99,101,103,106,106,107,108,108,108,109,109,110,112,111,111,113,113,113,114,114,114,114,114,114,114,115,116,116,120,120,121,121,124,124,126,126,128,128,128,128,128,129,130,131,131,132,132,134,134,135,136,137,137,137,137,137,137,138,138,138,138,138,138,139,139,139,139,139,140,142,142,142,142
Los Angeles - Westwood,34.06604,-118.43853,5,5,5,5,5,5,5,5,5,5,5,5,5,5,5,5,5,5,5,5,5,5,5,5,5,5,5,5,5,5,5,5,5,5,5,5,5,5,5,5,5,5,5,5,5,5,5,5,5,5,6,6,6,6,6,6,6,6,6,6,6,6,6,6,6,6,6,6,6,6,6,6,6,6,6,6,6,6
Los Angeles - Wholesale District,34.041536,-118.23326,10,10,10,11,12,12,13,14,14,15,15,15,15,15,16,16,17,17,20,19,19,19,20,20,20,21,21,21,21,20,20,20,21,22,23,23,23,23,23,23,23,23,23,23,23,23,23,23,23,23,23,23,26,27,27,27,27,27,24,25,25,25,25,25,25,25,25,25,26,26,26,26,26,26,26,26,26,26
Los Angeles - Wilmington,33.785903,-118.253219,6,6,6,6,7,7,7,7,7,7,9,8,8,8,8,8,8,8,8,8,8,9,9,9,9,9,9,9,9,9,9,9,9,9,9,9,9,9,9,9,10,10,10,10,10,10,11,11,11,11,11,12,12,12,12,12,12,12,15,15,15,15,15,15,15,15,15,15,15,15,15,16,16,17,17,17,17,17
Los Angeles - Wilshire Center,34.061749,-118.289292,24,24,24,24,24,25,25,25,25,25,25,25,25,25,25,25,25,26,26,26,26,26,26,26,26,26,26,26,26,26,26,27,27,29,29,29,29,29,29,30,30,30,30,30,30,30,30,31,31,31,31,32,32,33,33,33,33,33,33,33,33,33,33,33,33,33,33,33,33,33,33,33,33,33,34,34,34,34
Los Angeles - Winnetka,34.212542,-118.575815,5,6,6,6,6,7,7,7,8,8,8,8,8,8,8,8,8,9,10,10,10,10,10,10,10,11,11,11,11,11,11,11,12,12,12,12,12,13,13,13,13,13,14,14,14,14,14,14,14,15,15,15,15,15,15,16,16,16,16,16,16,16,16,16,16,16,16,16,17,17,17,17,17,17,17,17,17,17
Los Angeles - Woodland Hills,34.167672,-118.60534,16,17,17,17,18,18,18,18,18,18,18,18,18,19,19,19,19,20,20,21,21,22,22,22,22,22,22,23,23,23,23,22,22,22,22,22,22,22,22,22,22,22,22,22,23,23,23,23,23,23,23,26,26,24,24,24,24,24,26,27,27,27,27,27,28,28,28,29,29,29,29,29,29,29,29,29,29,29
Unincorporated - Acton,34.482033,-118.208203,2,2,2,2,2,2,2,2,2,2,2,2,2,2,2,2,2,2,2,2,2,2,2,2,2,2,2,2,2,2,2,2,2,2,2,2,2,2,2,2,2,2,2,2,2,2,2,2,2,2,2,2,2,2,2,2,2,2,2,2,2,2,2,2,2,2,2,2,2,2,2,2,2,2,2,2,2,2
Unincorporated - Agua Dulce,34.49836,-118.330912,0,0,0,0,0,0,0,0,0,0,0,0,0,0,0,0,0,0,0,0,0,0,0,0,0,0,0,0,0,0,0,0,0,0,0,0,0,0,0,0,0,0,0,0,0,0,0,0,0,0,0,0,0,0,0,0,0,0,0,0,0,0,0,0,0,0,0,0,0,0,0,0,0,0,0,0,0,0
Unincorporated - Altadena,34.193547,-118.136022,7,6,6,6,6,6,7,7,7,8,7,8,10,10,10,10,11,11,11,11,11,11,11,11,11,11,11,11,11,11,11,11,11,11,11,11,11,11,13,13,13,13,13,13,13,13,13,13,13,13,13,13,13,13,13,13,13,13,13,13,13,13,13,13,13,13,13,8,13,13,13,13,13,13,13,13,13,13
Unincorporated - Anaverde,34.536921,-118.13245,0,0,0,0,0,0,0,0,0,0,0,0,0,0,0,0,0,0,0,0,0,0,0,0,0,0,0,0,0,0,0,0,0,0,0,0,0,0,0,0,0,0,0,0,0,0,0,0,0,0,0,0,0,0,0,0,0,0,0,0,0,0,0,0,0,0,0,0,0,0,0,0,0,0,0,0,0,0
Unincorporated - Angeles National Forest,34.320443,-118.002386,0,0,0,0,0,0,0,0,0,0,0,0,0,0,0,0,0,0,0,0,0,0,0,0,0,0,0,0,0,0,0,0,0,0,0,0,0,0,0,0,0,0,0,0,0,0,0,0,0,0,0,0,0,0,0,0,0,0,0,0,0,0,0,0,0,0,0,0,0,0,0,0,0,0,0,0,0,0
Unincorporated - Arcadia,34.108393,-118.014081,1,0,0,0,0,0,0,0,0,0,0,0,0,0,0,0,0,0,0,0,0,0,0,0,0,0,1,1,1,1,1,1,1,1,1,1,1,1,1,2,2,2,2,2,2,2,2,2,2,2,2,2,2,2,2,2,2,2,2,2,2,2,2,2,2,3,3,3,3,3,3,3,3,3,3,3,3,3
Unincorporated - Athens-Westmont,33.93413,-118.302612,10,10,11,11,11,11,11,11,11,11,11,11,11,12,12,12,12,12,13,13,13,13,13,13,14,15,16,16,16,16,17,17,17,17,19,19,19,20,20,20,20,21,21,22,22,22,23,23,23,23,23,23,23,23,24,24,24,24,24,24,25,25,25,25,25,25,25,25,25,25,25,25,25,27,27,27,27,27
Unincorporated - Athens Village,33.919744,-118.273945,4,4,5,5,5,5,5,5,5,5,5,5,5,5,5,5,5,5,5,5,5,5,5,5,5,5,5,5,5,5,5,6,6,6,6,6,6,6,6,6,6,6,6,6,6,6,6,7,7,7,8,9,9,9,9,9,9,9,9,9,9,9,9,9,9,9,10,10,10,10,10,10,10,10,10,10,10,10
Unincorporated - Avocado Heights,34.038608,-117.989237,1,1,1,1,1,1,1,1,1,1,1,1,1,1,1,1,1,1,1,1,1,1,1,1,1,1,1,1,1,1,1,1,1,1,1,1,1,1,1,1,2,2,2,2,2,2,2,2,2,2,2,2,2,2,2,2,2,2,2,2,2,2,2,2,2,2,2,2,2,2,2,2,2,3,3,3,3,3
Unincorporated - Azusa,34.113002,-117.896106,2,2,2,2,2,2,2,2,2,2,2,2,2,2,2,2,2,2,2,2,2,2,2,2,2,2,2,2,2,2,2,2,2,2,2,2,2,2,2,2,2,2,2,2,2,2,2,2,2,2,2,2,2,2,2,2,2,2,2,2,2,2,2,2,3,3,3,3,3,3,3,3,3,3,3,3,3,3
Unincorporated - Bassett,34.058473,-117.978678,5,5,5,5,5,5,5,5,6,6,6,6,7,7,7,7,7,7,7,7,7,7,7,7,7,7,7,7,7,7,7,7,7,7,8,8,8,8,8,8,8,8,8,9,9,9,9,9,9,9,9,9,9,9,9,9,9,9,9,9,9,9,9,9,9,9,9,9,9,9,9,9,9,9,9,9,9,9
Unincorporated - Bouquet Canyon,34.591679,-118.360703,1,1,1,1,1,1,1,1,1,1,1,1,1,1,1,1,1,1,1,1,1,1,1,1,1,1,1,1,1,1,1,1,1,1,1,1,1,1,1,1,1,1,1,1,1,1,1,1,1,1,1,1,1,1,1,1,1,1,1,1,1,1,1,1,1,1,1,1,1,1,1,1,1,1,1,1,1,1
Unincorporated - Bradbury,34.144843,-117.967795,0,0,0,0,0,0,0,0,0,0,0,0,0,0,0,0,0,0,0,1,1,1,1,1,1,1,1,1,1,1,1,1,1,1,1,1,1,1,1,1,1,1,1,1,1,1,1,1,1,1,1,1,1,1,1,1,1,1,1,1,1,1,1,1,1,1,1,1,1,1,1,1,1,1,1,1,1,1
Unincorporated - Canyon Country,34.463007,-118.437618,0,0,0,0,0,0,0,0,0,0,0,0,0,0,0,0,0,0,0,0,0,0,0,0,0,0,0,0,0,0,0,0,0,0,0,0,0,0,0,0,0,0,0,0,0,0,0,0,0,0,0,0,0,0,0,0,0,0,0,0,0,0,0,0,0,0,0,0,0,0,0,0,0,0,0,0,0,0
Unincorporated - Castaic,34.609083,-118.626573,2,2,2,2,2,2,2,2,2,2,2,2,2,2,2,2,2,2,2,2,2,2,2,2,2,2,2,2,2,2,3,4,4,4,4,4,4,4,4,4,4,4,4,4,4,4,4,4,4,4,4,4,4,4,4,5,5,5,5,5,5,5,5,5,5,5,5,5,4,4,4,4,3,3,3,4,4,4
Unincorporated - Cerritos,33.879413,-118.093527,,,,,,,,,,,,,0,0,0,0,0,0,0,0,0,0,0,0,0,0,0,0,0,0,0,0,0,0,0,0,0,0,0,0,0,0,0,0,0,0,0,0,0,0,0,0,0,0,0,0,0,0,0,0,0,0,0,0,0,0,0,0,0,0,0,0,0,0,0,0,0,0
Unincorporated - Claremont,34.160321,-117.704441,,,,,,,,,0,0,0,0,0,0,0,0,0,0,0,0,0,0,0,0,0,0,0,0,0,0,0,0,0,0,0,0,0,0,0,0,0,0,0,0,0,0,0,0,0,0,0,0,0,0,0,0,0,0,0,1,1,1,1,1,1,1,1,1,1,1,1,1,1,2,2,3,3,3
Unincorporated - Covina,34.068396,-117.852435,1,1,1,1,1,1,1,1,1,1,2,2,2,2,2,2,2,2,2,2,2,2,2,2,3,3,3,3,3,3,3,4,4,4,4,4,4,4,4,4,4,4,4,4,4,5,5,5,5,5,5,5,5,5,5,5,5,5,5,6,6,6,6,6,6,6,6,6,6,6,6,6,6,6,6,6,6,6
Unincorporated - Covina (Charter Oak),34.104717,-117.861669,0,0,0,0,0,0,0,0,0,0,0,0,0,0,0,0,0,0,0,0,0,0,0,0,0,0,0,0,0,0,0,0,0,0,0,0,0,0,0,0,1,1,1,1,1,1,1,1,1,1,1,1,1,1,1,1,1,1,1,1,1,1,1,1,1,1,1,1,1,1,1,1,1,1,1,2,2,2
Unincorporated - Del Aire,33.922302,-118.372261,1,1,1,1,1,1,1,1,1,1,1,1,1,1,1,1,1,1,1,1,1,1,1,1,1,1,1,1,1,1,1,1,1,1,1,1,1,1,1,1,1,1,1,1,1,1,1,2,2,2,2,2,2,2,2,2,2,2,2,2,2,2,2,2,2,2,2,2,2,2,2,2,2,2,2,2,2,2
Unincorporated - Del Rey,33.98265,-118.412366,0,0,0,0,0,0,0,0,0,0,0,0,0,0,0,0,0,0,0,0,0,0,0,0,0,0,0,0,0,0,0,0,0,0,0,0,0,0,0,0,0,0,0,0,0,0,0,0,0,0,0,0,0,0,0,0,0,0,0,0,0,0,0,0,0,0,0,0,0,0,0,0,0,0,0,0,0,0
Unincorporated - Del Sur,34.757167,-118.282651,1,1,1,1,1,1,1,1,1,1,1,1,1,1,1,1,1,1,1,1,1,1,1,1,1,1,1,1,1,1,1,1,1,1,1,1,1,1,1,1,1,1,1,1,1,1,1,1,1,1,1,1,1,1,1,1,1,1,1,1,1,1,1,1,1,1,1,1,1,1,1,1,1,1,1,1,1,1
Unincorporated - Desert View Highlands,34.589308,-118.153561,1,1,1,1,1,1,1,1,1,1,1,1,1,1,1,1,1,1,1,1,1,1,1,1,1,1,1,1,1,1,1,1,1,1,1,1,1,1,1,1,1,1,1,1,1,1,1,1,1,1,1,1,1,1,1,1,1,1,1,1,1,1,1,1,1,1,1,1,1,1,1,1,1,1,1,1,1,1
Unincorporated - Duarte,34.124147,-117.993223,1,1,1,1,1,1,1,1,1,1,1,1,1,1,1,1,1,1,1,1,2,2,2,2,2,2,2,2,2,2,2,2,2,2,2,2,2,2,2,2,2,2,2,2,2,2,2,2,2,2,2,2,2,2,2,3,3,3,3,4,4,4,4,4,4,4,4,4,4,4,4,4,4,4,4,4,4,4
Unincorporated - East Covina,34.088015,-117.835411,,,,,,,,,,,,,,,,,0,0,0,0,0,0,0,0,0,0,0,0,0,0,0,0,0,0,0,0,0,0,0,0,0,0,0,0,0,0,0,0,0,0,0,0,0,0,0,0,0,0,0,0,0,0,0,0,0,0,0,0,0,0,0,0,0,0,0,0,0,0
Unincorporated - East La Mirada,33.921757,-117.983975,0,0,0,0,0,0,0,0,0,0,0,0,0,0,0,0,0,0,0,0,0,0,0,0,0,0,0,0,0,0,0,0,0,0,0,0,0,0,0,0,0,0,0,0,0,0,0,0,0,0,0,0,0,0,0,0,0,0,0,0,0,0,0,0,0,0,0,0,0,0,0,0,0,0,0,0,0,0
Unincorporated - East Los Angeles,34.03227,-118.169557,54,56,56,56,59,59,59,60,60,61,62,63,64,65,65,66,67,67,68,68,69,69,69,69,69,69,69,69,69,69,69,69,69,71,72,72,72,72,73,73,75,77,77,78,79,81,81,80,80,81,81,82,82,84,85,86,86,87,90,90,90,91,91,91,91,92,94,94,95,95,95,95,95,98,99,100,101,101
Unincorporated - East Pasadena,34.137943,-118.076517,0,0,0,0,1,1,1,1,1,1,1,1,1,1,1,1,1,1,1,1,1,1,1,1,1,1,1,1,1,1,1,1,1,1,1,1,1,1,1,1,1,1,1,1,1,1,1,1,1,1,1,1,1,1,1,1,1,1,1,1,1,1,1,1,1,1,1,0,1,1,1,1,1,1,1,1,1,1
Unincorporated - East Rancho Dominguez,33.893982,-118.194375,3,3,3,3,3,3,3,3,3,4,4,4,6,6,6,6,6,6,6,6,6,6,6,6,6,6,6,7,7,7,7,7,7,9,9,9,9,9,9,9,9,9,9,9,10,10,10,10,10,10,10,10,10,10,10,10,10,10,10,10,10,10,10,10,11,11,12,12,12,13,13,13,14,14,14,14,14,14
Unincorporated - East Whittier,33.927628,-117.994355,0,0,0,0,0,0,0,0,0,0,0,0,0,0,0,0,0,0,0,0,0,0,0,0,0,0,0,0,0,0,0,0,0,0,0,0,0,0,0,0,0,0,0,0,0,0,0,0,0,0,0,0,0,0,0,0,0,0,0,0,0,0,0,0,0,0,0,0,0,0,0,0,0,0,0,0,0,0
Unincorporated - El Camino Village,33.887095,-118.335495,2,2,2,2,2,2,2,2,2,2,2,2,2,2,2,2,2,2,2,2,2,2,2,2,2,2,2,3,3,3,3,3,3,3,3,3,3,3,3,3,3,3,3,3,3,3,3,3,3,3,3,3,3,3,3,3,3,3,3,3,3,3,3,3,3,3,3,3,3,3,3,3,3,3,3,3,3,3
Unincorporated - El Monte,34.063283,-118.060455,0,0,0,0,0,0,0,0,0,0,0,0,0,0,0,0,0,0,0,0,0,0,0,0,0,0,0,0,0,0,0,0,0,0,0,0,0,0,0,0,0,0,0,0,0,0,0,0,0,0,0,0,0,0,0,0,0,0,0,0,0,0,0,0,0,0,0,0,0,0,0,0,0,0,0,0,0,0
Unincorporated - Elizabeth Lake,34.659254,-118.377441,0,0,0,0,0,0,0,0,0,0,0,0,0,0,0,0,0,0,0,0,0,0,0,0,0,0,0,0,0,0,0,0,0,0,0,0,0,0,0,0,0,0,0,0,0,0,0,0,0,0,0,0,0,0,0,0,0,0,0,0,0,0,0,0,0,0,0,0,0,0,0,0,0,0,0,0,0,0
Unincorporated - Florence-Firestone,33.967507,-118.242435,20,22,23,23,23,23,23,24,24,24,25,26,27,27,27,27,28,28,28,28,29,30,30,30,30,30,31,31,31,31,31,31,31,31,31,31,31,32,34,35,35,35,36,36,40,40,40,40,40,40,40,40,41,41,41,41,41,41,43,43,43,43,43,43,43,43,43,43,43,43,43,43,43,45,45,46,45,45
Unincorporated - Glendora,34.159997,-117.844191,0,0,0,0,0,0,0,0,0,0,0,0,0,0,0,0,0,0,0,0,0,0,0,0,0,0,0,0,0,0,0,0,0,0,0,0,0,0,0,0,0,0,0,0,0,0,0,0,0,0,0,0,0,0,0,0,0,0,0,0,0,0,0,0,0,0,0,0,0,0,0,0,0,0,0,0,0,0
Unincorporated - Hacienda Heights,34.000117,-117.977849,3,3,3,3,3,4,4,4,4,4,4,4,4,4,4,4,4,4,4,4,4,4,4,4,4,4,4,4,4,4,4,5,5,5,6,6,6,6,6,6,6,7,7,7,8,8,8,9,9,9,9,9,10,12,12,12,12,12,12,12,12,12,12,12,12,13,13,14,14,14,14,14,14,14,15,16,16,16
Unincorporated - Hawthorne,33.910813,-118.330218,0,0,0,0,0,0,0,0,0,0,0,0,0,0,0,0,0,0,0,0,0,0,0,0,0,0,0,0,0,0,0,0,0,0,0,0,0,0,0,0,0,0,0,0,0,0,0,0,0,0,0,0,0,0,0,0,0,0,0,0,0,0,0,0,0,0,0,0,0,0,0,0,0,0,0,0,0,0
Unincorporated - Hi Vista,34.684663,-117.749368,0,0,0,0,0,0,0,0,0,0,0,0,0,0,0,0,0,0,0,0,0,0,0,0,0,0,0,0,0,0,0,0,0,0,0,0,0,0,0,0,0,0,0,0,0,0,0,0,0,0,0,0,0,0,0,0,0,0,0,0,0,0,0,0,0,0,0,0,0,0,0,0,0,0,0,0,0,0
Unincorporated - Kagel/Lopez Canyons,34.30405,-118.367576,1,1,1,1,1,1,1,1,1,1,1,1,1,1,1,1,1,1,1,1,1,1,1,1,1,1,1,1,1,1,1,1,1,1,1,1,1,1,1,1,1,1,1,1,1,1,1,1,1,1,1,1,1,1,1,1,1,1,1,1,1,1,1,1,1,1,1,1,1,1,1,1,1,1,1,1,1,1
Unincorporated - La Crescenta-Montrose,34.233897,-118.237162,1,1,1,1,1,1,1,1,1,1,1,1,1,1,1,1,1,1,1,1,1,1,1,1,1,1,1,1,1,1,1,1,1,1,1,1,1,1,1,1,1,1,1,1,1,1,1,1,1,1,1,1,1,1,1,1,1,1,2,2,2,2,2,2,2,2,2,2,2,2,2,2,2,2,2,2,2,2
Unincorporated - La Rambla,33.739973,-118.30164,4,4,4,4,4,4,5,5,5,5,5,6,6,6,6,6,6,6,7,8,9,10,10,10,10,10,10,10,10,10,10,10,10,10,10,10,10,11,11,11,11,11,11,11,11,11,11,11,11,11,11,11,11,11,12,12,12,12,12,12,12,12,12,12,12,12,12,12,12,12,12,12,12,12,12,12,12,12
Unincorporated - La Verne,34.146242,-117.747243,0,0,0,0,0,0,0,0,0,0,0,0,0,0,0,0,0,0,0,0,0,0,0,0,0,0,0,0,0,0,0,0,0,0,0,0,0,0,0,0,0,0,0,0,0,0,0,0,0,0,0,0,0,0,0,0,0,0,0,0,0,0,0,0,0,0,0,0,0,0,0,0,0,0,0,0,0,0
Unincorporated - Ladera Heights,33.997223,-118.374147,1,1,1,1,1,1,1,1,1,1,1,1,1,1,1,1,1,1,1,1,2,2,2,2,2,2,2,2,2,2,3,3,3,3,3,3,3,3,3,3,3,3,3,3,3,3,3,3,3,3,3,3,3,3,3,3,3,3,3,3,3,3,3,3,3,3,3,3,3,3,3,3,3,3,3,3,3,3
Unincorporated - Lake Hughes,34.672083,-118.43159,0,0,0,0,0,0,0,0,0,0,0,0,0,0,0,0,0,0,0,0,0,0,0,0,0,0,0,0,0,0,0,0,0,0,0,0,0,0,0,0,0,0,0,0,0,0,0,0,0,0,0,0,0,0,0,0,0,0,0,0,0,0,0,0,0,0,0,0,0,0,0,0,0,0,0,0,0,0
Unincorporated - Lake Los Angeles,34.621087,-117.859916,2,2,2,2,2,2,2,2,2,2,2,2,2,2,2,2,2,2,2,2,2,2,2,2,2,2,2,2,2,2,2,2,2,2,2,2,2,2,2,2,2,2,2,2,2,2,2,2,2,2,2,3,3,3,3,3,3,3,4,4,4,4,4,4,4,4,4,4,4,4,4,4,4,4,4,4,4,4
Unincorporated - Lake Manor,34.238119,-118.651061,0,0,0,0,0,0,0,0,0,0,0,0,0,0,0,0,0,0,0,0,0,0,0,0,0,0,0,0,0,0,0,0,0,0,0,0,0,0,0,0,0,0,0,0,0,0,0,0,0,0,0,0,0,0,0,0,0,0,0,0,0,0,0,0,0,0,0,0,0,0,0,0,0,0,0,0,0,0
Unincorporated - Lennox,33.938082,-118.358648,0,0,0,0,0,0,1,1,2,2,3,3,3,3,3,3,3,3,3,3,3,3,3,3,3,3,3,3,3,3,3,3,3,3,3,3,3,3,3,3,3,3,3,3,3,3,3,3,3,4,4,4,4,4,4,4,4,4,4,4,4,4,4,4,4,4,4,5,6,6,6,6,6,6,6,6,6,6
Unincorporated - Leona Valley,34.625652,-118.308496,0,0,0,0,0,0,0,0,0,0,0,0,0,0,0,0,0,0,0,0,0,0,0,0,0,0,0,0,0,0,0,0,0,0,0,0,0,0,0,0,0,0,0,0,0,0,0,0,0,0,0,0,0,0,0,0,0,0,0,0,0,0,0,0,0,0,0,0,0,0,0,0,0,0,0,0,0,0
Unincorporated - Littlerock,34.531805,-117.978906,0,0,0,0,0,0,0,0,0,0,0,0,0,0,0,0,0,0,0,0,0,0,0,0,0,0,0,0,0,0,0,0,0,0,0,0,0,0,0,0,0,0,0,0,0,0,0,0,0,0,0,0,0,0,0,0,0,0,0,0,0,0,0,0,0,0,0,0,0,0,0,0,0,0,0,0,0,0
Unincorporated - Littlerock/Juniper Hills,34.460892,-117.924379,0,0,0,0,0,0,0,0,0,0,0,0,0,0,0,0,0,0,0,0,0,0,0,0,0,0,0,0,0,0,0,0,0,0,0,0,0,0,0,0,0,0,0,0,0,0,0,0,0,0,0,0,0,0,0,0,0,0,0,0,0,0,0,0,0,0,0,0,0,0,0,0,0,0,0,0,0,0
Unincorporated - Littlerock/Pearblossom,34.533074,-117.894544,0,0,0,0,0,0,0,0,0,0,0,0,0,0,0,0,0,0,0,0,0,0,0,0,0,0,0,0,0,0,0,0,0,0,0,0,0,0,0,0,0,0,0,0,0,0,0,0,0,0,0,0,0,0,0,0,0,0,0,0,0,0,0,0,0,0,0,0,0,0,0,0,0,0,0,0,0,0
Unincorporated - Llano,34.489897,-117.750089,0,0,0,0,0,0,0,0,0,0,0,0,0,0,0,0,0,0,0,0,0,0,0,0,0,0,0,0,0,0,0,0,0,0,0,0,0,0,0,0,0,0,0,0,0,0,0,0,0,0,0,0,0,0,0,0,0,0,0,0,0,0,0,0,0,0,0,0,0,0,0,0,0,0,0,0,0,0
Unincorporated - Marina del Rey,33.976415,-118.447398,1,1,1,1,1,1,1,1,1,1,1,1,1,1,1,1,1,1,1,1,1,1,1,1,1,1,1,1,1,1,1,1,1,1,1,1,1,1,1,1,1,1,1,1,1,1,1,1,1,1,1,1,1,1,1,1,1,1,1,1,1,1,1,1,1,1,1,1,1,1,1,1,1,1,1,1,1,1
Unincorporated - Monrovia,34.12181,-118.003093,0,0,0,0,0,0,0,0,0,0,0,0,0,0,0,0,0,0,0,0,0,0,0,0,0,0,0,0,0,0,0,0,0,0,0,0,0,0,0,0,0,0,0,0,0,0,0,0,0,0,0,0,0,0,0,0,0,0,0,0,0,0,0,0,0,0,0,0,0,0,0,0,0,0,0,0,0,0
Unincorporated - Newhall,34.345823,-118.524402,0,0,0,0,0,0,0,0,0,0,0,0,0,0,0,0,0,0,0,0,0,0,0,0,0,0,0,0,0,0,0,0,0,0,0,0,0,0,0,0,0,0,0,0,0,0,0,0,0,0,0,0,0,0,0,0,0,0,0,0,0,0,0,0,0,0,0,0,0,0,0,0,0,0,0,0,0,0
Unincorporated - North Lancaster,34.776192,-118.164928,0,0,0,0,0,0,0,0,0,0,0,0,0,0,0,0,0,0,0,0,0,0,0,0,0,0,0,0,0,0,0,0,0,0,0,0,0,0,0,0,0,0,0,0,0,0,0,0,0,0,0,0,0,0,0,0,0,0,0,0,0,0,0,0,0,0,0,0,0,0,0,0,0,0,0,0,0,0
Unincorporated - North Whittier,34.036907,-118.005945,2,2,2,2,2,2,2,2,2,2,2,2,2,2,2,2,2,2,2,2,2,3,3,3,5,5,5,5,5,5,5,5,5,5,6,6,6,6,6,6,6,7,7,8,9,9,9,9,9,9,9,9,9,9,9,9,9,9,9,9,9,9,9,9,9,9,9,9,10,10,10,10,10,10,9,10,10,10
Unincorporated - Northeast San Gabriel,34.118447,-118.082372,5,5,5,4,4,4,4,4,4,4,4,4,4,4,4,4,4,4,4,5,5,5,5,5,5,5,5,5,5,5,5,6,6,6,6,6,6,6,6,6,7,8,8,8,8,8,8,8,8,8,8,8,8,8,8,8,8,8,8,8,8,8,8,8,8,8,8,8,8,8,8,8,8,8,8,8,8,8
Unincorporated - Padua Hills,34.144587,-117.703285,,,,,,,,,,0,0,0,0,0,0,0,0,0,0,0,0,0,0,0,0,0,0,0,0,0,0,0,0,0,0,0,0,0,0,0,0,0,0,0,0,0,0,0,0,0,0,0,0,0,0,0,0,0,0,0,0,0,0,0,0,0,0,0,0,0,0,0,0,0,0,0,0,0
Unincorporated - Palmdale,34.610872,-118.013818,0,0,0,0,0,0,0,0,0,0,0,0,0,0,0,0,0,0,0,0,0,0,0,0,0,0,0,0,0,0,0,0,0,0,0,0,0,0,0,0,0,0,0,0,0,0,0,0,0,0,0,0,0,0,0,0,0,0,0,0,0,0,0,0,0,0,0,0,0,0,0,0,0,0,0,0,0,0
Unincorporated - Palos Verdes Peninsula,33.783326,-118.344296,,,,,,,,,,,0,0,0,0,0,0,0,0,0,0,0,0,0,0,0,0,0,0,0,0,0,0,0,0,0,0,0,0,0,0,0,0,0,0,0,0,0,0,0,0,0,0,0,0,0,0,0,0,0,0,0,0,0,0,0,0,0,0,0,0,0,0,0,0,0,0,0,0
Unincorporated - Pearblossom/Llano,34.490978,-117.898461,0,0,0,0,0,1,1,1,1,1,1,1,1,1,1,1,1,1,1,1,1,1,1,1,1,1,1,1,1,1,1,1,1,1,1,1,1,1,1,1,1,1,1,1,1,1,1,1,1,1,1,1,1,1,1,1,1,1,1,1,1,1,1,1,1,1,1,1,1,1,1,1,1,1,1,1,1,1
Unincorporated - Pellissier Village,34.035105,-118.030169,0,0,0,0,0,0,0,0,0,0,0,0,0,0,0,0,0,0,0,0,0,0,0,0,0,0,0,0,0,0,0,0,0,0,0,0,0,0,0,0,0,0,0,0,0,0,0,0,0,0,0,0,0,0,0,0,0,0,0,0,0,0,0,0,0,0,0,0,0,0,0,0,0,0,0,0,0,0
Unincorporated - Pomona,34.057073,-117.822804,1,1,1,1,1,1,1,1,1,1,1,1,1,1,1,1,1,1,1,1,1,1,1,1,1,1,1,1,1,1,1,1,1,1,1,1,1,1,1,1,1,1,1,1,1,1,1,1,1,1,1,1,1,1,1,1,1,1,1,1,1,1,1,1,1,1,1,1,1,1,1,1,1,1,1,1,1,1
Unincorporated - Quartz Hill,34.65065,-118.216515,9,9,9,9,9,9,9,9,9,9,9,9,9,9,9,9,9,10,10,10,10,10,10,10,10,10,10,10,10,10,10,10,10,10,10,10,10,10,10,10,10,10,10,10,10,10,10,10,10,10,10,10,10,11,11,11,11,11,11,11,11,11,11,11,11,11,11,11,11,11,11,11,11,11,11,11,11,11
Unincorporated - Rancho Dominguez,33.858588,-118.218347,1,1,1,1,1,1,1,1,1,1,1,1,1,1,1,1,1,1,1,1,1,1,1,1,1,1,1,1,1,1,1,1,1,1,1,1,1,1,2,2,2,2,2,2,2,2,2,2,2,2,2,2,2,2,2,2,2,2,2,2,2,2,2,2,2,2,2,2,2,2,2,2,2,2,2,2,2,2
Unincorporated - Roosevelt,34.72856,-117.961328,0,0,0,0,0,0,0,0,0,0,0,0,0,0,0,0,0,0,0,0,0,0,0,0,0,0,0,0,0,0,0,0,0,0,0,0,0,0,0,0,0,0,0,0,0,0,0,0,0,0,0,0,0,0,0,0,0,0,0,0,0,0,0,0,0,0,0,0,0,0,0,0,0,0,0,0,0,0
Unincorporated - Rosewood,33.904733,-118.250286,0,0,0,0,0,0,0,0,0,0,0,0,0,0,0,0,0,0,0,0,0,0,0,0,0,0,0,0,0,0,0,0,0,0,0,0,0,0,0,0,0,0,0,0,0,0,0,0,0,0,0,0,0,0,0,0,0,0,0,0,0,0,0,0,0,0,0,0,0,0,0,0,0,0,0,0,0,0
Unincorporated - Rosewood/East Gardena,33.893832,-118.274025,0,0,0,0,0,0,0,0,0,0,0,0,0,0,0,0,0,0,0,0,0,0,0,0,0,0,0,0,0,0,0,0,0,0,0,0,0,0,0,0,0,0,0,0,0,0,0,0,0,0,0,0,1,1,1,1,1,1,1,1,1,1,1,1,1,1,1,1,1,1,1,1,1,1,1,1,1,1
Unincorporated - Rosewood/West Rancho Dominguez,33.898481,-118.261341,0,0,0,0,0,0,0,0,0,0,0,0,0,0,0,0,0,0,0,0,0,0,0,0,0,0,0,0,0,0,0,0,0,0,0,0,0,0,0,0,0,0,0,0,0,0,0,0,0,0,0,0,0,0,0,0,0,0,0,0,0,0,0,0,0,0,0,0,0,0,0,0,0,0,0,0,0,0
Unincorporated - Rowland Heights,33.988423,-117.905457,5,5,5,5,5,6,6,6,6,6,6,6,6,6,6,6,6,7,7,7,8,8,8,9,10,10,10,10,10,10,10,10,10,10,10,10,10,10,10,10,10,10,10,10,10,10,10,10,10,10,11,11,11,11,11,11,11,11,11,11,11,12,12,12,12,12,12,11,11,11,11,11,11,11,12,12,12,13
Unincorporated - San Jose Hills,34.011338,-117.902657,4,4,4,4,4,4,4,4,4,4,4,4,4,5,5,5,5,5,5,5,5,5,5,5,5,5,5,5,6,6,6,7,7,7,7,7,7,7,7,7,7,8,8,8,8,8,8,8,8,8,8,8,8,8,8,9,9,9,9,9,9,9,9,9,9,9,9,9,9,9,9,10,10,10,10,10,10,10
Unincorporated - San Pasqual,34.139208,-118.102508,0,0,0,0,0,0,0,0,0,0,0,0,0,0,0,0,0,0,0,0,0,0,0,0,0,0,0,0,0,0,0,0,0,0,0,0,0,0,0,0,0,0,0,0,0,0,0,0,0,0,0,0,0,0,0,0,0,0,0,0,0,0,0,0,0,0,0,0,0,0,0,0,0,0,0,0,0,0
Unincorporated - Sand Canyon,34.399939,-118.402092,,,,,,,,,,0,0,0,0,0,0,0,0,0,0,0,0,0,0,0,0,0,0,0,0,0,0,0,0,0,0,0,0,0,0,0,0,0,0,0,0,0,0,0,0,0,0,0,0,0,0,0,0,0,0,0,0,0,0,0,0,0,0,0,0,0,0,0,0,0,0,0,0,0
Unincorporated - Santa Catalina Island,33.371439,-118.418922,0,0,0,0,0,0,0,0,0,0,0,0,0,0,0,0,0,0,0,0,0,0,0,0,0,0,0,0,0,0,0,0,0,0,0,0,0,0,0,0,0,0,0,0,0,0,0,0,0,0,0,0,0,0,0,0,0,0,0,0,0,0,0,0,0,0,0,0,0,0,0,0,0,0,0,0,0,0
Unincorporated - Santa Monica Mountains,34.081372,-118.741676,1,1,1,1,1,1,1,1,1,1,1,1,1,1,1,1,1,1,1,1,1,1,1,1,1,1,1,1,1,1,1,1,1,1,1,1,1,1,1,1,1,1,1,1,1,1,1,1,1,1,1,1,1,1,1,1,1,1,1,1,1,1,1,1,1,1,1,1,1,1,1,1,1,1,1,1,1,1
Unincorporated - Saugus,34.476703,-118.475785,0,0,0,0,0,0,0,0,0,0,0,0,0,0,0,0,0,0,0,0,0,0,0,0,0,0,0,0,0,0,0,0,0,0,0,0,0,0,0,0,0,0,0,0,0,0,0,0,0,0,0,0,0,0,0,0,0,0,0,0,0,0,0,0,0,0,0,0,0,0,0,0,0,0,0,0,0,0
Unincorporated - Saugus/Canyon Country,34.474829,-118.42355,,,,,,,,,,,,,,,,,,0,0,0,0,0,0,0,0,0,0,0,0,0,0,0,0,0,0,0,0,0,0,0,0,0,0,0,0,0,0,0,0,0,0,0,0,0,0,0,0,0,0,0,0,0,0,0,0,0,0,0,0,0,0,0,0,0,0,0,0,0
Unincorporated - South Antelope Valley,34.506009,-118.090201,0,0,0,0,0,0,0,0,0,0,0,0,0,0,0,0,0,0,0,0,0,0,0,0,0,0,0,0,0,0,0,0,0,0,0,0,0,0,0,0,0,0,0,0,0,0,0,0,0,0,0,0,0,0,0,0,0,0,0,0,0,0,0,0,0,0,0,0,0,0,0,0,0,0,0,0,0,0
Unincorporated - South El Monte,34.04168,-118.027003,0,0,0,0,0,0,0,0,0,0,0,0,0,0,0,0,0,0,0,0,0,0,0,0,0,0,0,0,0,0,0,0,0,0,0,0,0,0,0,0,0,0,0,0,0,0,0,0,0,0,0,0,0,0,0,0,0,0,0,0,0,0,0,0,0,0,0,0,0,0,0,0,0,0,0,0,0,0
Unincorporated - South San Gabriel,34.04654,-118.089542,5,5,5,5,5,5,5,5,5,5,5,5,5,5,5,5,5,5,5,5,5,5,5,5,5,5,5,5,5,5,5,5,5,5,5,5,5,5,5,5,5,5,5,5,5,5,5,5,5,5,5,5,5,5,5,5,5,5,5,5,5,5,5,5,5,5,5,5,5,5,5,5,5,5,5,5,5,5
Unincorporated - South Whittier,33.933263,-118.031039,7,7,7,7,7,7,7,7,7,8,8,9,9,10,10,11,11,11,12,12,12,12,12,12,13,14,14,16,16,16,16,18,18,19,19,19,19,19,20,21,21,21,21,22,22,25,25,25,26,26,26,26,27,27,27,27,27,28,28,28,28,28,28,28,28,28,29,29,29,29,29,29,29,29,29,29,31,31
Unincorporated - Southeast Antelope Valley,34.523981,-118.02838,0,0,0,0,0,0,0,0,0,0,0,0,0,0,0,0,0,0,0,0,0,0,0,0,0,0,0,0,0,0,0,0,0,0,0,0,0,0,0,0,0,0,0,0,0,0,0,0,0,0,0,0,0,0,0,0,0,0,0,0,0,0,0,0,0,0,0,0,0,0,0,0,0,0,0,0,0,0
Unincorporated - Stevenson Ranch,34.365704,-118.591988,0,0,0,0,0,0,0,0,0,0,0,0,0,0,0,0,0,0,0,0,0,0,0,1,2,2,2,2,2,2,2,2,2,2,2,2,2,2,2,2,2,2,2,2,2,2,2,2,2,2,2,2,2,2,2,2,2,2,2,2,2,2,2,2,2,2,2,2,2,2,2,2,2,2,2,2,2,2
Unincorporated - Sun Village,34.571849,-117.937975,0,0,0,0,0,0,0,0,0,0,0,0,0,0,0,0,0,0,0,0,0,0,0,0,0,0,0,0,0,0,1,1,1,1,1,1,1,1,1,1,1,1,1,1,1,1,1,1,1,1,1,1,1,1,1,1,1,1,1,1,1,1,1,1,1,1,1,2,2,2,2,2,2,2,2,2,2,2
Unincorporated - Sunrise Village,34.010443,-118.060595,0,0,0,0,0,0,0,0,0,0,0,0,0,0,0,0,0,0,0,0,0,0,0,0,0,0,0,0,0,0,0,0,0,0,0,0,0,0,0,0,0,0,0,0,0,0,0,0,0,0,0,0,0,0,0,0,0,0,0,0,0,0,0,0,0,0,0,0,0,0,0,0,0,0,0,0,0,0
Unincorporated - Twin Lakes/Oat Mountain,34.312952,-118.615373,1,1,1,1,1,1,1,1,1,1,1,1,1,1,1,1,1,1,1,1,1,1,1,1,1,1,1,1,1,1,1,1,1,1,1,1,1,1,1,1,1,1,1,1,1,1,1,1,1,1,1,1,1,1,1,1,1,1,1,1,1,1,1,1,1,1,1,1,1,1,1,1,1,1,1,1,1,1
Unincorporated - Val Verde,34.443295,-118.678544,1,1,1,1,1,1,1,1,1,1,1,1,1,1,1,1,1,1,1,1,1,1,1,1,1,1,1,1,1,1,1,1,1,1,1,1,1,1,1,1,1,1,1,1,1,1,1,1,1,1,1,1,1,1,1,1,1,1,1,1,1,1,1,1,1,1,1,1,1,1,1,1,1,1,1,1,1,1
Unincorporated - Valencia,34.469311,-118.559974,1,1,1,1,1,1,1,1,1,1,1,1,1,1,1,1,1,1,1,1,1,1,1,1,1,1,1,1,1,1,1,1,1,1,1,1,1,1,1,1,1,1,1,1,1,1,1,1,1,1,1,1,1,1,1,1,1,1,1,1,1,1,1,1,1,1,1,1,1,1,1,1,1,1,1,1,1,1
Unincorporated - Valinda,34.039402,-117.931788,1,1,1,1,1,1,1,1,1,1,2,2,2,2,2,2,2,2,2,3,3,3,3,3,3,3,3,3,3,3,3,3,3,3,3,3,3,3,3,3,4,5,5,5,5,5,7,7,7,7,7,7,7,7,7,7,7,7,7,7,7,7,7,7,7,7,7,7,7,7,7,7,7,7,7,7,7,7
Unincorporated - View Park/Windsor Hills,33.995636,-118.348841,2,2,2,2,2,2,2,2,2,2,2,2,2,2,2,2,2,2,2,2,2,2,2,2,2,2,2,2,2,2,2,2,2,2,2,2,2,2,2,2,2,2,2,2,2,3,3,3,3,3,3,3,3,3,3,3,3,3,3,3,3,3,3,3,3,3,3,3,3,3,3,3,3,3,3,3,3,3
Unincorporated - Walnut Park,33.969159,-118.221719,4,4,4,4,4,5,5,5,5,5,5,5,5,5,5,5,5,5,5,5,5,5,5,6,8,8,8,8,8,8,8,8,8,8,9,9,9,9,9,9,9,9,9,9,9,9,10,10,10,10,10,10,10,10,10,10,10,10,10,11,11,11,11,11,11,11,11,11,11,11,11,11,11,11,12,12,12,12
Unincorporated - West Antelope Valley,34.764495,-118.571712,0,0,0,0,0,0,0,0,0,0,0,0,0,0,0,0,0,0,0,0,0,0,0,0,0,0,0,0,0,0,0,0,0,0,0,0,0,0,0,0,0,0,0,0,0,0,0,0,0,0,0,0,0,0,0,0,0,0,0,0,0,0,0,0,0,0,0,0,0,0,0,0,0,0,0,0,0,0
Unincorporated - West Carson,33.825166,-118.292716,11,11,11,11,11,11,11,11,11,11,11,11,11,11,11,11,11,11,11,11,11,11,11,12,14,14,14,16,16,16,17,18,20,20,20,20,20,23,23,25,25,26,26,26,27,27,27,27,27,27,27,27,28,28,30,32,32,32,33,33,33,33,33,33,33,33,34,34,34,34,34,34,34,34,34,34,34,34
Unincorporated - West LA,34.055557,-118.455017,2,2,2,2,2,2,2,2,2,2,2,2,2,2,2,2,2,2,2,2,2,2,2,2,2,2,2,2,2,2,2,2,2,2,2,2,2,2,2,2,2,2,2,2,2,2,2,2,2,2,2,2,2,2,2,2,2,2,2,2,2,2,2,2,2,2,2,2,2,2,2,2,2,2,2,2,2,2
Unincorporated - West Puente Valley,34.042319,-117.958665,0,0,0,0,0,0,0,0,0,0,0,0,0,0,0,0,0,0,0,0,0,0,0,0,0,0,0,0,0,0,0,0,0,0,0,1,1,1,1,1,1,1,1,2,2,2,2,2,2,2,2,2,2,2,2,2,2,2,2,2,2,2,2,2,2,2,2,2,2,3,3,3,3,3,3,3,3,3
Unincorporated - West Rancho Dominguez,33.890656,-118.263075,1,1,1,1,1,1,1,1,1,1,1,1,1,1,1,1,1,1,2,2,2,2,2,2,3,3,3,3,3,3,3,3,3,3,3,3,3,3,3,3,3,3,3,3,3,3,3,3,3,3,3,3,3,3,3,3,3,3,3,3,3,3,3,3,3,3,3,3,3,3,3,3,3,3,3,3,3,3
Unincorporated - West Whittier/Los Nietos,33.978731,-118.067945,5,5,5,5,5,5,6,6,6,6,6,7,7,7,7,7,7,7,8,8,8,8,8,8,8,8,8,8,8,8,8,8,8,8,8,8,8,8,9,9,9,9,9,9,10,10,10,10,10,10,10,11,11,11,12,12,12,12,12,12,12,12,12,12,12,13,13,13,14,14,14,14,14,15,15,16,16,16
Unincorporated - Westfield/Academy Hills,33.777154,-118.356453,0,0,0,0,0,0,0,0,0,0,0,0,0,0,0,0,0,0,0,0,0,0,0,0,0,0,0,0,0,0,0,0,0,0,0,0,0,0,0,0,0,0,0,0,0,0,0,0,0,0,0,0,0,0,0,0,0,0,0,0,0,0,0,0,0,0,0,0,0,0,0,0,0,0,0,0,0,0
Unincorporated - Westhills,34.192386,-118.66252,0,0,0,0,0,0,0,0,0,0,0,0,0,0,0,0,0,0,0,0,0,0,0,0,0,0,0,0,0,0,0,0,0,0,0,0,0,0,0,0,0,0,0,0,0,0,0,0,0,0,0,0,0,0,0,0,0,0,0,0,0,0,0,0,0,0,0,0,0,0,0,0,0,0,0,0,0,0
Unincorporated - White Fence Farms,34.621624,-118.168018,0,0,0,0,0,0,0,0,0,0,0,0,0,0,0,0,0,0,0,0,0,0,0,0,0,0,0,0,0,0,0,0,0,0,0,0,0,0,0,0,0,0,0,0,0,0,0,0,0,0,0,0,0,0,0,0,0,0,0,0,0,0,0,0,0,0,0,0,0,0,0,0,0,0,0,0,0,0
Unincorporated - Whittier,34.01183,-118.035023,0,0,0,0,0,0,0,0,0,0,0,0,0,0,0,0,0,0,0,0,0,0,0,0,0,0,0,0,0,0,0,0,0,0,0,0,0,0,1,1,1,1,1,1,1,1,1,1,1,1,1,1,1,1,1,1,1,1,1,1,1,1,1,1,1,1,1,1,1,1,1,1,1,1,1,1,1,1
Unincorporated - Willowbrook,33.919012,-118.236547,10,9,9,9,10,10,10,10,10,11,12,12,12,12,12,12,12,12,12,12,12,12,12,12,13,13,13,15,15,16,16,17,17,17,17,17,17,17,17,15,15,15,15,15,16,16,16,16,16,16,16,17,17,17,17,17,17,17,17,17,18,18,18,18,18,18,18,18,18,18,18,18,18,19,19,19,19,19
Unincorporated - Wiseburn,33.909707,-118.365784,0,0,0,0,0,0,0,0,0,0,0,0,0,0,0,0,0,0,0,0,0,0,0,0,0,0,0,0,0,0,0,0,0,0,0,1,1,1,1,1,1,1,1,1,1,1,1,1,1,1,1,1,1,1,1,1,1,1,1,1,1,1,1,1,1,1,1,1,1,1,1,1,1,1,1,1,1,1
