date_use,total_cases,new_case,total_deaths,new_deaths,Long Beach Cases,Pasadena Cases,Total Cases (Daily Announced),Total Cases(summed),Long Beach Deaths,Pasadena Deaths,Total Deaths(announced),Total Deaths(sum)
3/1/20,,,,,,,,0,,,,0
3/2/20,519,25,0,0,,,,519,,,,0
3/3/20,538,19,0,0,,,1,538,,,,0
3/4/20,551,13,0,0,,,7,551,,,,0
3/5/20,570,19,0,0,,,11,570,,,,0
3/6/20,603,33,0,0,,,13,603,,,,0
3/7/20,646,43,0,0,,,14,646,,,,0
3/8/20,687,41,0,0,,,,687,,,,0
3/9/20,734,47,0,0,,,16,734,,,,0
3/10/20,821,87,0,0,,,17,821,,,,0
3/11/20,917,96,0,0,,,27,917,,,1,0
3/12/20,1049,132,0,0,,,32,1049,,,1,0
3/13/20,1207,158,0,0,,,40,1207,,,1,0
3/14/20,1359,152,0,0,,,53,1359,,,1,0
3/15/20,1503,144,0,0,,,69,1503,,,1,0
3/16/20,1671,168,0,0,,,94,1671,,,1,0
3/17/20,1896,225,0,0,,,144,1896,,,1,0
3/18/20,2104,208,0,0,,,190,2104,,,1,0
3/19/20,2291,187,0,0,,,231,2291,,,2,0
3/20/20,2509,218,4,4,,,292,2509,,,2,4
3/21/20,2761,252,7,3,,,351,2761,,,4,7
3/22/20,2956,195,10,3,15,3,409,2974,,,5,10
3/23/20,3208,252,14,4,17,3,536,3228,,,7,14
3/24/20,3499,291,21,7,21,6,662,3526,,,11,21
3/25/20,3779,280,24,3,28,7,799,3814,,,13,24
3/26/20,4215,436,31,7,41,9,"1,216",4265,,,21,31
3/27/20,4589,374,35,4,54,9,"1,465",4652,,,26,35
3/28/20,4962,373,44,9,79,9,"1,804",5050,,,32,44
3/29/20,5355,393,52,8,88,10,"2,136",5453,,,37,52
3/30/20,5725,370,67,15,99,10,"2,474",5834,,,44,67
3/31/20,6341,616,78,11,115,25,"3,011",6481,,,54,78
4/1/20,6979,638,95,17,133,33,"3,518",7145,,,65,95
4/2/20,7593,614,114,19,139,37,"4,045",7769,,,78,114
4/3/20,8213,620,136,22,153,37,"4,566",8403,,,89,136
4/4/20,9002,789,162,26,171,37,"5,277",9210,,,117,162
4/5/20,9592,590,183,21,198,58,"5,940",9848,,,132,183
4/6/20,10184,592,206,23,213,58,"6,360",10455,,,147,206
4/7/20,10721,537,223,17,230,72,"6,910",11023,,,169,223
4/8/20,11421,700,248,25,256,80,"7,530",11757,,,198,248
4/9/20,12027,606,288,40,287,94,"7,955",12408,,,223,288
4/10/20,12601,574,323,35,303,107,"8,430",13011,,,241,323
4/11/20,13183,582,353,30,316,117,"8,873",13616,,,265,353
4/12/20,13659,476,383,30,332,117,"9,192",14108,,,296,383
4/13/20,14094,435,420,37,337,117,"9,420",14548,,,320,420
4/14/20,14773,679,461,41,350,164,"10,047",15287,,,360,461
4/15/20,15435,662,508,47,363,179,"10,496",15977,,,402,508
4/16/20,16281,846,543,35,379,184,"10,854",16844,,,455,543
4/17/20,17046,765,601,58,406,198,"11,391",17650,,,495,601
4/18/20,17880,834,640,39,419,215,"12,021",18514,,,576,640
4/19/20,18494,614,678,38,449,215,"12,341",19158,,,600,678
4/20/20,18985,491,714,36,457,215,"13,816",19657,,,617,714
4/21/20,19927,942,761,47,464,249,"15,140",20640,,,663,761
4/22/20,20803,876,801,40,477,261,"16,435",21541,,,729,801
4/23/20,21580,777,848,47,489,263,"17,508",22332,,,797,848
4/24/20,22552,972,899,51,518,293,"18,517",23363,,,848,899
4/25/20,23566,1014,943,44,540,299,"19,107",24405,,,895,943
4/26/20,24466,900,982,39,563,299,"19,528",25328,,,913,982
4/27/20,25069,603,1023,41,576,325,"20,147",25970,,,942,1023
4/28/20,26148,1079,1060,37,582,362,"20,976",27092,,,"1,000",1060
4/29/20,27104,956,1114,54,602,383,"22,485",28089,,,"1,056",1114
4/30/20,28095,991,1156,42,629,393,"23,182",29117,,,"1,111",1156
5/1/20,29013,918,1201,45,667,406,"24,215",30086,,,"1,172",1201
5/2/20,29938,925,1237,36,709,411,"24,894",31058,,,"1,209",1237
5/3/20,30645,707,1286,49,745,417,"25,662",31807,,,"1,229",1286
5/4/20,31119,474,1330,44,760,439,"26,217",32318,,,"1,256",1330
5/5/20,32052,933,1374,44,768,452,"27,815",33272,,,"1,313",1374
5/6/20,33308,1256,1411,37,789,482,"28,644",34579,,,"1,367",1411
5/7/20,34308,1000,1464,53,791,501,"29,427",35600,,,"1,418",1464
5/8/20,35262,954,1514,50,875,516,"30,296",36653,,,"1,468",1514
5/9/20,36261,999,1564,50,898,531,"31,197",37690,,,"1,512",1564
5/10/20,36960,699,1614,50,931,542,"31,677",38433,,,"1,530",1614
5/11/20,37547,587,1646,32,948,551,"32,258",39046,,,"1,569",1646
5/12/20,38726,1179,1674,28,953,557,"33,180",40236,,,"1,613",1674
5/13/20,39824,1098,1722,48,984,593,"34,428",41401,,,"1,659",1722
5/14/20,40775,951,1763,41,1094,607,"35,329",42476,,,"1,709",1763
5/15/20,42026,1251,1794,31,1157,662,"36,259",43845,,,"1,755",1794
5/16/20,43147,1121,1837,43,1214,670,"37,303",45031,,,"1,793",1837
5/17/20,43905,758,1889,52,1271,684,"37,974",45860,,,"1,821",1889
5/18/20,44455,550,1927,38,1298,694,"38,451",46447,,,"1,839",1927
5/19/20,45618,1163,1972,45,1305,702,"39,573",47625,,,"1,913",1972
5/20/20,46576,958,2019,47,1362,704,"40,857",48642,,,"1,970",2019
5/21/20,47732,1156,2048,29,1400,784,"42,037",49916,,,"2,016",2048
5/22/20,48679,947,2075,27,1495,790,"43,052",50964,,,"2,049",2075
5/23/20,49650,971,2118,43,1513,805,"44,055",51968,,,"2,090",2118
5/24/20,50392,742,2152,34,1553,831,"44,988",52776,,,"2,104",2152
5/25/20,50899,507,2190,38,1582,848,"46,018",53329,,,"2,116",2190
5/26/20,51841,942,2218,28,1582,853,"47,822",54276,,,"2,143",2218
5/27/20,53522,1681,2258,40,1605,883,"48,700",56010,,,"2,195",2258
5/28/20,54908,1386,2305,47,1666,900,"49,774",57474,,,"2,241",2305
5/29/20,56173,1265,2337,32,1741,911,"51,562",58825,,,"2,290",2337
5/30/20,57662,1489,2370,33,1857,918,"53,651",60437,,,"2,338",2370
5/31/20,58582,920,2407,37,1947,923,"54,996",61452,,,"2,362",2407
6/1/20,59069,487,2437,30,1947,928,"55,968",61944,,,"2,384",2437
6/2/20,60272,1203,2474,37,1990,934,"57,118",63196,,,"2,443",2474
6/3/20,61676,1404,2504,30,2091,937,"58,234",64704,,,"2,489",2504
6/4/20,63010,1334,2549,45,2118,943,"59,650",66071,,,"2,531",2549
6/5/20,64553,1543,2594,45,2160,968,"61,045",67681,,,"2,565",2594
6/6/20,65935,1382,2634,40,2183,974,"62,338",69092,,,"2,620",2634
6/7/20,67016,1081,2669,35,2227,981,"63,844",70224,,,"2,645",2669
6/8/20,67711,695,2704,35,2227,987,"64,644",70925,,,"2,655",2704
6/9/20,69273,1562,2742,38,2273,996,"65,822",72542,,,"2,707",2742
6/10/20,70612,1339,2778,36,2396,1008,"67,064",74016,,,"2,768",2778
6/11/20,72122,1510,2804,26,2436,1015,"68,875",75573,,,"2,813",2804
6/12/20,73534,1412,2828,24,2512,1023,"70,476",77069,,,"2,832",2828
6/13/20,75031,1497,2858,30,2565,1028,"72,023",78624,,,"2,890",2858
6/14/20,76291,1260,2886,28,2599,1037,"73,018",79927,,,"2,907",2886
6/15/20,77148,857,2915,29,2599,1042,"73,791",80789,,,"2,926",2915
6/16/20,79156,2008,2947,32,2634,1048,"75,084",82838,,,"2,959",2947
6/17/20,81013,1857,2971,24,2712,1058,"77,189",84783,,,"2,991",2971
6/18/20,82931,1918,3011,40,2783,1083,"78,227",86797,,,"3,027",3011
6/19/20,84755,1824,3040,29,2888,1099,"79,609",88742,,,"3,063",3040
6/20/20,86555,1800,3075,35,2934,1120,"81,636",90609,,,"3,110",3075
6/21/20,88052,1497,3114,39,2982,1145,"83,397",92179,,,"3,120",3114
6/22/20,88998,946,3144,30,2982,1162,"85,942",93142,,,"3,137",3144
6/23/20,91209,2211,3174,30,3042,1177,"88,262",95428,,,"3,171",3174
6/24/20,93639,2430,3195,21,3273,1196,"89,490",98108,,,"3,205",3195
6/25/20,96292,2653,3232,37,3405,1207,"91,467",100904,,,"3,246",3232
6/26/20,99209,2917,3258,26,3509,1213,"93,232",103931,123,89,"3,267",3470
6/27/20,102056,2847,3289,31,3643,1238,"95,371",106937,125,89,"3,285",3503
6/28/20,104104,2048,3313,24,3643,1252,"97,894",108999,125,89,"3,305",3527
6/29/20,105202,1098,3353,40,3643,1276,"100,772",110121,125,89,"3,326",3567
6/30/20,108158,2956,3385,32,3799,1306,"103,529",113263,130,89,"3,369",3604
7/1/20,111203,3045,3423,38,4120,1328,"105,507",116651,132,91,"3,402",3646
7/2/20,114628,3425,3452,29,4265,1341,"107,667",120234,133,93,"3,454",3678
7/3/20,117873,3245,3493,41,4265,1352,"110,310",123490,133,93,"3,454",3719
7/4/20,119384,1511,3526,33,4265,1366,"113,497",125015,133,93,"3,454",3752
7/5/20,120287,903,3554,28,4379,1386,"114,993",126052,134,95,"3,487",3783
7/6/20,121468,1181,3593,39,4379,1401,"116,570",127248,134,96,"3,534",3823
7/7/20,124182,2714,3628,35,4472,1408,"120,539",130062,136,97,"3,579",3861
7/8/20,127638,3456,3661,33,4690,1415,"123,004",133743,139,97,"3,642",3897
7/9/20,131028,3390,3696,35,4918,1439,"124,738",137385,140,97,"3,689",3933
7/10/20,134378,3350,3728,32,5172,1453,"127,358",141003,141,98,"3,738",3967
7/11/20,137660,3282,3768,40,5246,1460,"130,242",144366,145,100,"3,793",4013
7/12/20,140125,2465,3801,33,5388,1470,"133,549",146983,147,100,"3,809",4048
7/13/20,141363,1238,3830,29,5388,1517,"136,129",148268,147,100,"3,822",4077
7/14/20,144918,3555,3885,55,5616,1544,"140,307",152078,149,100,"3,894",4134
7/15/20,148301,3383,3932,47,5849,1580,"143,009",155730,151,101,"3,932",4184
7/16/20,151338,3037,3969,37,6042,1585,"147,468",158965,156,101,"3,988",4226
7/17/20,154743,3405,4012,43,6252,1620,"150,319",162615,157,101,"4,047",4270
7/18/20,158023,3280,4048,36,6334,1643,"153,041",166000,158,101,"4,084",4307
7/19/20,160373,2350,4080,32,6445,1670,"155,887",168488,158,101,"4,095",4339
7/20/20,161431,1058,4117,37,6445,1700,"159,045",169576,158,102,"4,104",4377
7/21/20,164832,3401,4158,41,6522,1727,"161,673",173081,159,102,"4,154",4419
7/22/20,168058,3226,4204,46,6843,1758,"164,870",176659,160,102,"4,213",4466
7/23/20,171056,2998,4254,50,7063,1802,"166,848",179921,161,103,"4,262",4518
7/24/20,173658,2602,4292,38,7225,1822,"168,757",182705,161,104,"4,300",4557
7/25/20,176163,2505,4331,39,7368,1857,"172,325",185388,161,104,"4,351",4596
7/26/20,178193,2030,4377,46,7479,1875,"173,995",187547,163,104,"4,360",4644
7/27/20,178986,793,4421,44,7479,1897,"176,028",188362,163,104,"4,375",4688
7/28/20,181587,2601,4463,42,7582,1902,"178,642",191071,163,104,"4,426",4730
7/29/20,184149,2562,4495,32,7895,1923,"183,383",193967,168,105,"4,516",4768
7/30/20,186483,2334,4534,39,7948,1943,"185,872",196374,170,105,"4,552",4809
7/31/20,188741,2258,4575,41,8099,1956,"188,481",198796,176,106,"4,621",4857
8/1/20,190867,2126,4614,39,8142,1973,"190,693",200982,177,108,"4,669",4899
8/2/20,192496,1629,4660,46,8285,1994,"192,167",202775,177,108,"4,692",4945
8/3/20,193229,733,4700,40,8285,2004,"193,788",203518,177,109,"4,701",4986
8/4/20,195400,2171,4741,41,8362,2016,"195,614",205778,178,109,"4,758",5028
8/5/20,197588,2188,4789,48,8362,2023,"197,912",207973,178,110,"4,825",5077
8/6/20,199602,2014,4823,34,8615,2035,"201,106",210252,180,111,"4,869",5114
8/7/20,201455,1853,4859,36,8709,2035,"204,167",212199,180,111,"4,918",5150
8/8/20,203333,1878,4892,33,8775,2060,"206,761",214168,181,111,"4,967",5184
8/9/20,204619,1286,4927,35,8775,2077,"208,528",215471,181,111,"4,977",5219
8/10/20,205263,644,4967,40,8775,2112,"210,424",216150,181,111,"4,996",5259
8/11/20,207307,2044,5010,43,8879,2127,"211,808",218313,183,111,"5,057",5304
8/12/20,208971,1664,5053,43,9210,2133,"214,197",220314,184,111,"5,109",5348
8/13/20,210602,1631,5085,32,9283,2146,"216,139",222031,187,111,"5,171",5383
8/14/20,212110,1508,5116,31,9425,2178,"218,693",223713,188,111,"5,214",5415
8/15/20,213533,1423,5150,34,9552,2189,"220,762",225274,189,111,"5,245",5450
8/16/20,214619,1086,5182,32,9637,2209,"221,950",226465,190,111,"5,254",5483
8/17/20,215159,540,5218,36,9637,2230,"223,131",227026,190,111,"5,273",5519
8/18/20,216679,1520,5257,39,9736,2233,"224,031",228648,190,111,"5,335",5558
8/19/20,218144,1465,5286,29,9795,2248,"225,827",230187,195,111,"5,392",5592
8/20/20,219558,1414,5327,41,9878,2254,"227,346",231690,199,111,"5,446",5637
8/21/20,220890,1332,5364,37,9930,2260,"229,054",233080,200,111,"5,491",5675
8/22/20,222200,1310,5396,32,10016,2268,"230,662",234484,201,111,"5,537",5708
8/23/20,223087,887,5432,36,10111,2283,"231,695",235481,201,111,"5,545",5744
8/24/20,223585,498,5461,29,10111,2291,"232,893",235987,201,111,"5,558",5773
8/25/20,225117,1532,5486,25,10147,2299,"233,777",237563,203,111,"5,605",5800
8/26/20,226367,1250,5516,30,10241,2310,"235,386",238918,208,111,"5,663",5835
8/27/20,227762,1395,5544,28,10275,2320,"236,986",240357,209,111,"5,701",5864
8/28/20,228944,1182,5575,31,10358,2331,"238,458",241633,209,111,"5,732",5895
8/29/20,229998,1054,5597,22,10437,2345,"239,756",242780,212,111,"5,759",5920
8/30/20,230831,833,5631,34,10492,2362,"240,749",243685,216,111,"5,769",5958
8/31/20,231242,411,5664,33,10492,2368,"241,768",244102,216,111,"5,784",5991
9/1/20,232470,1228,5693,29,10524,2376,"242,521",245370,216,111,"5,829",6020
9/2/20,233550,1080,5721,28,10674,2387,"243,935",246611,217,111,"5,878",6049
9/3/20,234764,1214,5744,23,10728,2402,"244,999",247894,222,116,"5,932",6082
9/4/20,235783,1019,5768,24,10815,2411,"246,407",249009,223,117,"5,977",6108
9/5/20,236748,965,5798,30,10852,2424,"247,542",250024,227,117,"6,000",6142
9/6/20,237200,452,5820,22,10927,2434,"248,334",250561,227,117,"6,005",6164
9/7/20,237573,373,5842,22,10927,2439,"248,821",250939,227,117,"6,030",6186
9/8/20,237950,377,5868,26,10927,2440,"249,241",251317,227,117,"6,036",6212
9/9/20,239100,1150,5896,28,10957,2443,"249,859",252500,227,117,"6,090",6240
9/10/20,240131,1031,5923,27,11039,2453,"251,024",253623,227,117,"6,128",6267
9/11/20,241057,926,5948,25,11088,2455,"252,066",254600,230,117,"6,171",6295
9/12/20,242034,977,5973,25,11134,2468,"253,176",255636,233,120,"6,197",6326
9/13/20,242674,640,5992,19,11170,2476,"253,985",256320,234,120,"6,208",6346
9/14/20,243007,333,6011,19,11170,2476,"254,656",256653,234,120,"6,231",6365
9/15/20,244156,1149,6029,18,11199,2476,"255,049",257831,234,121,"6,273",6384
9/16/20,245114,958,6049,20,11271,2479,"256,148",258864,235,121,"6,303",6405
9/17/20,246270,1156,6069,20,11311,2485,"257,271",260066,237,121,"6,324",6427
9/18/20,247328,1058,6087,18,11379,2489,"258,516",261196,237,121,"6,330",6445
9/19/20,248278,950,6102,15,11440,2499,"259,817",262217,237,121,"6,330",6460
9/20/20,248981,703,6118,16,11503,2511,"260,797",262995,238,121,"6,353",6477
9/21/20,249431,450,6133,15,11503,2522,"261,446",263456,238,121,"6,366",6492
9/22/20,250669,1238,6148,15,11550,2530,"262,133",264749,238,122,"6,401",6508
9/23/20,251765,1096,6166,18,11615,2536,"263,333",265916,238,122,"6,423",6526
9/24/20,252922,1157,6193,27,11684,2542,"264,414",267148,240,122,"6,455",6555
9/25/20,254110,1188,6212,19,11727,2550,"265,775",268387,243,122,"6,488",6577
9/26/20,255181,1071,6229,17,11761,2555,"266,988",269497,245,122,"6,504",6596
9/27/20,255907,726,6249,20,11798,2558,"267,801",270263,245,122,"6,514",6616
9/28/20,256403,496,6267,18,11798,2564,"268,455",270765,245,122,"6,515",6634
9/29/20,257520,1117,6287,20,11843,2565,"269,284",271928,245,122,"6,551",6654
9/30/20,258688,1168,6296,9,11900,2568,"270,299",273156,246,123,"6,576",6665
10/1/20,259928,1240,6310,14,11950,2580,"271,371",274458,246,124,"6,610",6680
10/2/20,261165,1237,6323,13,12003,2599,"272,653",275767,249,124,"6,626",6696
10/3/20,262261,1096,6334,11,12003,2605,"273,638",276869,249,124,"6,642",6707
10/4/20,263133,872,6346,12,12053,2616,"274,565",277802,249,124,"6,647",6719
10/5/20,263637,504,6364,18,12053,2618,"274,942",278308,249,124,"6,654",6737
10/6/20,264745,1108,6378,14,12129,2618,"275,856",279492,248,126,"6,681",6752
10/7/20,265651,906,6394,16,12180,2631,"277,445",280462,249,128,"6,709",6771
10/8/20,266974,1323,6413,19,12217,2636,"278,665",281827,249,128,"6,726",6790
10/9/20,268189,1215,6435,22,12281,2640,"279,909",283110,249,129,"6,741",6813
10/10/20,269433,1244,6445,10,12356,2645,"281,165",284434,249,129,"6,768",6823
10/11/20,270474,1041,6454,9,12390,2652,"282,135",285516,250,129,"6,771",6833
10/12/20,270974,500,6470,16,12390,2652,"282,982",286016,250,129,"6,773",6849
10/13/20,272503,1529,6485,15,12431,2652,"283,750",287586,250,129,"6,790",6864
10/14/20,273731,1228,6504,19,12471,2655,"285,016",288857,253,129,"6,812",6886
10/15/20,275071,1340,6521,17,12517,2660,"286,183",290248,254,129,"6,834",6904
10/16/20,276451,1380,6535,14,12547,2664,"287,222",291662,254,129,"6,855",6918
10/17/20,277795,1344,6554,19,12575,2672,"288,136",293042,255,129,"6,863",6938
10/18/20,278830,1035,6566,12,12612,2680,"288,451",294122,255,129,"6,876",6950
10/19/20,279473,643,6575,9,12612,2681,"289,366",294766,255,129,"6,877",6959
10/20/20,281303,1830,6591,16,12665,2683,"290,009",296651,255,129,"6,912",6975
10/21/20,282955,1652,6605,14,12754,2692,"290,486",298401,255,129,"6,944",6989
10/22/20,284651,1696,6619,14,12805,2713,"294,065",300169,255,129,"6,956",7003
10/23/20,286324,1673,6633,14,12870,2721,"296,821",301915,255,129,"6,974",7017
10/24/20,287894,1570,6653,20,12954,2746,"298,937",303594,255,129,"6,989",7037
10/25/20,288975,1081,6667,14,13013,2757,"299,760",304745,255,129,"6,993",7051
10/26/20,289730,755,6683,16,13013,2757,"300,614",305500,255,129,"7,000",7067
10/27/20,291208,1478,6696,13,13048,2770,"302,077",307026,255,129,"7,027",7080
10/28/20,292527,1319,6713,17,13048,2795,"303,369",308370,255,129,"7,040",7097
10/29/20,293744,1217,6726,13,13193,2801,"305,070",309738,258,129,"7,044",7113
10/30/20,295049,1305,6743,17,13230,2819,"306,327",311098,258,129,"7,056",7130
10/31/20,296397,1348,6752,9,13280,2830,"307,618",312507,259,129,"7,071",7140
11/1/20,297540,1143,6765,13,13354,2838,"309,190",313732,259,129,"7,074",7153
11/2/20,298339,799,6783,18,13354,2845,"310,595",314538,259,129,"7,076",7171
11/3/20,300269,1930,6795,12,13364,2846,"311,745",316479,259,129,"7,097",7183
11/4/20,302244,1975,6808,13,13451,2858,"313,562",318553,259,129,"7,117",7196
11/5/20,304733,2489,6819,11,13511,2878,"315,564",321122,260,129,"7,140",7208
11/6/20,307280,2547,6828,9,13550,2890,"317,656",323720,260,129,"7,157",7217
11/7/20,309711,2431,6846,18,13575,2905,"319,977",326191,261,129,"7,170",7236
11/8/20,311665,1954,6858,12,13642,2929,"322,207",328236,261,129,"7,172",7248
11/9/20,312801,1136,6871,13,13642,2941,"323,625",329384,261,129,"7,177",7261
11/10/20,316046,3245,6886,15,13770,2953,"325,876",332769,261,129,"7,200",7276
11/11/20,319216,3170,6902,16,13888,2993,"327,964",336097,263,129,"7,216",7294
11/12/20,322517,3301,6917,15,13967,3008,"330,450",339492,265,129,"7,221",7311
11/13/20,325777,3260,6936,19,14012,3027,"332,865",342816,265,129,"7,246",7330
11/14/20,329205,3428,6959,23,14097,3054,"336,549",346356,265,129,"7,266",7353
11/15/20,331873,2668,6976,17,14200,3073,"339,560",349146,266,129,"7,269",7371
11/16/20,333760,1887,6998,22,14200,3083,"342,343",351043,266,129,"7,275",7393
11/17/20,338602,4842,7021,23,14330,3099,"344,523",356031,266,129,"7,299",7416
11/18/20,343763,5161,7058,37,14487,3160,"348,336",361410,266,130,"7,335",7454
11/19/20,348920,5157,7080,22,14647,3200,"353,232",366767,268,130,"7,363",7478
11/20/20,353511,4591,7117,37,14839,3255,"357,451",371605,269,131,"7,396",7517
11/21/20,358549,5038,7139,22,14999,3281,"361,869",376829,270,131,"7,429",7540
11/22/20,362026,3477,7170,31,15124,3311,"364,520",380461,270,131,"7,438",7571
11/23/20,364482,2456,7206,36,15124,3374,"370,636",382980,270,131,"7,446",7607
11/24/20,369954,5472,7245,39,15226,3405,"374,134",388585,270,132,"7,497",7647
11/25/20,375868,5914,7280,35,15522,3454,"378,323",394844,274,132,"7,543",7686
11/26/20,382354,6486,7318,38,15522,3492,"383,275",401368,274,132,"7,580",7724
11/27/20,384315,1961,7348,30,15522,3542,"387,793",403379,274,132,"7,604",7754
11/28/20,389123,4808,7381,33,15522,3594,"390,891",408239,274,132,"7,623",7787
11/29/20,395279,6156,7423,42,15713,3635,"395,843",414627,274,132,"7,639",7829
11/30/20,399079,3800,7457,34,15713,3671,"400,919",418463,274,132,"7,655",7863
12/1/20,410499,11420,7505,48,16202,3711,"408,396",430412,275,132,"7,700",7912
12/2/20,422163,11664,7554,49,16786,3746,"414,185",442695,277,132,"7,740",7963
12/3/20,433087,10924,7602,48,17089,3807,"421,881",453983,279,133,"7,782",8014
12/4/20,444020,10933,7674,72,17402,3875,"430,583",465297,282,135,"7,842",8091
12/5/20,454911,10891,7731,57,17550,3968,"439,408",476429,282,136,"7,886",8149
12/6/20,463691,8780,7795,64,18075,4077,"449,851",485843,282,136,"7,909",8213
12/7/20,469407,5716,7854,59,18075,4197,"457,880",491679,282,136,"7,936",8272
12/8/20,482501,13094,7937,83,18370,4277,"466,321",505148,282,136,"8,000",8355
12/9/20,495579,13078,7999,62,19186,4329,"475,271",519094,287,137,"8,075",8423
12/10/20,507873,12294,8068,69,19608,4414,"487,917",531895,288,138,"8,149",8494
12/11/20,520841,12968,8158,90,20088,4536,"501,635",545465,290,138,"8,199",8586
12/12/20,534295,13454,8262,104,20400,4615,"512,872",559310,292,138,"8,269",8692
12/13/20,545631,11336,8357,95,20697,4729,"525,486",571057,295,139,"8,298",8791
12/14/20,552163,6532,8470,113,20697,4807,"532,730",577667,295,139,"8,345",8904
12/15/20,569079,16916,8591,121,21075,4822,"543,769",594976,295,139,"8,431",9025
12/16/20,586154,17075,8700,109,21973,4935,"566,005",613062,302,139,"8,568",9141
12/17/20,601890,15736,8832,132,23082,5070,"580,325",630042,306,139,"8,664",9277
12/18/20,617668,15778,8968,136,24075,5271,"596,721",647014,310,142,"8,757",9420
12/19/20,632473,14805,9120,152,24622,5389,"610,372",662484,311,144,"8,817",9575
12/20/20,644328,11855,9263,143,25049,5497,"623,670",674874,315,145,"8,875",9723
12/21/20,651088,6760,9421,158,25049,5619,"634,849",681756,315,145,"8,931",9881
12/22/20,668490,17402,9594,173,26281,5728,"647,542",700499,319,145,"9,016",10058
12/23/20,686892,18402,9761,167,26717,5812,"663,954",719421,333,146,"9,153",10240
12/24/20,703333,16441,9929,168,27719,5892,"677,299",736944,341,150,"9,299",10420
12/25/20,711722,8389,10127,198,27719,5892,"692,837",745333,341,150,"9,430",10618
12/26/20,715527,3805,10313,186,28460,5892,"706,448",749879,347,150,"9,438",10810
12/27/20,728686,13159,10534,221,29197,6170,"719,833",764053,349,151,"9,482",11034
12/28/20,736582,7896,10767,233,29197,6297,"733,325",772076,349,154,"9,555",11270
12/29/20,757001,20419,10984,217,30600,6429,"746,089",794030,358,154,"9,782",11496
12/30/20,778309,21308,11154,170,31076,6530,"756,116",815915,380,156,"10,056",11690
12/31/20,797837,19528,11379,225,31676,6654,"770,602",836167,391,157,"10,345",11927
1/1/21,808759,10922,11630,251,32368,6879,"790,582",848006,395,167,"10,552",12192
1/2/21,813850,5091,11869,239,32368,6879,"806,210",853097,395,167,"10,682",12431
1/3/21,827449,13599,12096,227,33271,6951,"818,639",867671,401,167,"10,773",12664
1/4/21,835389,7940,12346,250,33271,7010,"827,498",875670,401,167,"10,850",12914
1/5/21,856458,21069,12615,269,35136,7196,"840,611",898790,402,168,"11,071",13185
1/6/21,875733,19275,12858,243,35664,7449,"852,165",918846,420,168,"11,328",13446
1/7/21,893725,17992,13143,285,36696,7692,"871,404",938113,440,169,"11,545",13752
1/8/21,909070,15345,13386,243,37293,7895,"889,405",954258,447,171,"11,863",14004
1/9/21,923128,14058,13638,252,37681,8133,"906,171",968942,454,173,"12,084",14265
1/10/21,933594,10466,13905,267,38470,8250,"920,177",980314,460,173,"12,250",14538
1/11/21,938893,5299,14168,263,38470,8397,"932,697",985760,460,175,"12,387",14803
1/12/21,952890,13997,14419,251,38558,8513,"944,319",999961,460,176,"12,674",15055
1/13/21,965557,12667,14661,242,41079,8708,"958,497",1015344,484,184,"12,955",15329
1/14/21,976720,11163,14890,229,41625,8821,"975,299",1027166,499,186,"13,234",15575
1/15/21,987038,10318,15128,238,42281,8941,"989,928",1038260,506,189,"13,489",15823
1/16/21,996540,9502,15380,252,42888,9038,"1,003,923",1048466,520,190,"13,741",16090
1/17/21,1003403,6863,15593,213,43555,9141,"1,014,662",1056099,535,191,"13,848",16319
1/18/21,1007399,3996,15791,198,43555,9232,"1,024,190",1060186,535,191,"13,936",16517
1/19/21,1013974,6575,16000,209,43555,9339,"1,031,874",1066868,535,192,"14,122",16727
1/20/21,1023076,9102,16185,185,44418,9408,"1,038,092",1076902,535,192,"14,384",16912
1/21/21,1031611,8535,16393,208,45011,9461,"1,046,021",1086083,562,197,"14,641",17152
1/22/21,1038885,7274,16578,185,45483,9559,"1,054,802",1093927,577,203,"14,894",17358
1/23/21,1045400,6515,16766,188,45739,9655,"1,064,887",1100794,586,212,"15,162",17564
1/24/21,1049784,4384,16940,174,46281,9731,"1,073,111",1105796,596,224,"15,260",17760
1/25/21,1052907,3123,17076,136,46281,9776,"1,079,396",1108964,596,226,"15,303",17898
1/26/21,1058953,6046,17273,197,46477,9856,"1,085,044",1115286,596,237,"15,592",18106
1/27/21,1064747,5794,17417,144,46833,9944,"1,091,712",1121524,618,237,"15,897",18272
1/28/21,1069942,5195,17545,128,47205,9988,"1,097,941",1127135,634,239,"16,107",18418
1/29/21,1074614,4672,17695,150,47619,10044,"1,104,393",1132277,649,244,"16,332",18588
1/30/21,1078488,3874,17822,127,47844,10106,"1,111,089",1136438,663,251,"16,647",18736
1/31/21,1081863,3375,17973,151,48096,10156,"1,116,892",1140115,666,253,"16,770",18892
2/1/21,1084173,2310,18104,131,48096,10212,"1,120,895",1142481,666,253,"16,854",19023
2/2/21,1088665,4492,18253,149,48259,10261,"1,124,558",1147185,666,256,"17,057",19175
2/3/21,1092418,3753,18366,113,48638,10299,"1,129,503",1151355,679,263,"17,308",19308
2/4/21,1095697,3279,18483,117,48824,10340,"1,134,338",1154861,694,264,"17,539",19441
2/5/21,1098683,2986,18588,105,49045,10376,"1,138,764",1158104,705,269,"17,764",19562
2/6/21,1101414,2731,18706,118,49223,10404,"1,143,422",1161041,710,272,"17,955",19688
2/7/21,1103495,2081,18793,87,49356,10440,"1,146,450",1163291,714,272,"18,044",19779
2/8/21,1104839,1344,18879,86,49356,10473,"1,149,064",1164668,714,275,"18,135",19868
2/9/21,1107498,2659,18978,99,49603,10508,"1,152,239",1167609,722,278,"18,360",19978
2/10/21,1109551,2053,19073,95,49771,10531,"1,155,309",1169853,727,280,"18,500",20080
2/11/21,1111442,1891,19162,89,49922,10562,"1,158,619",1171926,739,287,"18,658",20188
2/12/21,1113148,1706,19266,104,50072,10587,"1,161,773",1173807,754,292,"18,789",20312
2/13/21,1114686,1538,19338,72,50196,10616,"1,164,769",1175498,768,293,"18,984",20399
2/14/21,1115821,1135,19401,63,50284,10639,"1,166,538",1176744,776,294,"19,066",20471
2/15/21,1116580,759,19458,57,50284,10653,"1,168,358",1177517,776,296,"19,095",20530
2/16/21,1117766,1186,19516,58,50284,10667,"1,169,550",1178717,776,296,"19,215",20588
2/17/21,1118951,1185,19584,68,50410,10679,"1,171,664",1180040,777,296,"19,368",20657
2/18/21,1120006,1055,19645,61,50579,10711,"1,174,340",1181296,787,299,"19,514",20731
2/19/21,1120970,964,19697,52,50662,10733,"1,176,772",1182365,797,300,"19,662",20794
2/20/21,1121851,881,19750,53,50724,10742,"1,179,063",1183317,802,303,"19,793",20855
2/21/21,1122574,723,19790,40,50800,10752,"1,180,485",1184126,808,305,"19,885",20903
2/22/21,1122997,423,19821,31,50800,10772,"1,181,403",1184569,808,305,"19,904",20934
2/23/21,1123622,625,19855,34,50855,10783,"1,183,378",1185260,808,307,"20,057",20970
2/24/21,1123701,79,19860,4,50951,10805,"1,185,457",1185457,818,309,"20,987",20987